scene_name,frame,time_s,pose.position_m.0,pose.position_m.1,pose.position_m.2,pose.rotation_deg.0,pose.rotation_deg.1,pose.rotation_deg.2,command.label,command.vx_m_s,command.vy_m_s,command.vz_m_s,command.yaw_rate_deg_s,control_mode,crazyflie_asset_path
crazyflie_room_basic,0,0.00041789999522734433,-1.45,-0.9,0.7,0.0,0.0,0.0,hover,0.0,0.0,0.0,0.0,keyboard_terminal,https://omniverse-content-production.s3-us-west-2.amazonaws.com/Assets/Isaac/5.1/Isaac/Robots/Bitcraze/Crazyflie/cf2x.usd
crazyflie_room_basic,3,0.05120899999747053,-1.45,-0.9,0.7,0.0,0.0,0.0,hover,0.0,0.0,0.0,0.0,keyboard_terminal,https://omniverse-content-production.s3-us-west-2.amazonaws.com/Assets/Isaac/5.1/Isaac/Robots/Bitcraze/Crazyflie/cf2x.usd
crazyflie_room_basic,6,0.10227339999983087,-1.45,-0.9,0.7,0.0,0.0,0.0,hover,0.0,0.0,0.0,0.0,keyboard_terminal,https://omniverse-content-production.s3-us-west-2.amazonaws.com/Assets/Isaac/5.1/Isaac/Robots/Bitcraze/Crazyflie/cf2x.usd
crazyflie_room_basic,9,0.1533214999944903,-1.45,-0.9,0.7,0.0,0.0,0.0,hover,0.0,0.0,0.0,0.0,keyboard_terminal,https://omniverse-content-production.s3-us-west-2.amazonaws.com/Assets/Isaac/5.1/Isaac/Robots/Bitcraze/Crazyflie/cf2x.usd
crazyflie_room_basic,12,0.2043491000076756,-1.45,-0.9,0.7,0.0,0.0,0.0,hover,0.0,0.0,0.0,0.0,keyboard_terminal,https://omniverse-content-production.s3-us-west-2.amazonaws.com/Assets/Isaac/5.1/Isaac/Robots/Bitcraze/Crazyflie/cf2x.usd
crazyflie_room_basic,15,0.25539150000258815,-1.45,-0.9,0.7,0.0,0.0,0.0,hover,0.0,0.0,0.0,0.0,keyboard_terminal,https://omniverse-content-production.s3-us-west-2.amazonaws.com/Assets/Isaac/5.1/Isaac/Robots/Bitcraze/Crazyflie/cf2x.usd
crazyflie_room_basic,18,0.3064587999979267,-1.45,-0.9,0.7,0.0,0.0,0.0,hover,0.0,0.0,0.0,0.0,keyboard_terminal,https://omniverse-content-production.s3-us-west-2.amazonaws.com/Assets/Isaac/5.1/Isaac/Robots/Bitcraze/Crazyflie/cf2x.usd
crazyflie_room_basic,21,0.35758009999699425,-1.45,-0.9,0.7,0.0,0.0,0.0,hover,0.0,0.0,0.0,0.0,keyboard_terminal,https://omniverse-content-production.s3-us-west-2.amazonaws.com/Assets/Isaac/5.1/Isaac/Robots/Bitcraze/Crazyflie/cf2x.usd
crazyflie_room_basic,24,0.40852969999832567,-1.45,-0.9,0.7,0.0,0.0,0.0,hover,0.0,0.0,0.0,0.0,keyboard_terminal,https://omniverse-content-production.s3-us-west-2.amazonaws.com/Assets/Isaac/5.1/Isaac/Robots/Bitcraze/Crazyflie/cf2x.usd
crazyflie_room_basic,27,0.4596587999985786,-1.45,-0.9,0.7,0.0,0.0,0.0,hover,0.0,0.0,0.0,0.0,keyboard_terminal,https://omniverse-content-production.s3-us-west-2.amazonaws.com/Assets/Isaac/5.1/Isaac/Robots/Bitcraze/Crazyflie/cf2x.usd
crazyflie_room_basic,30,0.510613899998134,-1.45,-0.9,0.7,0.0,0.0,0.0,hover,0.0,0.0,0.0,0.0,keyboard_terminal,https://omniverse-content-production.s3-us-west-2.amazonaws.com/Assets/Isaac/5.1/Isaac/Robots/Bitcraze/Crazyflie/cf2x.usd
crazyflie_room_basic,33,0.5617273999960162,-1.45,-0.9,0.7,0.0,0.0,0.0,hover,0.0,0.0,0.0,0.0,keyboard_terminal,https://omniverse-content-production.s3-us-west-2.amazonaws.com/Assets/Isaac/5.1/Isaac/Robots/Bitcraze/Crazyflie/cf2x.usd
crazyflie_room_basic,36,0.6127319999941392,-1.45,-0.9,0.7,0.0,0.0,0.0,hover,0.0,0.0,0.0,0.0,keyboard_terminal,https://omniverse-content-production.s3-us-west-2.amazonaws.com/Assets/Isaac/5.1/Isaac/Robots/Bitcraze/Crazyflie/cf2x.usd
crazyflie_room_basic,39,0.6637783000041964,-1.45,-0.9,0.7,0.0,0.0,0.0,hover,0.0,0.0,0.0,0.0,keyboard_terminal,https://omniverse-content-production.s3-us-west-2.amazonaws.com/Assets/Isaac/5.1/Isaac/Robots/Bitcraze/Crazyflie/cf2x.usd
crazyflie_room_basic,42,0.7148200999945402,-1.45,-0.9,0.7,0.0,0.0,0.0,hover,0.0,0.0,0.0,0.0,keyboard_terminal,https://omniverse-content-production.s3-us-west-2.amazonaws.com/Assets/Isaac/5.1/Isaac/Robots/Bitcraze/Crazyflie/cf2x.usd
crazyflie_room_basic,45,0.7658542999997735,-1.45,-0.9,0.7,0.0,0.0,0.0,hover,0.0,0.0,0.0,0.0,keyboard_terminal,https://omniverse-content-production.s3-us-west-2.amazonaws.com/Assets/Isaac/5.1/Isaac/Robots/Bitcraze/Crazyflie/cf2x.usd
crazyflie_room_basic,48,0.8168692000035662,-1.45,-0.9,0.7,0.0,0.0,0.0,hover,0.0,0.0,0.0,0.0,keyboard_terminal,https://omniverse-content-production.s3-us-west-2.amazonaws.com/Assets/Isaac/5.1/Isaac/Robots/Bitcraze/Crazyflie/cf2x.usd
crazyflie_room_basic,51,0.8679065000033006,-1.45,-0.9,0.7,0.0,0.0,0.0,hover,0.0,0.0,0.0,0.0,keyboard_terminal,https://omniverse-content-production.s3-us-west-2.amazonaws.com/Assets/Isaac/5.1/Isaac/Robots/Bitcraze/Crazyflie/cf2x.usd
crazyflie_room_basic,54,0.9189508999988902,-1.45,-0.9,0.7,0.0,0.0,0.0,hover,0.0,0.0,0.0,0.0,keyboard_terminal,https://omniverse-content-production.s3-us-west-2.amazonaws.com/Assets/Isaac/5.1/Isaac/Robots/Bitcraze/Crazyflie/cf2x.usd
crazyflie_room_basic,57,0.9700000000011642,-1.45,-0.9,0.7,0.0,0.0,0.0,hover,0.0,0.0,0.0,0.0,keyboard_terminal,https://omniverse-content-production.s3-us-west-2.amazonaws.com/Assets/Isaac/5.1/Isaac/Robots/Bitcraze/Crazyflie/cf2x.usd
crazyflie_room_basic,60,1.0210385999962455,-1.45,-0.9,0.7,0.0,0.0,0.0,hover,0.0,0.0,0.0,0.0,keyboard_terminal,https://omniverse-content-production.s3-us-west-2.amazonaws.com/Assets/Isaac/5.1/Isaac/Robots/Bitcraze/Crazyflie/cf2x.usd
crazyflie_room_basic,63,1.0720822000002954,-1.45,-0.9,0.7,0.0,0.0,0.0,hover,0.0,0.0,0.0,0.0,keyboard_terminal,https://omniverse-content-production.s3-us-west-2.amazonaws.com/Assets/Isaac/5.1/Isaac/Robots/Bitcraze/Crazyflie/cf2x.usd
crazyflie_room_basic,66,1.1231203000061214,-1.45,-0.9,0.7,0.0,0.0,0.0,hover,0.0,0.0,0.0,0.0,keyboard_terminal,https://omniverse-content-production.s3-us-west-2.amazonaws.com/Assets/Isaac/5.1/Isaac/Robots/Bitcraze/Crazyflie/cf2x.usd
crazyflie_room_basic,69,1.1741703000006964,-1.45,-0.9,0.7,0.0,0.0,0.0,hover,0.0,0.0,0.0,0.0,keyboard_terminal,https://omniverse-content-production.s3-us-west-2.amazonaws.com/Assets/Isaac/5.1/Isaac/Robots/Bitcraze/Crazyflie/cf2x.usd
crazyflie_room_basic,72,1.22522459999891,-1.45,-0.9,0.7,0.0,0.0,0.0,hover,0.0,0.0,0.0,0.0,keyboard_terminal,https://omniverse-content-production.s3-us-west-2.amazonaws.com/Assets/Isaac/5.1/Isaac/Robots/Bitcraze/Crazyflie/cf2x.usd
crazyflie_room_basic,75,1.2762547000020277,-1.45,-0.9,0.7,0.0,0.0,0.0,hover,0.0,0.0,0.0,0.0,keyboard_terminal,https://omniverse-content-production.s3-us-west-2.amazonaws.com/Assets/Isaac/5.1/Isaac/Robots/Bitcraze/Crazyflie/cf2x.usd
crazyflie_room_basic,78,1.3272971999977017,-1.45,-0.9,0.7,0.0,0.0,0.0,hover,0.0,0.0,0.0,0.0,keyboard_terminal,https://omniverse-content-production.s3-us-west-2.amazonaws.com/Assets/Isaac/5.1/Isaac/Robots/Bitcraze/Crazyflie/cf2x.usd
crazyflie_room_basic,81,1.378357399997185,-1.45,-0.9,0.7,0.0,0.0,0.0,hover,0.0,0.0,0.0,0.0,keyboard_terminal,https://omniverse-content-production.s3-us-west-2.amazonaws.com/Assets/Isaac/5.1/Isaac/Robots/Bitcraze/Crazyflie/cf2x.usd
crazyflie_room_basic,84,1.4293916000024183,-1.45,-0.9,0.7,0.0,0.0,0.0,hover,0.0,0.0,0.0,0.0,keyboard_terminal,https://omniverse-content-production.s3-us-west-2.amazonaws.com/Assets/Isaac/5.1/Isaac/Robots/Bitcraze/Crazyflie/cf2x.usd
crazyflie_room_basic,87,1.4804430000076536,-1.45,-0.9,0.7,0.0,0.0,0.0,hover,0.0,0.0,0.0,0.0,keyboard_terminal,https://omniverse-content-production.s3-us-west-2.amazonaws.com/Assets/Isaac/5.1/Isaac/Robots/Bitcraze/Crazyflie/cf2x.usd
crazyflie_room_basic,90,1.5314789999974892,-1.45,-0.9,0.7,0.0,0.0,0.0,hover,0.0,0.0,0.0,0.0,keyboard_terminal,https://omniverse-content-production.s3-us-west-2.amazonaws.com/Assets/Isaac/5.1/Isaac/Robots/Bitcraze/Crazyflie/cf2x.usd
crazyflie_room_basic,93,1.58253379999951,-1.45,-0.9,0.7,0.0,0.0,0.0,hover,0.0,0.0,0.0,0.0,keyboard_terminal,https://omniverse-content-production.s3-us-west-2.amazonaws.com/Assets/Isaac/5.1/Isaac/Robots/Bitcraze/Crazyflie/cf2x.usd
crazyflie_room_basic,96,1.633563099996536,-1.45,-0.9,0.7,0.0,0.0,0.0,hover,0.0,0.0,0.0,0.0,keyboard_terminal,https://omniverse-content-production.s3-us-west-2.amazonaws.com/Assets/Isaac/5.1/Isaac/Robots/Bitcraze/Crazyflie/cf2x.usd
crazyflie_room_basic,99,1.6846065999998245,-1.45,-0.9,0.7,0.0,0.0,0.0,hover,0.0,0.0,0.0,0.0,keyboard_terminal,https://omniverse-content-production.s3-us-west-2.amazonaws.com/Assets/Isaac/5.1/Isaac/Robots/Bitcraze/Crazyflie/cf2x.usd
crazyflie_room_basic,102,1.7356514999992214,-1.45,-0.9,0.7,0.0,0.0,0.0,hover,0.0,0.0,0.0,0.0,keyboard_terminal,https://omniverse-content-production.s3-us-west-2.amazonaws.com/Assets/Isaac/5.1/Isaac/Robots/Bitcraze/Crazyflie/cf2x.usd
crazyflie_room_basic,105,1.7867021999991266,-1.45,-0.9,0.7,0.0,0.0,0.0,hover,0.0,0.0,0.0,0.0,keyboard_terminal,https://omniverse-content-production.s3-us-west-2.amazonaws.com/Assets/Isaac/5.1/Isaac/Robots/Bitcraze/Crazyflie/cf2x.usd
crazyflie_room_basic,108,1.8377744000026723,-1.45,-0.9,0.7,0.0,0.0,0.0,hover,0.0,0.0,0.0,0.0,keyboard_terminal,https://omniverse-content-production.s3-us-west-2.amazonaws.com/Assets/Isaac/5.1/Isaac/Robots/Bitcraze/Crazyflie/cf2x.usd
crazyflie_room_basic,111,1.8888134000007994,-1.45,-0.9,0.7,0.0,0.0,0.0,hover,0.0,0.0,0.0,0.0,keyboard_terminal,https://omniverse-content-production.s3-us-west-2.amazonaws.com/Assets/Isaac/5.1/Isaac/Robots/Bitcraze/Crazyflie/cf2x.usd
crazyflie_room_basic,114,1.9398351999989245,-1.45,-0.9,0.7,0.0,0.0,0.0,hover,0.0,0.0,0.0,0.0,keyboard_terminal,https://omniverse-content-production.s3-us-west-2.amazonaws.com/Assets/Isaac/5.1/Isaac/Robots/Bitcraze/Crazyflie/cf2x.usd
crazyflie_room_basic,117,1.9908769000030588,-1.45,-0.9,0.7,0.0,0.0,0.0,hover,0.0,0.0,0.0,0.0,keyboard_terminal,https://omniverse-content-production.s3-us-west-2.amazonaws.com/Assets/Isaac/5.1/Isaac/Robots/Bitcraze/Crazyflie/cf2x.usd
crazyflie_room_basic,120,2.041912600005162,-1.45,-0.9,0.7,0.0,0.0,0.0,hover,0.0,0.0,0.0,0.0,keyboard_terminal,https://omniverse-content-production.s3-us-west-2.amazonaws.com/Assets/Isaac/5.1/Isaac/Robots/Bitcraze/Crazyflie/cf2x.usd
crazyflie_room_basic,123,2.0929809999943245,-1.45,-0.9,0.7,0.0,0.0,0.0,hover,0.0,0.0,0.0,0.0,keyboard_terminal,https://omniverse-content-production.s3-us-west-2.amazonaws.com/Assets/Isaac/5.1/Isaac/Robots/Bitcraze/Crazyflie/cf2x.usd
crazyflie_room_basic,126,2.14403530000709,-1.45,-0.9,0.7,0.0,0.0,0.0,hover,0.0,0.0,0.0,0.0,keyboard_terminal,https://omniverse-content-production.s3-us-west-2.amazonaws.com/Assets/Isaac/5.1/Isaac/Robots/Bitcraze/Crazyflie/cf2x.usd
crazyflie_room_basic,129,2.1950513000047067,-1.45,-0.9,0.7,0.0,0.0,0.0,hover,0.0,0.0,0.0,0.0,keyboard_terminal,https://omniverse-content-production.s3-us-west-2.amazonaws.com/Assets/Isaac/5.1/Isaac/Robots/Bitcraze/Crazyflie/cf2x.usd
crazyflie_room_basic,132,2.246149200000218,-1.45,-0.9,0.7,0.0,0.0,0.0,hover,0.0,0.0,0.0,0.0,keyboard_terminal,https://omniverse-content-production.s3-us-west-2.amazonaws.com/Assets/Isaac/5.1/Isaac/Robots/Bitcraze/Crazyflie/cf2x.usd
crazyflie_room_basic,135,2.2971274000010453,-1.45,-0.9,0.7,0.0,0.0,0.0,hover,0.0,0.0,0.0,0.0,keyboard_terminal,https://omniverse-content-production.s3-us-west-2.amazonaws.com/Assets/Isaac/5.1/Isaac/Robots/Bitcraze/Crazyflie/cf2x.usd
crazyflie_room_basic,138,2.348164099996211,-1.45,-0.9,0.7,0.0,0.0,0.0,hover,0.0,0.0,0.0,0.0,keyboard_terminal,https://omniverse-content-production.s3-us-west-2.amazonaws.com/Assets/Isaac/5.1/Isaac/Robots/Bitcraze/Crazyflie/cf2x.usd
crazyflie_room_basic,141,2.399219600003562,-1.45,-0.9,0.7,0.0,0.0,0.0,hover,0.0,0.0,0.0,0.0,keyboard_terminal,https://omniverse-content-production.s3-us-west-2.amazonaws.com/Assets/Isaac/5.1/Isaac/Robots/Bitcraze/Crazyflie/cf2x.usd
crazyflie_room_basic,144,2.450289000000339,-1.45,-0.9,0.7,0.0,0.0,0.0,hover,0.0,0.0,0.0,0.0,keyboard_terminal,https://omniverse-content-production.s3-us-west-2.amazonaws.com/Assets/Isaac/5.1/Isaac/Robots/Bitcraze/Crazyflie/cf2x.usd
crazyflie_room_basic,147,2.501310999999987,-1.45,-0.9,0.7,0.0,0.0,0.0,hover,0.0,0.0,0.0,0.0,keyboard_terminal,https://omniverse-content-production.s3-us-west-2.amazonaws.com/Assets/Isaac/5.1/Isaac/Robots/Bitcraze/Crazyflie/cf2x.usd
crazyflie_room_basic,150,2.5523517999972682,-1.45,-0.9,0.7,0.0,0.0,0.0,hover,0.0,0.0,0.0,0.0,keyboard_terminal,https://omniverse-content-production.s3-us-west-2.amazonaws.com/Assets/Isaac/5.1/Isaac/Robots/Bitcraze/Crazyflie/cf2x.usd
crazyflie_room_basic,153,2.603403300003265,-1.45,-0.9,0.7,0.0,0.0,0.0,hover,0.0,0.0,0.0,0.0,keyboard_terminal,https://omniverse-content-production.s3-us-west-2.amazonaws.com/Assets/Isaac/5.1/Isaac/Robots/Bitcraze/Crazyflie/cf2x.usd
crazyflie_room_basic,156,2.6544700999947963,-1.45,-0.9,0.7,0.0,0.0,0.0,hover,0.0,0.0,0.0,0.0,keyboard_terminal,https://omniverse-content-production.s3-us-west-2.amazonaws.com/Assets/Isaac/5.1/Isaac/Robots/Bitcraze/Crazyflie/cf2x.usd
crazyflie_room_basic,159,2.7054785000073025,-1.45,-0.9,0.7,0.0,0.0,0.0,hover,0.0,0.0,0.0,0.0,keyboard_terminal,https://omniverse-content-production.s3-us-west-2.amazonaws.com/Assets/Isaac/5.1/Isaac/Robots/Bitcraze/Crazyflie/cf2x.usd
crazyflie_room_basic,162,2.7565503000078024,-1.45,-0.9,0.7,0.0,0.0,0.0,hover,0.0,0.0,0.0,0.0,keyboard_terminal,https://omniverse-content-production.s3-us-west-2.amazonaws.com/Assets/Isaac/5.1/Isaac/Robots/Bitcraze/Crazyflie/cf2x.usd
crazyflie_room_basic,165,2.80760200000077,-1.45,-0.9,0.7,0.0,0.0,0.0,hover,0.0,0.0,0.0,0.0,keyboard_terminal,https://omniverse-content-production.s3-us-west-2.amazonaws.com/Assets/Isaac/5.1/Isaac/Robots/Bitcraze/Crazyflie/cf2x.usd
crazyflie_room_basic,168,2.8586407999973744,-1.45,-0.9,0.7,0.0,0.0,0.0,hover,0.0,0.0,0.0,0.0,keyboard_terminal,https://omniverse-content-production.s3-us-west-2.amazonaws.com/Assets/Isaac/5.1/Isaac/Robots/Bitcraze/Crazyflie/cf2x.usd
crazyflie_room_basic,171,2.909694500005571,-1.45,-0.9,0.7,0.0,0.0,0.0,hover,0.0,0.0,0.0,0.0,keyboard_terminal,https://omniverse-content-production.s3-us-west-2.amazonaws.com/Assets/Isaac/5.1/Isaac/Robots/Bitcraze/Crazyflie/cf2x.usd
crazyflie_room_basic,174,2.960704800003441,-1.45,-0.9,0.7,0.0,0.0,0.0,hover,0.0,0.0,0.0,0.0,keyboard_terminal,https://omniverse-content-production.s3-us-west-2.amazonaws.com/Assets/Isaac/5.1/Isaac/Robots/Bitcraze/Crazyflie/cf2x.usd
crazyflie_room_basic,177,3.011745099996915,-1.45,-0.9,0.7,0.0,0.0,0.0,hover,0.0,0.0,0.0,0.0,keyboard_terminal,https://omniverse-content-production.s3-us-west-2.amazonaws.com/Assets/Isaac/5.1/Isaac/Robots/Bitcraze/Crazyflie/cf2x.usd
crazyflie_room_basic,180,3.062800600004266,-1.45,-0.9,0.7,0.0,0.0,0.0,hover,0.0,0.0,0.0,0.0,keyboard_terminal,https://omniverse-content-production.s3-us-west-2.amazonaws.com/Assets/Isaac/5.1/Isaac/Robots/Bitcraze/Crazyflie/cf2x.usd
crazyflie_room_basic,183,3.113831399998162,-1.45,-0.9,0.7,0.0,0.0,0.0,hover,0.0,0.0,0.0,0.0,keyboard_terminal,https://omniverse-content-production.s3-us-west-2.amazonaws.com/Assets/Isaac/5.1/Isaac/Robots/Bitcraze/Crazyflie/cf2x.usd
crazyflie_room_basic,186,3.16488159999426,-1.45,-0.9,0.7,0.0,0.0,0.0,hover,0.0,0.0,0.0,0.0,keyboard_terminal,https://omniverse-content-production.s3-us-west-2.amazonaws.com/Assets/Isaac/5.1/Isaac/Robots/Bitcraze/Crazyflie/cf2x.usd
crazyflie_room_basic,189,3.2159185000055004,-1.45,-0.9,0.7,0.0,0.0,0.0,hover,0.0,0.0,0.0,0.0,keyboard_terminal,https://omniverse-content-production.s3-us-west-2.amazonaws.com/Assets/Isaac/5.1/Isaac/Robots/Bitcraze/Crazyflie/cf2x.usd
crazyflie_room_basic,192,3.2669792999950005,-1.45,-0.9,0.7,0.0,0.0,0.0,hover,0.0,0.0,0.0,0.0,keyboard_terminal,https://omniverse-content-production.s3-us-west-2.amazonaws.com/Assets/Isaac/5.1/Isaac/Robots/Bitcraze/Crazyflie/cf2x.usd
crazyflie_room_basic,195,3.3179977999971015,-1.45,-0.9,0.7,0.0,0.0,0.0,hover,0.0,0.0,0.0,0.0,keyboard_terminal,https://omniverse-content-production.s3-us-west-2.amazonaws.com/Assets/Isaac/5.1/Isaac/Robots/Bitcraze/Crazyflie/cf2x.usd
crazyflie_room_basic,198,3.369051400004537,-1.45,-0.9,0.7,0.0,0.0,0.0,hover,0.0,0.0,0.0,0.0,keyboard_terminal,https://omniverse-content-production.s3-us-west-2.amazonaws.com/Assets/Isaac/5.1/Isaac/Robots/Bitcraze/Crazyflie/cf2x.usd
crazyflie_room_basic,201,3.4200975999992806,-1.45,-0.9,0.7,0.0,0.0,0.0,hover,0.0,0.0,0.0,0.0,keyboard_terminal,https://omniverse-content-production.s3-us-west-2.amazonaws.com/Assets/Isaac/5.1/Isaac/Robots/Bitcraze/Crazyflie/cf2x.usd
crazyflie_room_basic,204,3.4711344999959692,-1.45,-0.9,0.7,0.0,0.0,0.0,hover,0.0,0.0,0.0,0.0,keyboard_terminal,https://omniverse-content-production.s3-us-west-2.amazonaws.com/Assets/Isaac/5.1/Isaac/Robots/Bitcraze/Crazyflie/cf2x.usd
crazyflie_room_basic,207,3.522179399995366,-1.45,-0.9,0.7,0.0,0.0,0.0,hover,0.0,0.0,0.0,0.0,keyboard_terminal,https://omniverse-content-production.s3-us-west-2.amazonaws.com/Assets/Isaac/5.1/Isaac/Robots/Bitcraze/Crazyflie/cf2x.usd
crazyflie_room_basic,210,3.57323360000737,-1.45,-0.9,0.7,0.0,0.0,0.0,hover,0.0,0.0,0.0,0.0,keyboard_terminal,https://omniverse-content-production.s3-us-west-2.amazonaws.com/Assets/Isaac/5.1/Isaac/Robots/Bitcraze/Crazyflie/cf2x.usd
crazyflie_room_basic,213,3.624282899996615,-1.45,-0.9,0.7,0.0,0.0,0.0,hover,0.0,0.0,0.0,0.0,keyboard_terminal,https://omniverse-content-production.s3-us-west-2.amazonaws.com/Assets/Isaac/5.1/Isaac/Robots/Bitcraze/Crazyflie/cf2x.usd
crazyflie_room_basic,216,3.6753209000016795,-1.45,-0.9,0.7,0.0,0.0,0.0,hover,0.0,0.0,0.0,0.0,keyboard_terminal,https://omniverse-content-production.s3-us-west-2.amazonaws.com/Assets/Isaac/5.1/Isaac/Robots/Bitcraze/Crazyflie/cf2x.usd
crazyflie_room_basic,219,3.726368100004038,-1.45,-0.9,0.7,0.0,0.0,0.0,hover,0.0,0.0,0.0,0.0,keyboard_terminal,https://omniverse-content-production.s3-us-west-2.amazonaws.com/Assets/Isaac/5.1/Isaac/Robots/Bitcraze/Crazyflie/cf2x.usd
crazyflie_room_basic,222,3.777404699998442,-1.45,-0.9,0.7,0.0,0.0,0.0,hover,0.0,0.0,0.0,0.0,keyboard_terminal,https://omniverse-content-production.s3-us-west-2.amazonaws.com/Assets/Isaac/5.1/Isaac/Robots/Bitcraze/Crazyflie/cf2x.usd
crazyflie_room_basic,225,3.8284534999984317,-1.45,-0.9,0.7,0.0,0.0,0.0,hover,0.0,0.0,0.0,0.0,keyboard_terminal,https://omniverse-content-production.s3-us-west-2.amazonaws.com/Assets/Isaac/5.1/Isaac/Robots/Bitcraze/Crazyflie/cf2x.usd
crazyflie_room_basic,228,3.879490799998166,-1.45,-0.9,0.7,0.0,0.0,0.0,hover,0.0,0.0,0.0,0.0,keyboard_terminal,https://omniverse-content-production.s3-us-west-2.amazonaws.com/Assets/Isaac/5.1/Isaac/Robots/Bitcraze/Crazyflie/cf2x.usd
crazyflie_room_basic,231,3.9305794999963837,-1.45,-0.9,0.7,0.0,0.0,0.0,hover,0.0,0.0,0.0,0.0,keyboard_terminal,https://omniverse-content-production.s3-us-west-2.amazonaws.com/Assets/Isaac/5.1/Isaac/Robots/Bitcraze/Crazyflie/cf2x.usd
crazyflie_room_basic,234,3.9816010000067763,-1.45,-0.9,0.7,0.0,0.0,0.0,hover,0.0,0.0,0.0,0.0,keyboard_terminal,https://omniverse-content-production.s3-us-west-2.amazonaws.com/Assets/Isaac/5.1/Isaac/Robots/Bitcraze/Crazyflie/cf2x.usd
crazyflie_room_basic,237,4.032654800001183,-1.45,-0.9,0.7,0.0,0.0,0.0,hover,0.0,0.0,0.0,0.0,keyboard_terminal,https://omniverse-content-production.s3-us-west-2.amazonaws.com/Assets/Isaac/5.1/Isaac/Robots/Bitcraze/Crazyflie/cf2x.usd
crazyflie_room_basic,240,4.083663199999137,-1.45,-0.9,0.7,0.0,0.0,0.0,hover,0.0,0.0,0.0,0.0,keyboard_terminal,https://omniverse-content-production.s3-us-west-2.amazonaws.com/Assets/Isaac/5.1/Isaac/Robots/Bitcraze/Crazyflie/cf2x.usd
crazyflie_room_basic,243,4.134713899999042,-1.45,-0.9,0.7,0.0,0.0,0.0,hover,0.0,0.0,0.0,0.0,keyboard_terminal,https://omniverse-content-production.s3-us-west-2.amazonaws.com/Assets/Isaac/5.1/Isaac/Robots/Bitcraze/Crazyflie/cf2x.usd
crazyflie_room_basic,246,4.185752499994123,-1.45,-0.9,0.7,0.0,0.0,0.0,hover,0.0,0.0,0.0,0.0,keyboard_terminal,https://omniverse-content-production.s3-us-west-2.amazonaws.com/Assets/Isaac/5.1/Isaac/Robots/Bitcraze/Crazyflie/cf2x.usd
crazyflie_room_basic,249,4.236787400004687,-1.45,-0.9,0.7,0.0,0.0,0.0,hover,0.0,0.0,0.0,0.0,keyboard_terminal,https://omniverse-content-production.s3-us-west-2.amazonaws.com/Assets/Isaac/5.1/Isaac/Robots/Bitcraze/Crazyflie/cf2x.usd
crazyflie_room_basic,252,4.287834500006284,-1.45,-0.9,0.7,0.0,0.0,0.0,hover,0.0,0.0,0.0,0.0,keyboard_terminal,https://omniverse-content-production.s3-us-west-2.amazonaws.com/Assets/Isaac/5.1/Isaac/Robots/Bitcraze/Crazyflie/cf2x.usd
crazyflie_room_basic,255,4.338885699995444,-1.45,-0.9,0.7,0.0,0.0,0.0,hover,0.0,0.0,0.0,0.0,keyboard_terminal,https://omniverse-content-production.s3-us-west-2.amazonaws.com/Assets/Isaac/5.1/Isaac/Robots/Bitcraze/Crazyflie/cf2x.usd
crazyflie_room_basic,258,4.389936999999918,-1.45,-0.9,0.7,0.0,0.0,0.0,hover,0.0,0.0,0.0,0.0,keyboard_terminal,https://omniverse-content-production.s3-us-west-2.amazonaws.com/Assets/Isaac/5.1/Isaac/Robots/Bitcraze/Crazyflie/cf2x.usd
crazyflie_room_basic,261,4.440969100003713,-1.45,-0.9,0.7,0.0,0.0,0.0,hover,0.0,0.0,0.0,0.0,keyboard_terminal,https://omniverse-content-production.s3-us-west-2.amazonaws.com/Assets/Isaac/5.1/Isaac/Robots/Bitcraze/Crazyflie/cf2x.usd
crazyflie_room_basic,264,4.492029500004719,-1.45,-0.9,0.7,0.0,0.0,0.0,hover,0.0,0.0,0.0,0.0,keyboard_terminal,https://omniverse-content-production.s3-us-west-2.amazonaws.com/Assets/Isaac/5.1/Isaac/Robots/Bitcraze/Crazyflie/cf2x.usd
crazyflie_room_basic,267,4.543059899995569,-1.45,-0.9,0.7,0.0,0.0,0.0,hover,0.0,0.0,0.0,0.0,keyboard_terminal,https://omniverse-content-production.s3-us-west-2.amazonaws.com/Assets/Isaac/5.1/Isaac/Robots/Bitcraze/Crazyflie/cf2x.usd
crazyflie_room_basic,270,4.594101099995896,-1.45,-0.9,0.7,0.0,0.0,0.0,hover,0.0,0.0,0.0,0.0,keyboard_terminal,https://omniverse-content-production.s3-us-west-2.amazonaws.com/Assets/Isaac/5.1/Isaac/Robots/Bitcraze/Crazyflie/cf2x.usd
crazyflie_room_basic,273,4.645149799995124,-1.45,-0.9,0.7,0.0,0.0,0.0,hover,0.0,0.0,0.0,0.0,keyboard_terminal,https://omniverse-content-production.s3-us-west-2.amazonaws.com/Assets/Isaac/5.1/Isaac/Robots/Bitcraze/Crazyflie/cf2x.usd
crazyflie_room_basic,276,4.69619459999376,-1.45,-0.9,0.7,0.0,0.0,0.0,hover,0.0,0.0,0.0,0.0,keyboard_terminal,https://omniverse-content-production.s3-us-west-2.amazonaws.com/Assets/Isaac/5.1/Isaac/Robots/Bitcraze/Crazyflie/cf2x.usd
crazyflie_room_basic,279,4.747230399996624,-1.45,-0.9,0.7,0.0,0.0,0.0,hover,0.0,0.0,0.0,0.0,keyboard_terminal,https://omniverse-content-production.s3-us-west-2.amazonaws.com/Assets/Isaac/5.1/Isaac/Robots/Bitcraze/Crazyflie/cf2x.usd
crazyflie_room_basic,282,4.798286100005498,-1.45,-0.9,0.7,0.0,0.0,0.0,hover,0.0,0.0,0.0,0.0,keyboard_terminal,https://omniverse-content-production.s3-us-west-2.amazonaws.com/Assets/Isaac/5.1/Isaac/Robots/Bitcraze/Crazyflie/cf2x.usd
crazyflie_room_basic,285,4.8493224999983795,-1.45,-0.9,0.7,0.0,0.0,0.0,hover,0.0,0.0,0.0,0.0,keyboard_terminal,https://omniverse-content-production.s3-us-west-2.amazonaws.com/Assets/Isaac/5.1/Isaac/Robots/Bitcraze/Crazyflie/cf2x.usd
crazyflie_room_basic,288,4.90036460000556,-1.45,-0.9,0.7,0.0,0.0,0.0,hover,0.0,0.0,0.0,0.0,keyboard_terminal,https://omniverse-content-production.s3-us-west-2.amazonaws.com/Assets/Isaac/5.1/Isaac/Robots/Bitcraze/Crazyflie/cf2x.usd
crazyflie_room_basic,291,4.951414800001658,-1.45,-0.9,0.7,0.0,0.0,0.0,hover,0.0,0.0,0.0,0.0,keyboard_terminal,https://omniverse-content-production.s3-us-west-2.amazonaws.com/Assets/Isaac/5.1/Isaac/Robots/Bitcraze/Crazyflie/cf2x.usd
crazyflie_room_basic,294,5.0024627999955555,-1.45,-0.9,0.7,0.0,0.0,0.0,hover,0.0,0.0,0.0,0.0,keyboard_terminal,https://omniverse-content-production.s3-us-west-2.amazonaws.com/Assets/Isaac/5.1/Isaac/Robots/Bitcraze/Crazyflie/cf2x.usd
crazyflie_room_basic,297,5.053510300000198,-1.45,-0.9,0.7,0.0,0.0,0.0,hover,0.0,0.0,0.0,0.0,keyboard_terminal,https://omniverse-content-production.s3-us-west-2.amazonaws.com/Assets/Isaac/5.1/Isaac/Robots/Bitcraze/Crazyflie/cf2x.usd
crazyflie_room_basic,300,5.104547099996125,-1.45,-0.9,0.7,0.0,0.0,0.0,hover,0.0,0.0,0.0,0.0,keyboard_terminal,https://omniverse-content-production.s3-us-west-2.amazonaws.com/Assets/Isaac/5.1/Isaac/Robots/Bitcraze/Crazyflie/cf2x.usd
crazyflie_room_basic,303,5.155578699996113,-1.45,-0.9,0.7,0.0,0.0,0.0,hover,0.0,0.0,0.0,0.0,keyboard_terminal,https://omniverse-content-production.s3-us-west-2.amazonaws.com/Assets/Isaac/5.1/Isaac/Robots/Bitcraze/Crazyflie/cf2x.usd
crazyflie_room_basic,306,5.206629399996018,-1.45,-0.9,0.7,0.0,0.0,0.0,hover,0.0,0.0,0.0,0.0,keyboard_terminal,https://omniverse-content-production.s3-us-west-2.amazonaws.com/Assets/Isaac/5.1/Isaac/Robots/Bitcraze/Crazyflie/cf2x.usd
crazyflie_room_basic,309,5.257681200004299,-1.45,-0.9,0.7,0.0,0.0,0.0,hover,0.0,0.0,0.0,0.0,keyboard_terminal,https://omniverse-content-production.s3-us-west-2.amazonaws.com/Assets/Isaac/5.1/Isaac/Robots/Bitcraze/Crazyflie/cf2x.usd
crazyflie_room_basic,312,5.308722999994643,-1.45,-0.9,0.7,0.0,0.0,0.0,hover,0.0,0.0,0.0,0.0,keyboard_terminal,https://omniverse-content-production.s3-us-west-2.amazonaws.com/Assets/Isaac/5.1/Isaac/Robots/Bitcraze/Crazyflie/cf2x.usd
crazyflie_room_basic,315,5.3597604999959,-1.45,-0.9,0.7,0.0,0.0,0.0,hover,0.0,0.0,0.0,0.0,keyboard_terminal,https://omniverse-content-production.s3-us-west-2.amazonaws.com/Assets/Isaac/5.1/Isaac/Robots/Bitcraze/Crazyflie/cf2x.usd
crazyflie_room_basic,318,5.410798500000965,-1.45,-0.9,0.7,0.0,0.0,0.0,hover,0.0,0.0,0.0,0.0,keyboard_terminal,https://omniverse-content-production.s3-us-west-2.amazonaws.com/Assets/Isaac/5.1/Isaac/Robots/Bitcraze/Crazyflie/cf2x.usd
crazyflie_room_basic,321,5.4618388999952,-1.45,-0.9,0.7,0.0,0.0,0.0,hover,0.0,0.0,0.0,0.0,keyboard_terminal,https://omniverse-content-production.s3-us-west-2.amazonaws.com/Assets/Isaac/5.1/Isaac/Robots/Bitcraze/Crazyflie/cf2x.usd
crazyflie_room_basic,324,5.512887999997474,-1.45,-0.9,0.7,0.0,0.0,0.0,hover,0.0,0.0,0.0,0.0,keyboard_terminal,https://omniverse-content-production.s3-us-west-2.amazonaws.com/Assets/Isaac/5.1/Isaac/Robots/Bitcraze/Crazyflie/cf2x.usd
crazyflie_room_basic,327,5.563933900004486,-1.45,-0.9,0.7,0.0,0.0,0.0,hover,0.0,0.0,0.0,0.0,keyboard_terminal,https://omniverse-content-production.s3-us-west-2.amazonaws.com/Assets/Isaac/5.1/Isaac/Robots/Bitcraze/Crazyflie/cf2x.usd
crazyflie_room_basic,330,5.614971899994998,-1.45,-0.9,0.7,0.0,0.0,0.0,hover,0.0,0.0,0.0,0.0,keyboard_terminal,https://omniverse-content-production.s3-us-west-2.amazonaws.com/Assets/Isaac/5.1/Isaac/Robots/Bitcraze/Crazyflie/cf2x.usd
crazyflie_room_basic,333,5.666017700001248,-1.45,-0.9,0.7,0.0,0.0,0.0,hover,0.0,0.0,0.0,0.0,keyboard_terminal,https://omniverse-content-production.s3-us-west-2.amazonaws.com/Assets/Isaac/5.1/Isaac/Robots/Bitcraze/Crazyflie/cf2x.usd
crazyflie_room_basic,336,5.717063100004452,-1.45,-0.9,0.7,0.0,0.0,0.0,hover,0.0,0.0,0.0,0.0,keyboard_terminal,https://omniverse-content-production.s3-us-west-2.amazonaws.com/Assets/Isaac/5.1/Isaac/Robots/Bitcraze/Crazyflie/cf2x.usd
crazyflie_room_basic,339,5.768115300001227,-1.45,-0.9,0.7,0.0,0.0,0.0,hover,0.0,0.0,0.0,0.0,keyboard_terminal,https://omniverse-content-production.s3-us-west-2.amazonaws.com/Assets/Isaac/5.1/Isaac/Robots/Bitcraze/Crazyflie/cf2x.usd
crazyflie_room_basic,342,5.819166700006463,-1.45,-0.9,0.7,0.0,0.0,0.0,hover,0.0,0.0,0.0,0.0,keyboard_terminal,https://omniverse-content-production.s3-us-west-2.amazonaws.com/Assets/Isaac/5.1/Isaac/Robots/Bitcraze/Crazyflie/cf2x.usd
crazyflie_room_basic,345,5.8701912999968044,-1.45,-0.9,0.7,0.0,0.0,0.0,hover,0.0,0.0,0.0,0.0,keyboard_terminal,https://omniverse-content-production.s3-us-west-2.amazonaws.com/Assets/Isaac/5.1/Isaac/Robots/Bitcraze/Crazyflie/cf2x.usd
crazyflie_room_basic,348,5.92123160000483,-1.45,-0.9,0.7,0.0,0.0,0.0,hover,0.0,0.0,0.0,0.0,keyboard_terminal,https://omniverse-content-production.s3-us-west-2.amazonaws.com/Assets/Isaac/5.1/Isaac/Robots/Bitcraze/Crazyflie/cf2x.usd
crazyflie_room_basic,351,5.9723010000016075,-1.45,-0.9,0.7,0.0,0.0,0.0,hover,0.0,0.0,0.0,0.0,keyboard_terminal,https://omniverse-content-production.s3-us-west-2.amazonaws.com/Assets/Isaac/5.1/Isaac/Robots/Bitcraze/Crazyflie/cf2x.usd
crazyflie_room_basic,354,6.0233205999975326,-1.45,-0.9,0.7,0.0,0.0,0.0,hover,0.0,0.0,0.0,0.0,keyboard_terminal,https://omniverse-content-production.s3-us-west-2.amazonaws.com/Assets/Isaac/5.1/Isaac/Robots/Bitcraze/Crazyflie/cf2x.usd
crazyflie_room_basic,357,6.074369099995238,-1.45,-0.9,0.7,0.0,0.0,0.0,hover,0.0,0.0,0.0,0.0,keyboard_terminal,https://omniverse-content-production.s3-us-west-2.amazonaws.com/Assets/Isaac/5.1/Isaac/Robots/Bitcraze/Crazyflie/cf2x.usd
crazyflie_room_basic,360,6.125419000003603,-1.45,-0.9,0.7,0.0,0.0,0.0,hover,0.0,0.0,0.0,0.0,keyboard_terminal,https://omniverse-content-production.s3-us-west-2.amazonaws.com/Assets/Isaac/5.1/Isaac/Robots/Bitcraze/Crazyflie/cf2x.usd
crazyflie_room_basic,363,6.176471500002663,-1.45,-0.9,0.7,0.0,0.0,0.0,hover,0.0,0.0,0.0,0.0,keyboard_terminal,https://omniverse-content-production.s3-us-west-2.amazonaws.com/Assets/Isaac/5.1/Isaac/Robots/Bitcraze/Crazyflie/cf2x.usd
crazyflie_room_basic,366,6.227500499997404,-1.45,-0.9,0.7,0.0,0.0,0.0,hover,0.0,0.0,0.0,0.0,keyboard_terminal,https://omniverse-content-production.s3-us-west-2.amazonaws.com/Assets/Isaac/5.1/Isaac/Robots/Bitcraze/Crazyflie/cf2x.usd
crazyflie_room_basic,369,6.278555700002471,-1.45,-0.9,0.7,0.0,0.0,0.0,hover,0.0,0.0,0.0,0.0,keyboard_terminal,https://omniverse-content-production.s3-us-west-2.amazonaws.com/Assets/Isaac/5.1/Isaac/Robots/Bitcraze/Crazyflie/cf2x.usd
crazyflie_room_basic,372,6.329598700001952,-1.45,-0.9,0.7,0.0,0.0,0.0,hover,0.0,0.0,0.0,0.0,keyboard_terminal,https://omniverse-content-production.s3-us-west-2.amazonaws.com/Assets/Isaac/5.1/Isaac/Robots/Bitcraze/Crazyflie/cf2x.usd
crazyflie_room_basic,375,6.380639099996188,-1.45,-0.9,0.7,0.0,0.0,0.0,hover,0.0,0.0,0.0,0.0,keyboard_terminal,https://omniverse-content-production.s3-us-west-2.amazonaws.com/Assets/Isaac/5.1/Isaac/Robots/Bitcraze/Crazyflie/cf2x.usd
crazyflie_room_basic,378,6.431684900002438,-1.45,-0.9,0.7,0.0,0.0,0.0,hover,0.0,0.0,0.0,0.0,keyboard_terminal,https://omniverse-content-production.s3-us-west-2.amazonaws.com/Assets/Isaac/5.1/Isaac/Robots/Bitcraze/Crazyflie/cf2x.usd
crazyflie_room_basic,381,6.482728200004203,-1.45,-0.9,0.7,0.0,0.0,0.0,hover,0.0,0.0,0.0,0.0,keyboard_terminal,https://omniverse-content-production.s3-us-west-2.amazonaws.com/Assets/Isaac/5.1/Isaac/Robots/Bitcraze/Crazyflie/cf2x.usd
crazyflie_room_basic,384,6.533766199994716,-1.45,-0.9,0.7,0.0,0.0,0.0,hover,0.0,0.0,0.0,0.0,keyboard_terminal,https://omniverse-content-production.s3-us-west-2.amazonaws.com/Assets/Isaac/5.1/Isaac/Robots/Bitcraze/Crazyflie/cf2x.usd
crazyflie_room_basic,387,6.584801100005279,-1.45,-0.9,0.7,0.0,0.0,0.0,hover,0.0,0.0,0.0,0.0,keyboard_terminal,https://omniverse-content-production.s3-us-west-2.amazonaws.com/Assets/Isaac/5.1/Isaac/Robots/Bitcraze/Crazyflie/cf2x.usd
crazyflie_room_basic,390,6.635868500001379,-1.45,-0.9,0.7,0.0,0.0,0.0,hover,0.0,0.0,0.0,0.0,keyboard_terminal,https://omniverse-content-production.s3-us-west-2.amazonaws.com/Assets/Isaac/5.1/Isaac/Robots/Bitcraze/Crazyflie/cf2x.usd
crazyflie_room_basic,393,6.686891200006357,-1.45,-0.9,0.7,0.0,0.0,0.0,hover,0.0,0.0,0.0,0.0,keyboard_terminal,https://omniverse-content-production.s3-us-west-2.amazonaws.com/Assets/Isaac/5.1/Isaac/Robots/Bitcraze/Crazyflie/cf2x.usd
crazyflie_room_basic,396,6.737940799997887,-1.45,-0.9,0.7,0.0,0.0,0.0,hover,0.0,0.0,0.0,0.0,keyboard_terminal,https://omniverse-content-production.s3-us-west-2.amazonaws.com/Assets/Isaac/5.1/Isaac/Robots/Bitcraze/Crazyflie/cf2x.usd
crazyflie_room_basic,399,6.788987299994915,-1.45,-0.9,0.7,0.0,0.0,0.0,hover,0.0,0.0,0.0,0.0,keyboard_terminal,https://omniverse-content-production.s3-us-west-2.amazonaws.com/Assets/Isaac/5.1/Isaac/Robots/Bitcraze/Crazyflie/cf2x.usd
crazyflie_room_basic,402,6.840021700001671,-1.45,-0.9,0.7,0.0,0.0,0.0,hover,0.0,0.0,0.0,0.0,keyboard_terminal,https://omniverse-content-production.s3-us-west-2.amazonaws.com/Assets/Isaac/5.1/Isaac/Robots/Bitcraze/Crazyflie/cf2x.usd
crazyflie_room_basic,405,6.891060499998275,-1.45,-0.9,0.7,0.0,0.0,0.0,hover,0.0,0.0,0.0,0.0,keyboard_terminal,https://omniverse-content-production.s3-us-west-2.amazonaws.com/Assets/Isaac/5.1/Isaac/Robots/Bitcraze/Crazyflie/cf2x.usd
crazyflie_room_basic,408,6.942114300007233,-1.45,-0.9,0.7,0.0,0.0,0.0,hover,0.0,0.0,0.0,0.0,keyboard_terminal,https://omniverse-content-production.s3-us-west-2.amazonaws.com/Assets/Isaac/5.1/Isaac/Robots/Bitcraze/Crazyflie/cf2x.usd
crazyflie_room_basic,411,6.993153899995377,-1.45,-0.9,0.7,0.0,0.0,0.0,hover,0.0,0.0,0.0,0.0,keyboard_terminal,https://omniverse-content-production.s3-us-west-2.amazonaws.com/Assets/Isaac/5.1/Isaac/Robots/Bitcraze/Crazyflie/cf2x.usd
crazyflie_room_basic,414,7.0442035000014585,-1.45,-0.9,0.7,0.0,0.0,0.0,hover,0.0,0.0,0.0,0.0,keyboard_terminal,https://omniverse-content-production.s3-us-west-2.amazonaws.com/Assets/Isaac/5.1/Isaac/Robots/Bitcraze/Crazyflie/cf2x.usd
crazyflie_room_basic,417,7.095246700002463,-1.45,-0.9,0.7,0.0,0.0,0.0,hover,0.0,0.0,0.0,0.0,keyboard_terminal,https://omniverse-content-production.s3-us-west-2.amazonaws.com/Assets/Isaac/5.1/Isaac/Robots/Bitcraze/Crazyflie/cf2x.usd
crazyflie_room_basic,420,7.146292000004905,-1.45,-0.9,0.7,0.0,0.0,0.0,hover,0.0,0.0,0.0,0.0,keyboard_terminal,https://omniverse-content-production.s3-us-west-2.amazonaws.com/Assets/Isaac/5.1/Isaac/Robots/Bitcraze/Crazyflie/cf2x.usd
crazyflie_room_basic,423,7.197366599997622,-1.45,-0.9,0.7,0.0,0.0,0.0,hover,0.0,0.0,0.0,0.0,keyboard_terminal,https://omniverse-content-production.s3-us-west-2.amazonaws.com/Assets/Isaac/5.1/Isaac/Robots/Bitcraze/Crazyflie/cf2x.usd
crazyflie_room_basic,426,7.248384399994393,-1.45,-0.9,0.7,0.0,0.0,0.0,hover,0.0,0.0,0.0,0.0,keyboard_terminal,https://omniverse-content-production.s3-us-west-2.amazonaws.com/Assets/Isaac/5.1/Isaac/Robots/Bitcraze/Crazyflie/cf2x.usd
crazyflie_room_basic,429,7.299423999997089,-1.45,-0.9,0.7,0.0,0.0,0.0,hover,0.0,0.0,0.0,0.0,keyboard_terminal,https://omniverse-content-production.s3-us-west-2.amazonaws.com/Assets/Isaac/5.1/Isaac/Robots/Bitcraze/Crazyflie/cf2x.usd
crazyflie_room_basic,432,7.350511600001482,-1.45,-0.9,0.7,0.0,0.0,0.0,hover,0.0,0.0,0.0,0.0,keyboard_terminal,https://omniverse-content-production.s3-us-west-2.amazonaws.com/Assets/Isaac/5.1/Isaac/Robots/Bitcraze/Crazyflie/cf2x.usd
crazyflie_room_basic,435,7.401509600007557,-1.45,-0.9,0.7,0.0,0.0,0.0,hover,0.0,0.0,0.0,0.0,keyboard_terminal,https://omniverse-content-production.s3-us-west-2.amazonaws.com/Assets/Isaac/5.1/Isaac/Robots/Bitcraze/Crazyflie/cf2x.usd
crazyflie_room_basic,438,7.4525604999944335,-1.45,-0.9,0.7,0.0,0.0,0.0,hover,0.0,0.0,0.0,0.0,keyboard_terminal,https://omniverse-content-production.s3-us-west-2.amazonaws.com/Assets/Isaac/5.1/Isaac/Robots/Bitcraze/Crazyflie/cf2x.usd
crazyflie_room_basic,441,7.5036070000060135,-1.45,-0.9,0.7,0.0,0.0,0.0,hover,0.0,0.0,0.0,0.0,keyboard_terminal,https://omniverse-content-production.s3-us-west-2.amazonaws.com/Assets/Isaac/5.1/Isaac/Robots/Bitcraze/Crazyflie/cf2x.usd
crazyflie_room_basic,444,7.554694699996617,-1.45,-0.9,0.7,0.0,0.0,0.0,hover,0.0,0.0,0.0,0.0,keyboard_terminal,https://omniverse-content-production.s3-us-west-2.amazonaws.com/Assets/Isaac/5.1/Isaac/Robots/Bitcraze/Crazyflie/cf2x.usd
crazyflie_room_basic,447,7.6057028000068385,-1.45,-0.9,0.7,0.0,0.0,0.0,hover,0.0,0.0,0.0,0.0,keyboard_terminal,https://omniverse-content-production.s3-us-west-2.amazonaws.com/Assets/Isaac/5.1/Isaac/Robots/Bitcraze/Crazyflie/cf2x.usd
crazyflie_room_basic,450,7.656736300006742,-1.45,-0.9,0.7,0.0,0.0,0.0,hover,0.0,0.0,0.0,0.0,keyboard_terminal,https://omniverse-content-production.s3-us-west-2.amazonaws.com/Assets/Isaac/5.1/Isaac/Robots/Bitcraze/Crazyflie/cf2x.usd
crazyflie_room_basic,453,7.707788600004278,-1.45,-0.9,0.7,0.0,0.0,0.0,hover,0.0,0.0,0.0,0.0,keyboard_terminal,https://omniverse-content-production.s3-us-west-2.amazonaws.com/Assets/Isaac/5.1/Isaac/Robots/Bitcraze/Crazyflie/cf2x.usd
crazyflie_room_basic,456,7.7588107000046875,-1.45,-0.9,0.7,0.0,0.0,0.0,hover,0.0,0.0,0.0,0.0,keyboard_terminal,https://omniverse-content-production.s3-us-west-2.amazonaws.com/Assets/Isaac/5.1/Isaac/Robots/Bitcraze/Crazyflie/cf2x.usd
crazyflie_room_basic,459,7.809871799996472,-1.45,-0.9,0.7,0.0,0.0,0.0,hover,0.0,0.0,0.0,0.0,keyboard_terminal,https://omniverse-content-production.s3-us-west-2.amazonaws.com/Assets/Isaac/5.1/Isaac/Robots/Bitcraze/Crazyflie/cf2x.usd
crazyflie_room_basic,462,7.860904000001028,-1.45,-0.9,0.7,0.0,0.0,0.0,hover,0.0,0.0,0.0,0.0,keyboard_terminal,https://omniverse-content-production.s3-us-west-2.amazonaws.com/Assets/Isaac/5.1/Isaac/Robots/Bitcraze/Crazyflie/cf2x.usd
crazyflie_room_basic,465,7.912005100006354,-1.45,-0.9,0.7,0.0,0.0,0.0,hover,0.0,0.0,0.0,0.0,keyboard_terminal,https://omniverse-content-production.s3-us-west-2.amazonaws.com/Assets/Isaac/5.1/Isaac/Robots/Bitcraze/Crazyflie/cf2x.usd
crazyflie_room_basic,468,7.962985399994068,-1.45,-0.9,0.7,0.0,0.0,0.0,hover,0.0,0.0,0.0,0.0,keyboard_terminal,https://omniverse-content-production.s3-us-west-2.amazonaws.com/Assets/Isaac/5.1/Isaac/Robots/Bitcraze/Crazyflie/cf2x.usd
crazyflie_room_basic,471,8.014026799995918,-1.45,-0.9,0.7,0.0,0.0,0.0,hover,0.0,0.0,0.0,0.0,keyboard_terminal,https://omniverse-content-production.s3-us-west-2.amazonaws.com/Assets/Isaac/5.1/Isaac/Robots/Bitcraze/Crazyflie/cf2x.usd
crazyflie_room_basic,474,8.065073000005214,-1.45,-0.9,0.7,0.0,0.0,0.0,hover,0.0,0.0,0.0,0.0,keyboard_terminal,https://omniverse-content-production.s3-us-west-2.amazonaws.com/Assets/Isaac/5.1/Isaac/Robots/Bitcraze/Crazyflie/cf2x.usd
crazyflie_room_basic,477,8.116115299999365,-1.45,-0.9,0.7,0.0,0.0,0.0,hover,0.0,0.0,0.0,0.0,keyboard_terminal,https://omniverse-content-production.s3-us-west-2.amazonaws.com/Assets/Isaac/5.1/Isaac/Robots/Bitcraze/Crazyflie/cf2x.usd
crazyflie_room_basic,480,8.167162099998677,-1.45,-0.9,0.7,0.0,0.0,0.0,hover,0.0,0.0,0.0,0.0,keyboard_terminal,https://omniverse-content-production.s3-us-west-2.amazonaws.com/Assets/Isaac/5.1/Isaac/Robots/Bitcraze/Crazyflie/cf2x.usd
crazyflie_room_basic,483,8.218207300000358,-1.45,-0.9,0.7,0.0,0.0,0.0,hover,0.0,0.0,0.0,0.0,keyboard_terminal,https://omniverse-content-production.s3-us-west-2.amazonaws.com/Assets/Isaac/5.1/Isaac/Robots/Bitcraze/Crazyflie/cf2x.usd
crazyflie_room_basic,486,8.269251300007454,-1.45,-0.9,0.7,0.0,0.0,0.0,hover,0.0,0.0,0.0,0.0,keyboard_terminal,https://omniverse-content-production.s3-us-west-2.amazonaws.com/Assets/Isaac/5.1/Isaac/Robots/Bitcraze/Crazyflie/cf2x.usd
crazyflie_room_basic,489,8.320308299997123,-1.45,-0.9,0.7,0.0,0.0,0.0,hover,0.0,0.0,0.0,0.0,keyboard_terminal,https://omniverse-content-production.s3-us-west-2.amazonaws.com/Assets/Isaac/5.1/Isaac/Robots/Bitcraze/Crazyflie/cf2x.usd
crazyflie_room_basic,492,8.371340800003964,-1.45,-0.9,0.7,0.0,0.0,0.0,hover,0.0,0.0,0.0,0.0,keyboard_terminal,https://omniverse-content-production.s3-us-west-2.amazonaws.com/Assets/Isaac/5.1/Isaac/Robots/Bitcraze/Crazyflie/cf2x.usd
crazyflie_room_basic,495,8.42238059999363,-1.45,-0.9,0.7,0.0,0.0,0.0,hover,0.0,0.0,0.0,0.0,keyboard_terminal,https://omniverse-content-production.s3-us-west-2.amazonaws.com/Assets/Isaac/5.1/Isaac/Robots/Bitcraze/Crazyflie/cf2x.usd
crazyflie_room_basic,498,8.473424499999965,-1.45,-0.9,0.7,0.0,0.0,0.0,hover,0.0,0.0,0.0,0.0,keyboard_terminal,https://omniverse-content-production.s3-us-west-2.amazonaws.com/Assets/Isaac/5.1/Isaac/Robots/Bitcraze/Crazyflie/cf2x.usd
crazyflie_room_basic,501,8.524470500007737,-1.45,-0.9,0.7,0.0,0.0,0.0,hover,0.0,0.0,0.0,0.0,keyboard_terminal,https://omniverse-content-production.s3-us-west-2.amazonaws.com/Assets/Isaac/5.1/Isaac/Robots/Bitcraze/Crazyflie/cf2x.usd
crazyflie_room_basic,504,8.575519000005443,-1.45,-0.9,0.7,0.0,0.0,0.0,hover,0.0,0.0,0.0,0.0,keyboard_terminal,https://omniverse-content-production.s3-us-west-2.amazonaws.com/Assets/Isaac/5.1/Isaac/Robots/Bitcraze/Crazyflie/cf2x.usd
crazyflie_room_basic,507,8.626562300007208,-1.45,-0.9,0.7,0.0,0.0,0.0,hover,0.0,0.0,0.0,0.0,keyboard_terminal,https://omniverse-content-production.s3-us-west-2.amazonaws.com/Assets/Isaac/5.1/Isaac/Robots/Bitcraze/Crazyflie/cf2x.usd
crazyflie_room_basic,510,8.677617099994677,-1.45,-0.9,0.7,0.0,0.0,0.0,hover,0.0,0.0,0.0,0.0,keyboard_terminal,https://omniverse-content-production.s3-us-west-2.amazonaws.com/Assets/Isaac/5.1/Isaac/Robots/Bitcraze/Crazyflie/cf2x.usd
crazyflie_room_basic,513,8.728642600006424,-1.45,-0.9,0.7,0.0,0.0,0.0,hover,0.0,0.0,0.0,0.0,keyboard_terminal,https://omniverse-content-production.s3-us-west-2.amazonaws.com/Assets/Isaac/5.1/Isaac/Robots/Bitcraze/Crazyflie/cf2x.usd
crazyflie_room_basic,516,8.779691799994907,-1.45,-0.9,0.7,0.0,0.0,0.0,hover,0.0,0.0,0.0,0.0,keyboard_terminal,https://omniverse-content-production.s3-us-west-2.amazonaws.com/Assets/Isaac/5.1/Isaac/Robots/Bitcraze/Crazyflie/cf2x.usd
crazyflie_room_basic,519,8.830730500005302,-1.45,-0.9,0.7,0.0,0.0,0.0,hover,0.0,0.0,0.0,0.0,keyboard_terminal,https://omniverse-content-production.s3-us-west-2.amazonaws.com/Assets/Isaac/5.1/Isaac/Robots/Bitcraze/Crazyflie/cf2x.usd
crazyflie_room_basic,522,8.881777999995393,-1.45,-0.9,0.7,0.0,0.0,0.0,hover,0.0,0.0,0.0,0.0,keyboard_terminal,https://omniverse-content-production.s3-us-west-2.amazonaws.com/Assets/Isaac/5.1/Isaac/Robots/Bitcraze/Crazyflie/cf2x.usd
crazyflie_room_basic,525,8.932818100001896,-1.45,-0.9,0.7,0.0,0.0,0.0,hover,0.0,0.0,0.0,0.0,keyboard_terminal,https://omniverse-content-production.s3-us-west-2.amazonaws.com/Assets/Isaac/5.1/Isaac/Robots/Bitcraze/Crazyflie/cf2x.usd
crazyflie_room_basic,528,8.983862299995963,-1.45,-0.9,0.7,0.0,0.0,0.0,hover,0.0,0.0,0.0,0.0,keyboard_terminal,https://omniverse-content-production.s3-us-west-2.amazonaws.com/Assets/Isaac/5.1/Isaac/Robots/Bitcraze/Crazyflie/cf2x.usd
crazyflie_room_basic,531,9.034905000007711,-1.45,-0.9,0.7,0.0,0.0,0.0,hover,0.0,0.0,0.0,0.0,keyboard_terminal,https://omniverse-content-production.s3-us-west-2.amazonaws.com/Assets/Isaac/5.1/Isaac/Robots/Bitcraze/Crazyflie/cf2x.usd
crazyflie_room_basic,534,9.085949500004062,-1.45,-0.9,0.7,0.0,0.0,0.0,hover,0.0,0.0,0.0,0.0,keyboard_terminal,https://omniverse-content-production.s3-us-west-2.amazonaws.com/Assets/Isaac/5.1/Isaac/Robots/Bitcraze/Crazyflie/cf2x.usd
crazyflie_room_basic,537,9.137048200005665,-1.45,-0.9,0.7,0.0,0.0,0.0,hover,0.0,0.0,0.0,0.0,keyboard_terminal,https://omniverse-content-production.s3-us-west-2.amazonaws.com/Assets/Isaac/5.1/Isaac/Robots/Bitcraze/Crazyflie/cf2x.usd
crazyflie_room_basic,540,9.188035700004548,-1.45,-0.9,0.7,0.0,0.0,0.0,hover,0.0,0.0,0.0,0.0,keyboard_terminal,https://omniverse-content-production.s3-us-west-2.amazonaws.com/Assets/Isaac/5.1/Isaac/Robots/Bitcraze/Crazyflie/cf2x.usd
crazyflie_room_basic,543,9.239077799997176,-1.45,-0.9,0.7,0.0,0.0,0.0,hover,0.0,0.0,0.0,0.0,keyboard_terminal,https://omniverse-content-production.s3-us-west-2.amazonaws.com/Assets/Isaac/5.1/Isaac/Robots/Bitcraze/Crazyflie/cf2x.usd
crazyflie_room_basic,546,9.290121300000465,-1.45,-0.9,0.7,0.0,0.0,0.0,hover,0.0,0.0,0.0,0.0,keyboard_terminal,https://omniverse-content-production.s3-us-west-2.amazonaws.com/Assets/Isaac/5.1/Isaac/Robots/Bitcraze/Crazyflie/cf2x.usd
crazyflie_room_basic,549,9.341171099993517,-1.45,-0.9,0.7,0.0,0.0,0.0,hover,0.0,0.0,0.0,0.0,keyboard_terminal,https://omniverse-content-production.s3-us-west-2.amazonaws.com/Assets/Isaac/5.1/Isaac/Robots/Bitcraze/Crazyflie/cf2x.usd
crazyflie_room_basic,552,9.392207299999427,-1.45,-0.9,0.7,0.0,0.0,0.0,hover,0.0,0.0,0.0,0.0,keyboard_terminal,https://omniverse-content-production.s3-us-west-2.amazonaws.com/Assets/Isaac/5.1/Isaac/Robots/Bitcraze/Crazyflie/cf2x.usd
crazyflie_room_basic,555,9.443254400001024,-1.45,-0.9,0.7,0.0,0.0,0.0,hover,0.0,0.0,0.0,0.0,keyboard_terminal,https://omniverse-content-production.s3-us-west-2.amazonaws.com/Assets/Isaac/5.1/Isaac/Robots/Bitcraze/Crazyflie/cf2x.usd
crazyflie_room_basic,558,9.494298799996614,-1.45,-0.9,0.7,0.0,0.0,0.0,hover,0.0,0.0,0.0,0.0,keyboard_terminal,https://omniverse-content-production.s3-us-west-2.amazonaws.com/Assets/Isaac/5.1/Isaac/Robots/Bitcraze/Crazyflie/cf2x.usd
crazyflie_room_basic,561,9.545343899997533,-1.45,-0.9,0.7,0.0,0.0,0.0,hover,0.0,0.0,0.0,0.0,keyboard_terminal,https://omniverse-content-production.s3-us-west-2.amazonaws.com/Assets/Isaac/5.1/Isaac/Robots/Bitcraze/Crazyflie/cf2x.usd
crazyflie_room_basic,564,9.596388999998453,-1.45,-0.9,0.7,0.0,0.0,0.0,hover,0.0,0.0,0.0,0.0,keyboard_terminal,https://omniverse-content-production.s3-us-west-2.amazonaws.com/Assets/Isaac/5.1/Isaac/Robots/Bitcraze/Crazyflie/cf2x.usd
crazyflie_room_basic,567,9.647433599995566,-1.45,-0.9,0.7,0.0,0.0,0.0,hover,0.0,0.0,0.0,0.0,keyboard_terminal,https://omniverse-content-production.s3-us-west-2.amazonaws.com/Assets/Isaac/5.1/Isaac/Robots/Bitcraze/Crazyflie/cf2x.usd
crazyflie_room_basic,570,9.698499599995557,-1.45,-0.9,0.7,0.0,0.0,0.0,hover,0.0,0.0,0.0,0.0,keyboard_terminal,https://omniverse-content-production.s3-us-west-2.amazonaws.com/Assets/Isaac/5.1/Isaac/Robots/Bitcraze/Crazyflie/cf2x.usd
crazyflie_room_basic,573,9.749515699993935,-1.45,-0.9,0.7,0.0,0.0,0.0,hover,0.0,0.0,0.0,0.0,keyboard_terminal,https://omniverse-content-production.s3-us-west-2.amazonaws.com/Assets/Isaac/5.1/Isaac/Robots/Bitcraze/Crazyflie/cf2x.usd
crazyflie_room_basic,576,9.806076399996527,-1.45,-0.9,0.7,0.0,0.0,0.0,hover,0.0,0.0,0.0,0.0,keyboard_terminal,https://omniverse-content-production.s3-us-west-2.amazonaws.com/Assets/Isaac/5.1/Isaac/Robots/Bitcraze/Crazyflie/cf2x.usd
crazyflie_room_basic,579,9.857125900001847,-1.45,-0.9,0.7,0.0,0.0,0.0,hover,0.0,0.0,0.0,0.0,keyboard_terminal,https://omniverse-content-production.s3-us-west-2.amazonaws.com/Assets/Isaac/5.1/Isaac/Robots/Bitcraze/Crazyflie/cf2x.usd
crazyflie_room_basic,582,9.908164799999213,-1.45,-0.9,0.7,0.0,0.0,0.0,hover,0.0,0.0,0.0,0.0,keyboard_terminal,https://omniverse-content-production.s3-us-west-2.amazonaws.com/Assets/Isaac/5.1/Isaac/Robots/Bitcraze/Crazyflie/cf2x.usd
crazyflie_room_basic,585,9.959209199994802,-1.45,-0.9,0.7,0.0,0.0,0.0,hover,0.0,0.0,0.0,0.0,keyboard_terminal,https://omniverse-content-production.s3-us-west-2.amazonaws.com/Assets/Isaac/5.1/Isaac/Robots/Bitcraze/Crazyflie/cf2x.usd
crazyflie_room_basic,588,10.010252799998852,-1.45,-0.9,0.7,0.0,0.0,0.0,hover,0.0,0.0,0.0,0.0,keyboard_terminal,https://omniverse-content-production.s3-us-west-2.amazonaws.com/Assets/Isaac/5.1/Isaac/Robots/Bitcraze/Crazyflie/cf2x.usd
crazyflie_room_basic,591,10.061308400006965,-1.45,-0.9,0.7,0.0,0.0,0.0,hover,0.0,0.0,0.0,0.0,keyboard_terminal,https://omniverse-content-production.s3-us-west-2.amazonaws.com/Assets/Isaac/5.1/Isaac/Robots/Bitcraze/Crazyflie/cf2x.usd
crazyflie_room_basic,594,10.112337400001707,-1.45,-0.9,0.7,0.0,0.0,0.0,hover,0.0,0.0,0.0,0.0,keyboard_terminal,https://omniverse-content-production.s3-us-west-2.amazonaws.com/Assets/Isaac/5.1/Isaac/Robots/Bitcraze/Crazyflie/cf2x.usd
crazyflie_room_basic,597,10.16337310000381,-1.45,-0.9,0.7,0.0,0.0,0.0,hover,0.0,0.0,0.0,0.0,keyboard_terminal,https://omniverse-content-production.s3-us-west-2.amazonaws.com/Assets/Isaac/5.1/Isaac/Robots/Bitcraze/Crazyflie/cf2x.usd
crazyflie_room_basic,600,10.214420000003884,-1.45,-0.9,0.7,0.0,0.0,0.0,hover,0.0,0.0,0.0,0.0,keyboard_terminal,https://omniverse-content-production.s3-us-west-2.amazonaws.com/Assets/Isaac/5.1/Isaac/Robots/Bitcraze/Crazyflie/cf2x.usd
crazyflie_room_basic,603,10.265469799996936,-1.45,-0.9,0.7,0.0,0.0,0.0,hover,0.0,0.0,0.0,0.0,keyboard_terminal,https://omniverse-content-production.s3-us-west-2.amazonaws.com/Assets/Isaac/5.1/Isaac/Robots/Bitcraze/Crazyflie/cf2x.usd
crazyflie_room_basic,606,10.316510200005723,-1.45,-0.9,0.7,0.0,0.0,0.0,hover,0.0,0.0,0.0,0.0,keyboard_terminal,https://omniverse-content-production.s3-us-west-2.amazonaws.com/Assets/Isaac/5.1/Isaac/Robots/Bitcraze/Crazyflie/cf2x.usd
crazyflie_room_basic,609,10.36755510000512,-1.45,-0.9,0.7,0.0,0.0,0.0,hover,0.0,0.0,0.0,0.0,keyboard_terminal,https://omniverse-content-production.s3-us-west-2.amazonaws.com/Assets/Isaac/5.1/Isaac/Robots/Bitcraze/Crazyflie/cf2x.usd
crazyflie_room_basic,612,10.418593199996394,-1.45,-0.9,0.7,0.0,0.0,0.0,hover,0.0,0.0,0.0,0.0,keyboard_terminal,https://omniverse-content-production.s3-us-west-2.amazonaws.com/Assets/Isaac/5.1/Isaac/Robots/Bitcraze/Crazyflie/cf2x.usd
crazyflie_room_basic,615,10.469639100003405,-1.45,-0.9,0.7,0.0,0.0,0.0,hover,0.0,0.0,0.0,0.0,keyboard_terminal,https://omniverse-content-production.s3-us-west-2.amazonaws.com/Assets/Isaac/5.1/Isaac/Robots/Bitcraze/Crazyflie/cf2x.usd
crazyflie_room_basic,618,10.520683299997472,-1.45,-0.9,0.7,0.0,0.0,0.0,hover,0.0,0.0,0.0,0.0,keyboard_terminal,https://omniverse-content-production.s3-us-west-2.amazonaws.com/Assets/Isaac/5.1/Isaac/Robots/Bitcraze/Crazyflie/cf2x.usd
crazyflie_room_basic,621,10.571733100005076,-1.45,-0.9,0.7,0.0,0.0,0.0,hover,0.0,0.0,0.0,0.0,keyboard_terminal,https://omniverse-content-production.s3-us-west-2.amazonaws.com/Assets/Isaac/5.1/Isaac/Robots/Bitcraze/Crazyflie/cf2x.usd
crazyflie_room_basic,624,10.622770800007856,-1.45,-0.9,0.7,0.0,0.0,0.0,hover,0.0,0.0,0.0,0.0,keyboard_terminal,https://omniverse-content-production.s3-us-west-2.amazonaws.com/Assets/Isaac/5.1/Isaac/Robots/Bitcraze/Crazyflie/cf2x.usd
crazyflie_room_basic,627,10.673813999994309,-1.45,-0.9,0.7,0.0,0.0,0.0,hover,0.0,0.0,0.0,0.0,keyboard_terminal,https://omniverse-content-production.s3-us-west-2.amazonaws.com/Assets/Isaac/5.1/Isaac/Robots/Bitcraze/Crazyflie/cf2x.usd
crazyflie_room_basic,630,10.724860400005127,-1.45,-0.9,0.7,0.0,0.0,0.0,hover,0.0,0.0,0.0,0.0,keyboard_terminal,https://omniverse-content-production.s3-us-west-2.amazonaws.com/Assets/Isaac/5.1/Isaac/Robots/Bitcraze/Crazyflie/cf2x.usd
crazyflie_room_basic,633,10.775902499997756,-1.45,-0.9,0.7,0.0,0.0,0.0,hover,0.0,0.0,0.0,0.0,keyboard_terminal,https://omniverse-content-production.s3-us-west-2.amazonaws.com/Assets/Isaac/5.1/Isaac/Robots/Bitcraze/Crazyflie/cf2x.usd
crazyflie_room_basic,636,10.826942400002736,-1.45,-0.9,0.7,0.0,0.0,0.0,hover,0.0,0.0,0.0,0.0,keyboard_terminal,https://omniverse-content-production.s3-us-west-2.amazonaws.com/Assets/Isaac/5.1/Isaac/Robots/Bitcraze/Crazyflie/cf2x.usd
crazyflie_room_basic,639,10.877991700006532,-1.45,-0.9,0.7,0.0,0.0,0.0,hover,0.0,0.0,0.0,0.0,keyboard_terminal,https://omniverse-content-production.s3-us-west-2.amazonaws.com/Assets/Isaac/5.1/Isaac/Robots/Bitcraze/Crazyflie/cf2x.usd
crazyflie_room_basic,642,10.929035399996792,-1.45,-0.9,0.7,0.0,0.0,0.0,hover,0.0,0.0,0.0,0.0,keyboard_terminal,https://omniverse-content-production.s3-us-west-2.amazonaws.com/Assets/Isaac/5.1/Isaac/Robots/Bitcraze/Crazyflie/cf2x.usd
crazyflie_room_basic,645,10.98007229999348,-1.45,-0.9,0.7,0.0,0.0,0.0,hover,0.0,0.0,0.0,0.0,keyboard_terminal,https://omniverse-content-production.s3-us-west-2.amazonaws.com/Assets/Isaac/5.1/Isaac/Robots/Bitcraze/Crazyflie/cf2x.usd
crazyflie_room_basic,648,11.031119899998885,-1.45,-0.9,0.7,0.0,0.0,0.0,hover,0.0,0.0,0.0,0.0,keyboard_terminal,https://omniverse-content-production.s3-us-west-2.amazonaws.com/Assets/Isaac/5.1/Isaac/Robots/Bitcraze/Crazyflie/cf2x.usd
crazyflie_room_basic,651,11.082177899996168,-1.45,-0.9,0.7,0.0,0.0,0.0,hover,0.0,0.0,0.0,0.0,keyboard_terminal,https://omniverse-content-production.s3-us-west-2.amazonaws.com/Assets/Isaac/5.1/Isaac/Robots/Bitcraze/Crazyflie/cf2x.usd
crazyflie_room_basic,654,11.133200500000385,-1.45,-0.9,0.7,0.0,0.0,0.0,hover,0.0,0.0,0.0,0.0,keyboard_terminal,https://omniverse-content-production.s3-us-west-2.amazonaws.com/Assets/Isaac/5.1/Isaac/Robots/Bitcraze/Crazyflie/cf2x.usd
crazyflie_room_basic,657,11.184247700002743,-1.45,-0.9,0.7,0.0,0.0,0.0,hover,0.0,0.0,0.0,0.0,keyboard_terminal,https://omniverse-content-production.s3-us-west-2.amazonaws.com/Assets/Isaac/5.1/Isaac/Robots/Bitcraze/Crazyflie/cf2x.usd
crazyflie_room_basic,660,11.235292800003663,-1.45,-0.9,0.7,0.0,0.0,0.0,hover,0.0,0.0,0.0,0.0,keyboard_terminal,https://omniverse-content-production.s3-us-west-2.amazonaws.com/Assets/Isaac/5.1/Isaac/Robots/Bitcraze/Crazyflie/cf2x.usd
crazyflie_room_basic,663,11.286349800007883,-1.45,-0.9,0.7,0.0,0.0,0.0,hover,0.0,0.0,0.0,0.0,keyboard_terminal,https://omniverse-content-production.s3-us-west-2.amazonaws.com/Assets/Isaac/5.1/Isaac/Robots/Bitcraze/Crazyflie/cf2x.usd
crazyflie_room_basic,666,11.337390800006688,-1.45,-0.9,0.7,0.0,0.0,0.0,hover,0.0,0.0,0.0,0.0,keyboard_terminal,https://omniverse-content-production.s3-us-west-2.amazonaws.com/Assets/Isaac/5.1/Isaac/Robots/Bitcraze/Crazyflie/cf2x.usd
crazyflie_room_basic,669,11.388418700007605,-1.45,-0.9,0.7,0.0,0.0,0.0,hover,0.0,0.0,0.0,0.0,keyboard_terminal,https://omniverse-content-production.s3-us-west-2.amazonaws.com/Assets/Isaac/5.1/Isaac/Robots/Bitcraze/Crazyflie/cf2x.usd
crazyflie_room_basic,672,11.43946799999685,-1.45,-0.9,0.7,0.0,0.0,0.0,hover,0.0,0.0,0.0,0.0,keyboard_terminal,https://omniverse-content-production.s3-us-west-2.amazonaws.com/Assets/Isaac/5.1/Isaac/Robots/Bitcraze/Crazyflie/cf2x.usd
crazyflie_room_basic,675,11.490512000003946,-1.45,-0.9,0.7,0.0,0.0,0.0,hover,0.0,0.0,0.0,0.0,keyboard_terminal,https://omniverse-content-production.s3-us-west-2.amazonaws.com/Assets/Isaac/5.1/Isaac/Robots/Bitcraze/Crazyflie/cf2x.usd
crazyflie_room_basic,678,11.541613199995481,-1.45,-0.9,0.7,0.0,0.0,0.0,hover,0.0,0.0,0.0,0.0,keyboard_terminal,https://omniverse-content-production.s3-us-west-2.amazonaws.com/Assets/Isaac/5.1/Isaac/Robots/Bitcraze/Crazyflie/cf2x.usd
crazyflie_room_basic,681,11.592649099999107,-1.45,-0.9,0.7,0.0,0.0,0.0,hover,0.0,0.0,0.0,0.0,keyboard_terminal,https://omniverse-content-production.s3-us-west-2.amazonaws.com/Assets/Isaac/5.1/Isaac/Robots/Bitcraze/Crazyflie/cf2x.usd
crazyflie_room_basic,684,11.643647899996722,-1.45,-0.9,0.7,0.0,0.0,0.0,hover,0.0,0.0,0.0,0.0,keyboard_terminal,https://omniverse-content-production.s3-us-west-2.amazonaws.com/Assets/Isaac/5.1/Isaac/Robots/Bitcraze/Crazyflie/cf2x.usd
crazyflie_room_basic,687,11.694695199999842,-1.45,-0.9,0.7,0.0,0.0,0.0,hover,0.0,0.0,0.0,0.0,keyboard_terminal,https://omniverse-content-production.s3-us-west-2.amazonaws.com/Assets/Isaac/5.1/Isaac/Robots/Bitcraze/Crazyflie/cf2x.usd
crazyflie_room_basic,690,11.745734199997969,-1.45,-0.9,0.7,0.0,0.0,0.0,hover,0.0,0.0,0.0,0.0,keyboard_terminal,https://omniverse-content-production.s3-us-west-2.amazonaws.com/Assets/Isaac/5.1/Isaac/Robots/Bitcraze/Crazyflie/cf2x.usd
crazyflie_room_basic,693,11.796776300005149,-1.45,-0.9,0.7,0.0,0.0,0.0,hover,0.0,0.0,0.0,0.0,keyboard_terminal,https://omniverse-content-production.s3-us-west-2.amazonaws.com/Assets/Isaac/5.1/Isaac/Robots/Bitcraze/Crazyflie/cf2x.usd
crazyflie_room_basic,696,11.84782969999651,-1.45,-0.9,0.7,0.0,0.0,0.0,hover,0.0,0.0,0.0,0.0,keyboard_terminal,https://omniverse-content-production.s3-us-west-2.amazonaws.com/Assets/Isaac/5.1/Isaac/Robots/Bitcraze/Crazyflie/cf2x.usd
crazyflie_room_basic,699,11.898885100003099,-1.45,-0.9,0.7,0.0,0.0,0.0,hover,0.0,0.0,0.0,0.0,keyboard_terminal,https://omniverse-content-production.s3-us-west-2.amazonaws.com/Assets/Isaac/5.1/Isaac/Robots/Bitcraze/Crazyflie/cf2x.usd
crazyflie_room_basic,702,11.949912900003255,-1.45,-0.9,0.7,0.0,0.0,0.0,hover,0.0,0.0,0.0,0.0,keyboard_terminal,https://omniverse-content-production.s3-us-west-2.amazonaws.com/Assets/Isaac/5.1/Isaac/Robots/Bitcraze/Crazyflie/cf2x.usd
crazyflie_room_basic,705,12.000959500001045,-1.45,-0.9,0.7,0.0,0.0,0.0,hover,0.0,0.0,0.0,0.0,keyboard_terminal,https://omniverse-content-production.s3-us-west-2.amazonaws.com/Assets/Isaac/5.1/Isaac/Robots/Bitcraze/Crazyflie/cf2x.usd
crazyflie_room_basic,708,12.051998900002218,-1.45,-0.9,0.7,0.0,0.0,0.0,hover,0.0,0.0,0.0,0.0,keyboard_terminal,https://omniverse-content-production.s3-us-west-2.amazonaws.com/Assets/Isaac/5.1/Isaac/Robots/Bitcraze/Crazyflie/cf2x.usd
crazyflie_room_basic,711,12.103050699995947,-1.45,-0.9,0.7,0.0,0.0,0.0,hover,0.0,0.0,0.0,0.0,keyboard_terminal,https://omniverse-content-production.s3-us-west-2.amazonaws.com/Assets/Isaac/5.1/Isaac/Robots/Bitcraze/Crazyflie/cf2x.usd
crazyflie_room_basic,714,12.154082900000503,-1.45,-0.9,0.7,0.0,0.0,0.0,hover,0.0,0.0,0.0,0.0,keyboard_terminal,https://omniverse-content-production.s3-us-west-2.amazonaws.com/Assets/Isaac/5.1/Isaac/Robots/Bitcraze/Crazyflie/cf2x.usd
crazyflie_room_basic,717,12.205126900007599,-1.45,-0.9,0.7,0.0,0.0,0.0,hover,0.0,0.0,0.0,0.0,keyboard_terminal,https://omniverse-content-production.s3-us-west-2.amazonaws.com/Assets/Isaac/5.1/Isaac/Robots/Bitcraze/Crazyflie/cf2x.usd
crazyflie_room_basic,720,12.25617069999862,-1.45,-0.9,0.7,0.0,0.0,0.0,hover,0.0,0.0,0.0,0.0,keyboard_terminal,https://omniverse-content-production.s3-us-west-2.amazonaws.com/Assets/Isaac/5.1/Isaac/Robots/Bitcraze/Crazyflie/cf2x.usd
crazyflie_room_basic,723,12.307214400003431,-1.45,-0.9,0.7,0.0,0.0,0.0,hover,0.0,0.0,0.0,0.0,keyboard_terminal,https://omniverse-content-production.s3-us-west-2.amazonaws.com/Assets/Isaac/5.1/Isaac/Robots/Bitcraze/Crazyflie/cf2x.usd
crazyflie_room_basic,726,12.35825649999606,-1.45,-0.9,0.7,0.0,0.0,0.0,hover,0.0,0.0,0.0,0.0,keyboard_terminal,https://omniverse-content-production.s3-us-west-2.amazonaws.com/Assets/Isaac/5.1/Isaac/Robots/Bitcraze/Crazyflie/cf2x.usd
crazyflie_room_basic,729,12.409304200002225,-1.45,-0.9,0.7,0.0,0.0,0.0,hover,0.0,0.0,0.0,0.0,keyboard_terminal,https://omniverse-content-production.s3-us-west-2.amazonaws.com/Assets/Isaac/5.1/Isaac/Robots/Bitcraze/Crazyflie/cf2x.usd
crazyflie_room_basic,732,12.460350399996969,-1.45,-0.9,0.7,0.0,0.0,0.0,hover,0.0,0.0,0.0,0.0,keyboard_terminal,https://omniverse-content-production.s3-us-west-2.amazonaws.com/Assets/Isaac/5.1/Isaac/Robots/Bitcraze/Crazyflie/cf2x.usd
crazyflie_room_basic,735,12.511392300002626,-1.45,-0.9,0.7,0.0,0.0,0.0,hover,0.0,0.0,0.0,0.0,keyboard_terminal,https://omniverse-content-production.s3-us-west-2.amazonaws.com/Assets/Isaac/5.1/Isaac/Robots/Bitcraze/Crazyflie/cf2x.usd
crazyflie_room_basic,738,12.562432200007606,-1.45,-0.9,0.7,0.0,0.0,0.0,hover,0.0,0.0,0.0,0.0,keyboard_terminal,https://omniverse-content-production.s3-us-west-2.amazonaws.com/Assets/Isaac/5.1/Isaac/Robots/Bitcraze/Crazyflie/cf2x.usd
crazyflie_room_basic,741,12.613474600002519,-1.45,-0.9,0.7,0.0,0.0,0.0,hover,0.0,0.0,0.0,0.0,keyboard_terminal,https://omniverse-content-production.s3-us-west-2.amazonaws.com/Assets/Isaac/5.1/Isaac/Robots/Bitcraze/Crazyflie/cf2x.usd
crazyflie_room_basic,744,12.664522399994894,-1.45,-0.9,0.7,0.0,0.0,0.0,hover,0.0,0.0,0.0,0.0,keyboard_terminal,https://omniverse-content-production.s3-us-west-2.amazonaws.com/Assets/Isaac/5.1/Isaac/Robots/Bitcraze/Crazyflie/cf2x.usd
crazyflie_room_basic,747,12.715562099998351,-1.45,-0.9,0.7,0.0,0.0,0.0,hover,0.0,0.0,0.0,0.0,keyboard_terminal,https://omniverse-content-production.s3-us-west-2.amazonaws.com/Assets/Isaac/5.1/Isaac/Robots/Bitcraze/Crazyflie/cf2x.usd
crazyflie_room_basic,750,12.766608899997664,-1.45,-0.9,0.7,0.0,0.0,0.0,hover,0.0,0.0,0.0,0.0,keyboard_terminal,https://omniverse-content-production.s3-us-west-2.amazonaws.com/Assets/Isaac/5.1/Isaac/Robots/Bitcraze/Crazyflie/cf2x.usd
crazyflie_room_basic,753,12.817645799994352,-1.45,-0.9,0.7,0.0,0.0,0.0,hover,0.0,0.0,0.0,0.0,keyboard_terminal,https://omniverse-content-production.s3-us-west-2.amazonaws.com/Assets/Isaac/5.1/Isaac/Robots/Bitcraze/Crazyflie/cf2x.usd
crazyflie_room_basic,756,12.868693199998233,-1.45,-0.9,0.7,0.0,0.0,0.0,hover,0.0,0.0,0.0,0.0,keyboard_terminal,https://omniverse-content-production.s3-us-west-2.amazonaws.com/Assets/Isaac/5.1/Isaac/Robots/Bitcraze/Crazyflie/cf2x.usd
crazyflie_room_basic,759,12.919744400001946,-1.45,-0.9,0.7,0.0,0.0,0.0,hover,0.0,0.0,0.0,0.0,keyboard_terminal,https://omniverse-content-production.s3-us-west-2.amazonaws.com/Assets/Isaac/5.1/Isaac/Robots/Bitcraze/Crazyflie/cf2x.usd
crazyflie_room_basic,762,12.970787199999904,-1.45,-0.9,0.7,0.0,0.0,0.0,hover,0.0,0.0,0.0,0.0,keyboard_terminal,https://omniverse-content-production.s3-us-west-2.amazonaws.com/Assets/Isaac/5.1/Isaac/Robots/Bitcraze/Crazyflie/cf2x.usd
crazyflie_room_basic,765,13.021840600005817,-1.45,-0.9,0.7,0.0,0.0,0.0,hover,0.0,0.0,0.0,0.0,keyboard_terminal,https://omniverse-content-production.s3-us-west-2.amazonaws.com/Assets/Isaac/5.1/Isaac/Robots/Bitcraze/Crazyflie/cf2x.usd
crazyflie_room_basic,768,13.072874300007243,-1.45,-0.9,0.7,0.0,0.0,0.0,hover,0.0,0.0,0.0,0.0,keyboard_terminal,https://omniverse-content-production.s3-us-west-2.amazonaws.com/Assets/Isaac/5.1/Isaac/Robots/Bitcraze/Crazyflie/cf2x.usd
crazyflie_room_basic,771,13.123935399999027,-1.45,-0.9,0.7,0.0,0.0,0.0,hover,0.0,0.0,0.0,0.0,keyboard_terminal,https://omniverse-content-production.s3-us-west-2.amazonaws.com/Assets/Isaac/5.1/Isaac/Robots/Bitcraze/Crazyflie/cf2x.usd
crazyflie_room_basic,774,13.174968399995123,-1.45,-0.9,0.7,0.0,0.0,0.0,hover,0.0,0.0,0.0,0.0,keyboard_terminal,https://omniverse-content-production.s3-us-west-2.amazonaws.com/Assets/Isaac/5.1/Isaac/Robots/Bitcraze/Crazyflie/cf2x.usd
crazyflie_room_basic,777,13.226000099995872,-1.45,-0.9,0.7,0.0,0.0,0.0,hover,0.0,0.0,0.0,0.0,keyboard_terminal,https://omniverse-content-production.s3-us-west-2.amazonaws.com/Assets/Isaac/5.1/Isaac/Robots/Bitcraze/Crazyflie/cf2x.usd
crazyflie_room_basic,780,13.277046799994423,-1.45,-0.9,0.7,0.0,0.0,0.0,hover,0.0,0.0,0.0,0.0,keyboard_terminal,https://omniverse-content-production.s3-us-west-2.amazonaws.com/Assets/Isaac/5.1/Isaac/Robots/Bitcraze/Crazyflie/cf2x.usd
crazyflie_room_basic,783,13.328093000003719,-1.45,-0.9,0.7,0.0,0.0,0.0,hover,0.0,0.0,0.0,0.0,keyboard_terminal,https://omniverse-content-production.s3-us-west-2.amazonaws.com/Assets/Isaac/5.1/Isaac/Robots/Bitcraze/Crazyflie/cf2x.usd
crazyflie_room_basic,786,13.37913750000007,-1.45,-0.9,0.7,0.0,0.0,0.0,hover,0.0,0.0,0.0,0.0,keyboard_terminal,https://omniverse-content-production.s3-us-west-2.amazonaws.com/Assets/Isaac/5.1/Isaac/Robots/Bitcraze/Crazyflie/cf2x.usd
crazyflie_room_basic,789,13.43017669999972,-1.45,-0.9,0.7,0.0,0.0,0.0,hover,0.0,0.0,0.0,0.0,keyboard_terminal,https://omniverse-content-production.s3-us-west-2.amazonaws.com/Assets/Isaac/5.1/Isaac/Robots/Bitcraze/Crazyflie/cf2x.usd
crazyflie_room_basic,792,13.481216200001654,-1.45,-0.9,0.7,0.0,0.0,0.0,hover,0.0,0.0,0.0,0.0,keyboard_terminal,https://omniverse-content-production.s3-us-west-2.amazonaws.com/Assets/Isaac/5.1/Isaac/Robots/Bitcraze/Crazyflie/cf2x.usd
crazyflie_room_basic,795,13.532260599997244,-1.45,-0.9,0.7,0.0,0.0,0.0,hover,0.0,0.0,0.0,0.0,keyboard_terminal,https://omniverse-content-production.s3-us-west-2.amazonaws.com/Assets/Isaac/5.1/Isaac/Robots/Bitcraze/Crazyflie/cf2x.usd
crazyflie_room_basic,798,13.583308600005694,-1.45,-0.9,0.7,0.0,0.0,0.0,hover,0.0,0.0,0.0,0.0,keyboard_terminal,https://omniverse-content-production.s3-us-west-2.amazonaws.com/Assets/Isaac/5.1/Isaac/Robots/Bitcraze/Crazyflie/cf2x.usd
crazyflie_room_basic,801,13.634373399996548,-1.45,-0.9,0.7,0.0,0.0,0.0,hover,0.0,0.0,0.0,0.0,keyboard_terminal,https://omniverse-content-production.s3-us-west-2.amazonaws.com/Assets/Isaac/5.1/Isaac/Robots/Bitcraze/Crazyflie/cf2x.usd
crazyflie_room_basic,804,13.685398899993743,-1.45,-0.9,0.7,0.0,0.0,0.0,hover,0.0,0.0,0.0,0.0,keyboard_terminal,https://omniverse-content-production.s3-us-west-2.amazonaws.com/Assets/Isaac/5.1/Isaac/Robots/Bitcraze/Crazyflie/cf2x.usd
crazyflie_room_basic,807,13.736452700002701,-1.45,-0.9,0.7,0.0,0.0,0.0,hover,0.0,0.0,0.0,0.0,keyboard_terminal,https://omniverse-content-production.s3-us-west-2.amazonaws.com/Assets/Isaac/5.1/Isaac/Robots/Bitcraze/Crazyflie/cf2x.usd
crazyflie_room_basic,810,13.787491600000067,-1.45,-0.9,0.7,0.0,0.0,0.0,hover,0.0,0.0,0.0,0.0,keyboard_terminal,https://omniverse-content-production.s3-us-west-2.amazonaws.com/Assets/Isaac/5.1/Isaac/Robots/Bitcraze/Crazyflie/cf2x.usd
crazyflie_room_basic,813,13.838536099996418,-1.45,-0.9,0.7,0.0,0.0,0.0,hover,0.0,0.0,0.0,0.0,keyboard_terminal,https://omniverse-content-production.s3-us-west-2.amazonaws.com/Assets/Isaac/5.1/Isaac/Robots/Bitcraze/Crazyflie/cf2x.usd
crazyflie_room_basic,816,13.88957620000292,-1.45,-0.9,0.7,0.0,0.0,0.0,hover,0.0,0.0,0.0,0.0,keyboard_terminal,https://omniverse-content-production.s3-us-west-2.amazonaws.com/Assets/Isaac/5.1/Isaac/Robots/Bitcraze/Crazyflie/cf2x.usd
crazyflie_room_basic,819,13.940626399999019,-1.45,-0.9,0.7,0.0,0.0,0.0,hover,0.0,0.0,0.0,0.0,keyboard_terminal,https://omniverse-content-production.s3-us-west-2.amazonaws.com/Assets/Isaac/5.1/Isaac/Robots/Bitcraze/Crazyflie/cf2x.usd
crazyflie_room_basic,822,13.991660200001206,-1.45,-0.9,0.7,0.0,0.0,0.0,hover,0.0,0.0,0.0,0.0,keyboard_terminal,https://omniverse-content-production.s3-us-west-2.amazonaws.com/Assets/Isaac/5.1/Isaac/Robots/Bitcraze/Crazyflie/cf2x.usd
crazyflie_room_basic,825,14.042706799998996,-1.45,-0.9,0.7,0.0,0.0,0.0,hover,0.0,0.0,0.0,0.0,keyboard_terminal,https://omniverse-content-production.s3-us-west-2.amazonaws.com/Assets/Isaac/5.1/Isaac/Robots/Bitcraze/Crazyflie/cf2x.usd
crazyflie_room_basic,828,14.093748300001607,-1.45,-0.9,0.7,0.0,0.0,0.0,hover,0.0,0.0,0.0,0.0,keyboard_terminal,https://omniverse-content-production.s3-us-west-2.amazonaws.com/Assets/Isaac/5.1/Isaac/Robots/Bitcraze/Crazyflie/cf2x.usd
crazyflie_room_basic,831,14.144791200000327,-1.45,-0.9,0.7,0.0,0.0,0.0,hover,0.0,0.0,0.0,0.0,keyboard_terminal,https://omniverse-content-production.s3-us-west-2.amazonaws.com/Assets/Isaac/5.1/Isaac/Robots/Bitcraze/Crazyflie/cf2x.usd
crazyflie_room_basic,834,14.195829500007676,-1.45,-0.9,0.7,0.0,0.0,0.0,hover,0.0,0.0,0.0,0.0,keyboard_terminal,https://omniverse-content-production.s3-us-west-2.amazonaws.com/Assets/Isaac/5.1/Isaac/Robots/Bitcraze/Crazyflie/cf2x.usd
crazyflie_room_basic,837,14.24687719999929,-1.45,-0.9,0.7,0.0,0.0,0.0,hover,0.0,0.0,0.0,0.0,keyboard_terminal,https://omniverse-content-production.s3-us-west-2.amazonaws.com/Assets/Isaac/5.1/Isaac/Robots/Bitcraze/Crazyflie/cf2x.usd
crazyflie_room_basic,840,14.297913999995217,-1.45,-0.9,0.7,0.0,0.0,0.0,hover,0.0,0.0,0.0,0.0,keyboard_terminal,https://omniverse-content-production.s3-us-west-2.amazonaws.com/Assets/Isaac/5.1/Isaac/Robots/Bitcraze/Crazyflie/cf2x.usd
crazyflie_room_basic,843,14.348974499996984,-1.45,-0.9,0.7,0.0,0.0,0.0,hover,0.0,0.0,0.0,0.0,keyboard_terminal,https://omniverse-content-production.s3-us-west-2.amazonaws.com/Assets/Isaac/5.1/Isaac/Robots/Bitcraze/Crazyflie/cf2x.usd
crazyflie_room_basic,846,14.400005600007717,-1.45,-0.9,0.7,0.0,0.0,0.0,hover,0.0,0.0,0.0,0.0,keyboard_terminal,https://omniverse-content-production.s3-us-west-2.amazonaws.com/Assets/Isaac/5.1/Isaac/Robots/Bitcraze/Crazyflie/cf2x.usd
crazyflie_room_basic,849,14.451054400007706,-1.45,-0.9,0.7,0.0,0.0,0.0,hover,0.0,0.0,0.0,0.0,keyboard_terminal,https://omniverse-content-production.s3-us-west-2.amazonaws.com/Assets/Isaac/5.1/Isaac/Robots/Bitcraze/Crazyflie/cf2x.usd
crazyflie_room_basic,852,14.502109799999744,-1.45,-0.9,0.7,0.0,0.0,0.0,hover,0.0,0.0,0.0,0.0,keyboard_terminal,https://omniverse-content-production.s3-us-west-2.amazonaws.com/Assets/Isaac/5.1/Isaac/Robots/Bitcraze/Crazyflie/cf2x.usd
crazyflie_room_basic,855,14.553141399999731,-1.45,-0.9,0.7,0.0,0.0,0.0,hover,0.0,0.0,0.0,0.0,keyboard_terminal,https://omniverse-content-production.s3-us-west-2.amazonaws.com/Assets/Isaac/5.1/Isaac/Robots/Bitcraze/Crazyflie/cf2x.usd
crazyflie_room_basic,858,14.604188900004374,-1.45,-0.9,0.7,0.0,0.0,0.0,hover,0.0,0.0,0.0,0.0,keyboard_terminal,https://omniverse-content-production.s3-us-west-2.amazonaws.com/Assets/Isaac/5.1/Isaac/Robots/Bitcraze/Crazyflie/cf2x.usd
crazyflie_room_basic,861,14.655241400003433,-1.45,-0.9,0.7,0.0,0.0,0.0,hover,0.0,0.0,0.0,0.0,keyboard_terminal,https://omniverse-content-production.s3-us-west-2.amazonaws.com/Assets/Isaac/5.1/Isaac/Robots/Bitcraze/Crazyflie/cf2x.usd
crazyflie_room_basic,864,14.706289699999616,-1.45,-0.9,0.7,0.0,0.0,0.0,hover,0.0,0.0,0.0,0.0,keyboard_terminal,https://omniverse-content-production.s3-us-west-2.amazonaws.com/Assets/Isaac/5.1/Isaac/Robots/Bitcraze/Crazyflie/cf2x.usd
crazyflie_room_basic,867,14.757334599999012,-1.45,-0.9,0.7,0.0,0.0,0.0,hover,0.0,0.0,0.0,0.0,keyboard_terminal,https://omniverse-content-production.s3-us-west-2.amazonaws.com/Assets/Isaac/5.1/Isaac/Robots/Bitcraze/Crazyflie/cf2x.usd
crazyflie_room_basic,870,14.808358199996292,-1.45,-0.9,0.7,0.0,0.0,0.0,hover,0.0,0.0,0.0,0.0,keyboard_terminal,https://omniverse-content-production.s3-us-west-2.amazonaws.com/Assets/Isaac/5.1/Isaac/Robots/Bitcraze/Crazyflie/cf2x.usd
crazyflie_room_basic,873,14.859399399996619,-1.45,-0.9,0.7,0.0,0.0,0.0,hover,0.0,0.0,0.0,0.0,keyboard_terminal,https://omniverse-content-production.s3-us-west-2.amazonaws.com/Assets/Isaac/5.1/Isaac/Robots/Bitcraze/Crazyflie/cf2x.usd
crazyflie_room_basic,876,14.910466300003463,-1.45,-0.9,0.7,0.0,0.0,0.0,hover,0.0,0.0,0.0,0.0,keyboard_terminal,https://omniverse-content-production.s3-us-west-2.amazonaws.com/Assets/Isaac/5.1/Isaac/Robots/Bitcraze/Crazyflie/cf2x.usd
crazyflie_room_basic,879,14.961490700006834,-1.45,-0.9,0.7,0.0,0.0,0.0,hover,0.0,0.0,0.0,0.0,keyboard_terminal,https://omniverse-content-production.s3-us-west-2.amazonaws.com/Assets/Isaac/5.1/Isaac/Robots/Bitcraze/Crazyflie/cf2x.usd
crazyflie_room_basic,882,15.012544700002763,-1.45,-0.9,0.7,0.0,0.0,0.0,hover,0.0,0.0,0.0,0.0,keyboard_terminal,https://omniverse-content-production.s3-us-west-2.amazonaws.com/Assets/Isaac/5.1/Isaac/Robots/Bitcraze/Crazyflie/cf2x.usd
crazyflie_room_basic,884,15.083078099996783,-1.45,-0.9,0.7,0.0,0.0,0.0,hover,0.0,0.0,0.0,0.0,keyboard_terminal,https://omniverse-content-production.s3-us-west-2.amazonaws.com/Assets/Isaac/5.1/Isaac/Robots/Bitcraze/Crazyflie/cf2x.usd
crazyflie_room_basic,887,15.134146600001259,-1.45,-0.9,0.7,0.0,0.0,0.0,hover,0.0,0.0,0.0,0.0,keyboard_terminal,https://omniverse-content-production.s3-us-west-2.amazonaws.com/Assets/Isaac/5.1/Isaac/Robots/Bitcraze/Crazyflie/cf2x.usd
crazyflie_room_basic,890,15.185231600000407,-1.45,-0.9,0.7,0.0,0.0,0.0,hover,0.0,0.0,0.0,0.0,keyboard_terminal,https://omniverse-content-production.s3-us-west-2.amazonaws.com/Assets/Isaac/5.1/Isaac/Robots/Bitcraze/Crazyflie/cf2x.usd
crazyflie_room_basic,893,15.236253700000816,-1.45,-0.9,0.7,0.0,0.0,0.0,hover,0.0,0.0,0.0,0.0,keyboard_terminal,https://omniverse-content-production.s3-us-west-2.amazonaws.com/Assets/Isaac/5.1/Isaac/Robots/Bitcraze/Crazyflie/cf2x.usd
crazyflie_room_basic,896,15.287296299997251,-1.45,-0.9,0.7,0.0,0.0,0.0,hover,0.0,0.0,0.0,0.0,keyboard_terminal,https://omniverse-content-production.s3-us-west-2.amazonaws.com/Assets/Isaac/5.1/Isaac/Robots/Bitcraze/Crazyflie/cf2x.usd
crazyflie_room_basic,899,15.338361200003419,-1.45,-0.9,0.7,0.0,0.0,0.0,hover,0.0,0.0,0.0,0.0,keyboard_terminal,https://omniverse-content-production.s3-us-west-2.amazonaws.com/Assets/Isaac/5.1/Isaac/Robots/Bitcraze/Crazyflie/cf2x.usd
crazyflie_room_basic,902,15.389359900000272,-1.45,-0.9,0.7,0.0,0.0,0.0,hover,0.0,0.0,0.0,0.0,keyboard_terminal,https://omniverse-content-production.s3-us-west-2.amazonaws.com/Assets/Isaac/5.1/Isaac/Robots/Bitcraze/Crazyflie/cf2x.usd
crazyflie_room_basic,905,15.440400999999838,-1.45,-0.9,0.7,0.0,0.0,0.0,hover,0.0,0.0,0.0,0.0,keyboard_terminal,https://omniverse-content-production.s3-us-west-2.amazonaws.com/Assets/Isaac/5.1/Isaac/Robots/Bitcraze/Crazyflie/cf2x.usd
crazyflie_room_basic,908,15.491454200004227,-1.45,-0.9,0.7,0.0,0.0,0.0,hover,0.0,0.0,0.0,0.0,keyboard_terminal,https://omniverse-content-production.s3-us-west-2.amazonaws.com/Assets/Isaac/5.1/Isaac/Robots/Bitcraze/Crazyflie/cf2x.usd
crazyflie_room_basic,911,15.542488299994147,-1.45,-0.9,0.7,0.0,0.0,0.0,hover,0.0,0.0,0.0,0.0,keyboard_terminal,https://omniverse-content-production.s3-us-west-2.amazonaws.com/Assets/Isaac/5.1/Isaac/Robots/Bitcraze/Crazyflie/cf2x.usd
crazyflie_room_basic,914,15.593539099994814,-1.45,-0.9,0.7,0.0,0.0,0.0,hover,0.0,0.0,0.0,0.0,keyboard_terminal,https://omniverse-content-production.s3-us-west-2.amazonaws.com/Assets/Isaac/5.1/Isaac/Robots/Bitcraze/Crazyflie/cf2x.usd
crazyflie_room_basic,917,15.64461200000369,-1.45,-0.9,0.7,0.0,0.0,0.0,hover,0.0,0.0,0.0,0.0,keyboard_terminal,https://omniverse-content-production.s3-us-west-2.amazonaws.com/Assets/Isaac/5.1/Isaac/Robots/Bitcraze/Crazyflie/cf2x.usd
crazyflie_room_basic,920,15.695623299994622,-1.45,-0.9,0.7,0.0,0.0,0.0,hover,0.0,0.0,0.0,0.0,keyboard_terminal,https://omniverse-content-production.s3-us-west-2.amazonaws.com/Assets/Isaac/5.1/Isaac/Robots/Bitcraze/Crazyflie/cf2x.usd
crazyflie_room_basic,923,15.746666000006371,-1.45,-0.9,0.7,0.0,0.0,0.0,hover,0.0,0.0,0.0,0.0,keyboard_terminal,https://omniverse-content-production.s3-us-west-2.amazonaws.com/Assets/Isaac/5.1/Isaac/Robots/Bitcraze/Crazyflie/cf2x.usd
crazyflie_room_basic,926,15.797711599996546,-1.45,-0.9,0.7,0.0,0.0,0.0,hover,0.0,0.0,0.0,0.0,keyboard_terminal,https://omniverse-content-production.s3-us-west-2.amazonaws.com/Assets/Isaac/5.1/Isaac/Robots/Bitcraze/Crazyflie/cf2x.usd
crazyflie_room_basic,929,15.84874960000161,-1.45,-0.9,0.7,0.0,0.0,0.0,hover,0.0,0.0,0.0,0.0,keyboard_terminal,https://omniverse-content-production.s3-us-west-2.amazonaws.com/Assets/Isaac/5.1/Isaac/Robots/Bitcraze/Crazyflie/cf2x.usd
crazyflie_room_basic,932,15.899800500003039,-1.45,-0.9,0.7,0.0,0.0,0.0,hover,0.0,0.0,0.0,0.0,keyboard_terminal,https://omniverse-content-production.s3-us-west-2.amazonaws.com/Assets/Isaac/5.1/Isaac/Robots/Bitcraze/Crazyflie/cf2x.usd
crazyflie_room_basic,935,15.950833700000658,-1.45,-0.9,0.7,0.0,0.0,0.0,hover,0.0,0.0,0.0,0.0,keyboard_terminal,https://omniverse-content-production.s3-us-west-2.amazonaws.com/Assets/Isaac/5.1/Isaac/Robots/Bitcraze/Crazyflie/cf2x.usd
crazyflie_room_basic,938,16.00187819999701,-1.45,-0.9,0.7,0.0,0.0,0.0,hover,0.0,0.0,0.0,0.0,keyboard_terminal,https://omniverse-content-production.s3-us-west-2.amazonaws.com/Assets/Isaac/5.1/Isaac/Robots/Bitcraze/Crazyflie/cf2x.usd
crazyflie_room_basic,941,16.052922400005627,-1.45,-0.9,0.7,0.0,0.0,0.0,hover,0.0,0.0,0.0,0.0,keyboard_terminal,https://omniverse-content-production.s3-us-west-2.amazonaws.com/Assets/Isaac/5.1/Isaac/Robots/Bitcraze/Crazyflie/cf2x.usd
crazyflie_room_basic,944,16.103968800001894,-1.45,-0.9,0.7,0.0,0.0,0.0,hover,0.0,0.0,0.0,0.0,keyboard_terminal,https://omniverse-content-production.s3-us-west-2.amazonaws.com/Assets/Isaac/5.1/Isaac/Robots/Bitcraze/Crazyflie/cf2x.usd
crazyflie_room_basic,947,16.155011800001375,-1.45,-0.9,0.7,0.0,0.0,0.0,hover,0.0,0.0,0.0,0.0,keyboard_terminal,https://omniverse-content-production.s3-us-west-2.amazonaws.com/Assets/Isaac/5.1/Isaac/Robots/Bitcraze/Crazyflie/cf2x.usd
crazyflie_room_basic,950,16.20605140000407,-1.45,-0.9,0.7,0.0,0.0,0.0,hover,0.0,0.0,0.0,0.0,keyboard_terminal,https://omniverse-content-production.s3-us-west-2.amazonaws.com/Assets/Isaac/5.1/Isaac/Robots/Bitcraze/Crazyflie/cf2x.usd
crazyflie_room_basic,953,16.25709719999577,-1.45,-0.9,0.7,0.0,0.0,0.0,hover,0.0,0.0,0.0,0.0,keyboard_terminal,https://omniverse-content-production.s3-us-west-2.amazonaws.com/Assets/Isaac/5.1/Isaac/Robots/Bitcraze/Crazyflie/cf2x.usd
crazyflie_room_basic,956,16.308156900005997,-1.45,-0.9,0.7,0.0,0.0,0.0,hover,0.0,0.0,0.0,0.0,keyboard_terminal,https://omniverse-content-production.s3-us-west-2.amazonaws.com/Assets/Isaac/5.1/Isaac/Robots/Bitcraze/Crazyflie/cf2x.usd
crazyflie_room_basic,959,16.35919869999634,-1.45,-0.9,0.7,0.0,0.0,0.0,hover,0.0,0.0,0.0,0.0,keyboard_terminal,https://omniverse-content-production.s3-us-west-2.amazonaws.com/Assets/Isaac/5.1/Isaac/Robots/Bitcraze/Crazyflie/cf2x.usd
crazyflie_room_basic,962,16.410273500005133,-1.45,-0.9,0.7,0.0,0.0,0.0,hover,0.0,0.0,0.0,0.0,keyboard_terminal,https://omniverse-content-production.s3-us-west-2.amazonaws.com/Assets/Isaac/5.1/Isaac/Robots/Bitcraze/Crazyflie/cf2x.usd
crazyflie_room_basic,965,16.461288599995896,-1.45,-0.9,0.7,0.0,0.0,0.0,hover,0.0,0.0,0.0,0.0,keyboard_terminal,https://omniverse-content-production.s3-us-west-2.amazonaws.com/Assets/Isaac/5.1/Isaac/Robots/Bitcraze/Crazyflie/cf2x.usd
crazyflie_room_basic,968,16.51234220000333,-1.45,-0.9,0.7,0.0,0.0,0.0,hover,0.0,0.0,0.0,0.0,keyboard_terminal,https://omniverse-content-production.s3-us-west-2.amazonaws.com/Assets/Isaac/5.1/Isaac/Robots/Bitcraze/Crazyflie/cf2x.usd
crazyflie_room_basic,971,16.56336790000205,-1.45,-0.9,0.7,0.0,0.0,0.0,hover,0.0,0.0,0.0,0.0,keyboard_terminal,https://omniverse-content-production.s3-us-west-2.amazonaws.com/Assets/Isaac/5.1/Isaac/Robots/Bitcraze/Crazyflie/cf2x.usd
crazyflie_room_basic,974,16.61443830000644,-1.45,-0.9,0.7,0.0,0.0,0.0,hover,0.0,0.0,0.0,0.0,keyboard_terminal,https://omniverse-content-production.s3-us-west-2.amazonaws.com/Assets/Isaac/5.1/Isaac/Robots/Bitcraze/Crazyflie/cf2x.usd
crazyflie_room_basic,977,16.665448100000503,-1.45,-0.9,0.7,0.0,0.0,0.0,hover,0.0,0.0,0.0,0.0,keyboard_terminal,https://omniverse-content-production.s3-us-west-2.amazonaws.com/Assets/Isaac/5.1/Isaac/Robots/Bitcraze/Crazyflie/cf2x.usd
crazyflie_room_basic,980,16.71650789999694,-1.45,-0.9,0.7,0.0,0.0,0.0,hover,0.0,0.0,0.0,0.0,keyboard_terminal,https://omniverse-content-production.s3-us-west-2.amazonaws.com/Assets/Isaac/5.1/Isaac/Robots/Bitcraze/Crazyflie/cf2x.usd
crazyflie_room_basic,983,16.767561900007422,-1.45,-0.9,0.7,0.0,0.0,0.0,hover,0.0,0.0,0.0,0.0,keyboard_terminal,https://omniverse-content-production.s3-us-west-2.amazonaws.com/Assets/Isaac/5.1/Isaac/Robots/Bitcraze/Crazyflie/cf2x.usd
crazyflie_room_basic,986,16.81860620000225,-1.45,-0.9,0.7,0.0,0.0,0.0,hover,0.0,0.0,0.0,0.0,keyboard_terminal,https://omniverse-content-production.s3-us-west-2.amazonaws.com/Assets/Isaac/5.1/Isaac/Robots/Bitcraze/Crazyflie/cf2x.usd
crazyflie_room_basic,989,16.869653700006893,-1.45,-0.9,0.7,0.0,0.0,0.0,hover,0.0,0.0,0.0,0.0,keyboard_terminal,https://omniverse-content-production.s3-us-west-2.amazonaws.com/Assets/Isaac/5.1/Isaac/Robots/Bitcraze/Crazyflie/cf2x.usd
crazyflie_room_basic,992,16.920694600004936,-1.45,-0.9,0.7,0.0,0.0,0.0,hover,0.0,0.0,0.0,0.0,keyboard_terminal,https://omniverse-content-production.s3-us-west-2.amazonaws.com/Assets/Isaac/5.1/Isaac/Robots/Bitcraze/Crazyflie/cf2x.usd
crazyflie_room_basic,995,16.97174300000188,-1.45,-0.9,0.7,0.0,0.0,0.0,hover,0.0,0.0,0.0,0.0,keyboard_terminal,https://omniverse-content-production.s3-us-west-2.amazonaws.com/Assets/Isaac/5.1/Isaac/Robots/Bitcraze/Crazyflie/cf2x.usd
crazyflie_room_basic,998,17.02276150000398,-1.45,-0.9,0.7,0.0,0.0,0.0,hover,0.0,0.0,0.0,0.0,keyboard_terminal,https://omniverse-content-production.s3-us-west-2.amazonaws.com/Assets/Isaac/5.1/Isaac/Robots/Bitcraze/Crazyflie/cf2x.usd
crazyflie_room_basic,1001,17.07380500000727,-1.45,-0.9,0.7,0.0,0.0,0.0,hover,0.0,0.0,0.0,0.0,keyboard_terminal,https://omniverse-content-production.s3-us-west-2.amazonaws.com/Assets/Isaac/5.1/Isaac/Robots/Bitcraze/Crazyflie/cf2x.usd
crazyflie_room_basic,1004,17.12484509999922,-1.45,-0.9,0.7,0.0,0.0,0.0,hover,0.0,0.0,0.0,0.0,keyboard_terminal,https://omniverse-content-production.s3-us-west-2.amazonaws.com/Assets/Isaac/5.1/Isaac/Robots/Bitcraze/Crazyflie/cf2x.usd
crazyflie_room_basic,1007,17.17589319999388,-1.45,-0.9,0.7,0.0,0.0,0.0,hover,0.0,0.0,0.0,0.0,keyboard_terminal,https://omniverse-content-production.s3-us-west-2.amazonaws.com/Assets/Isaac/5.1/Isaac/Robots/Bitcraze/Crazyflie/cf2x.usd
crazyflie_room_basic,1010,17.226936699997168,-1.45,-0.9,0.7,0.0,0.0,0.0,hover,0.0,0.0,0.0,0.0,keyboard_terminal,https://omniverse-content-production.s3-us-west-2.amazonaws.com/Assets/Isaac/5.1/Isaac/Robots/Bitcraze/Crazyflie/cf2x.usd
crazyflie_room_basic,1013,17.27798189999885,-1.45,-0.9,0.7,0.0,0.0,0.0,hover,0.0,0.0,0.0,0.0,keyboard_terminal,https://omniverse-content-production.s3-us-west-2.amazonaws.com/Assets/Isaac/5.1/Isaac/Robots/Bitcraze/Crazyflie/cf2x.usd
crazyflie_room_basic,1016,17.329022899997653,-1.45,-0.9,0.7,0.0,0.0,0.0,hover,0.0,0.0,0.0,0.0,keyboard_terminal,https://omniverse-content-production.s3-us-west-2.amazonaws.com/Assets/Isaac/5.1/Isaac/Robots/Bitcraze/Crazyflie/cf2x.usd
crazyflie_room_basic,1019,17.380077599998913,-1.45,-0.9,0.7,0.0,0.0,0.0,hover,0.0,0.0,0.0,0.0,keyboard_terminal,https://omniverse-content-production.s3-us-west-2.amazonaws.com/Assets/Isaac/5.1/Isaac/Robots/Bitcraze/Crazyflie/cf2x.usd
crazyflie_room_basic,1022,17.431133499994758,-1.45,-0.9,0.7,0.0,0.0,0.0,hover,0.0,0.0,0.0,0.0,keyboard_terminal,https://omniverse-content-production.s3-us-west-2.amazonaws.com/Assets/Isaac/5.1/Isaac/Robots/Bitcraze/Crazyflie/cf2x.usd
crazyflie_room_basic,1025,17.482159799998044,-1.45,-0.9,0.7,0.0,0.0,0.0,hover,0.0,0.0,0.0,0.0,keyboard_terminal,https://omniverse-content-production.s3-us-west-2.amazonaws.com/Assets/Isaac/5.1/Isaac/Robots/Bitcraze/Crazyflie/cf2x.usd
crazyflie_room_basic,1028,17.53320010000607,-1.45,-0.9,0.7,0.0,0.0,0.0,hover,0.0,0.0,0.0,0.0,keyboard_terminal,https://omniverse-content-production.s3-us-west-2.amazonaws.com/Assets/Isaac/5.1/Isaac/Robots/Bitcraze/Crazyflie/cf2x.usd
crazyflie_room_basic,1031,17.584244900004705,-1.45,-0.9,0.7,0.0,0.0,0.0,hover,0.0,0.0,0.0,0.0,keyboard_terminal,https://omniverse-content-production.s3-us-west-2.amazonaws.com/Assets/Isaac/5.1/Isaac/Robots/Bitcraze/Crazyflie/cf2x.usd
crazyflie_room_basic,1034,17.6352845000074,-1.45,-0.9,0.7,0.0,0.0,0.0,hover,0.0,0.0,0.0,0.0,keyboard_terminal,https://omniverse-content-production.s3-us-west-2.amazonaws.com/Assets/Isaac/5.1/Isaac/Robots/Bitcraze/Crazyflie/cf2x.usd
crazyflie_room_basic,1037,17.686335200007306,-1.45,-0.9,0.7,0.0,0.0,0.0,hover,0.0,0.0,0.0,0.0,keyboard_terminal,https://omniverse-content-production.s3-us-west-2.amazonaws.com/Assets/Isaac/5.1/Isaac/Robots/Bitcraze/Crazyflie/cf2x.usd
crazyflie_room_basic,1040,17.73738140000205,-1.45,-0.9,0.7,0.0,0.0,0.0,hover,0.0,0.0,0.0,0.0,keyboard_terminal,https://omniverse-content-production.s3-us-west-2.amazonaws.com/Assets/Isaac/5.1/Isaac/Robots/Bitcraze/Crazyflie/cf2x.usd
crazyflie_room_basic,1043,17.788427499996033,-1.45,-0.9,0.7,0.0,0.0,0.0,hover,0.0,0.0,0.0,0.0,keyboard_terminal,https://omniverse-content-production.s3-us-west-2.amazonaws.com/Assets/Isaac/5.1/Isaac/Robots/Bitcraze/Crazyflie/cf2x.usd
crazyflie_room_basic,1046,17.839507500000764,-1.45,-0.9,0.7,0.0,0.0,0.0,hover,0.0,0.0,0.0,0.0,keyboard_terminal,https://omniverse-content-production.s3-us-west-2.amazonaws.com/Assets/Isaac/5.1/Isaac/Robots/Bitcraze/Crazyflie/cf2x.usd
crazyflie_room_basic,1049,17.890509100005147,-1.45,-0.9,0.7,0.0,0.0,0.0,hover,0.0,0.0,0.0,0.0,keyboard_terminal,https://omniverse-content-production.s3-us-west-2.amazonaws.com/Assets/Isaac/5.1/Isaac/Robots/Bitcraze/Crazyflie/cf2x.usd
crazyflie_room_basic,1052,17.941574299999047,-1.45,-0.9,0.7,0.0,0.0,0.0,hover,0.0,0.0,0.0,0.0,keyboard_terminal,https://omniverse-content-production.s3-us-west-2.amazonaws.com/Assets/Isaac/5.1/Isaac/Robots/Bitcraze/Crazyflie/cf2x.usd
crazyflie_room_basic,1055,17.992595000003348,-1.45,-0.9,0.7,0.0,0.0,0.0,hover,0.0,0.0,0.0,0.0,keyboard_terminal,https://omniverse-content-production.s3-us-west-2.amazonaws.com/Assets/Isaac/5.1/Isaac/Robots/Bitcraze/Crazyflie/cf2x.usd
crazyflie_room_basic,1058,18.04363369999919,-1.45,-0.9,0.7,0.0,0.0,0.0,hover,0.0,0.0,0.0,0.0,keyboard_terminal,https://omniverse-content-production.s3-us-west-2.amazonaws.com/Assets/Isaac/5.1/Isaac/Robots/Bitcraze/Crazyflie/cf2x.usd
crazyflie_room_basic,1061,18.09470250000595,-1.45,-0.9,0.7,0.0,0.0,0.0,hover,0.0,0.0,0.0,0.0,keyboard_terminal,https://omniverse-content-production.s3-us-west-2.amazonaws.com/Assets/Isaac/5.1/Isaac/Robots/Bitcraze/Crazyflie/cf2x.usd
crazyflie_room_basic,1064,18.145747400005348,-1.45,-0.9,0.7,0.0,0.0,0.0,hover,0.0,0.0,0.0,0.0,keyboard_terminal,https://omniverse-content-production.s3-us-west-2.amazonaws.com/Assets/Isaac/5.1/Isaac/Robots/Bitcraze/Crazyflie/cf2x.usd
crazyflie_room_basic,1067,18.196812199996202,-1.45,-0.9,0.7,0.0,0.0,0.0,hover,0.0,0.0,0.0,0.0,keyboard_terminal,https://omniverse-content-production.s3-us-west-2.amazonaws.com/Assets/Isaac/5.1/Isaac/Robots/Bitcraze/Crazyflie/cf2x.usd
crazyflie_room_basic,1070,18.247822000004817,-1.45,-0.9,0.7,0.0,0.0,0.0,hover,0.0,0.0,0.0,0.0,keyboard_terminal,https://omniverse-content-production.s3-us-west-2.amazonaws.com/Assets/Isaac/5.1/Isaac/Robots/Bitcraze/Crazyflie/cf2x.usd
crazyflie_room_basic,1073,18.298860499999137,-1.45,-0.9,0.7,0.0,0.0,0.0,hover,0.0,0.0,0.0,0.0,keyboard_terminal,https://omniverse-content-production.s3-us-west-2.amazonaws.com/Assets/Isaac/5.1/Isaac/Robots/Bitcraze/Crazyflie/cf2x.usd
crazyflie_room_basic,1076,18.349905499999295,-1.45,-0.9,0.7,0.0,0.0,0.0,hover,0.0,0.0,0.0,0.0,keyboard_terminal,https://omniverse-content-production.s3-us-west-2.amazonaws.com/Assets/Isaac/5.1/Isaac/Robots/Bitcraze/Crazyflie/cf2x.usd
crazyflie_room_basic,1079,18.400946299996576,-1.45,-0.9,0.7,0.0,0.0,0.0,hover,0.0,0.0,0.0,0.0,keyboard_terminal,https://omniverse-content-production.s3-us-west-2.amazonaws.com/Assets/Isaac/5.1/Isaac/Robots/Bitcraze/Crazyflie/cf2x.usd
crazyflie_room_basic,1082,18.451998000004096,-1.45,-0.9,0.7,0.0,0.0,0.0,hover,0.0,0.0,0.0,0.0,keyboard_terminal,https://omniverse-content-production.s3-us-west-2.amazonaws.com/Assets/Isaac/5.1/Isaac/Robots/Bitcraze/Crazyflie/cf2x.usd
crazyflie_room_basic,1085,18.5030323999963,-1.45,-0.9,0.7,0.0,0.0,0.0,hover,0.0,0.0,0.0,0.0,keyboard_terminal,https://omniverse-content-production.s3-us-west-2.amazonaws.com/Assets/Isaac/5.1/Isaac/Robots/Bitcraze/Crazyflie/cf2x.usd
crazyflie_room_basic,1088,18.55407899999409,-1.45,-0.9,0.7,0.0,0.0,0.0,hover,0.0,0.0,0.0,0.0,keyboard_terminal,https://omniverse-content-production.s3-us-west-2.amazonaws.com/Assets/Isaac/5.1/Isaac/Robots/Bitcraze/Crazyflie/cf2x.usd
crazyflie_room_basic,1091,18.6051121000055,-1.45,-0.9,0.7,0.0,0.0,0.0,hover,0.0,0.0,0.0,0.0,keyboard_terminal,https://omniverse-content-production.s3-us-west-2.amazonaws.com/Assets/Isaac/5.1/Isaac/Robots/Bitcraze/Crazyflie/cf2x.usd
crazyflie_room_basic,1094,18.65618269999686,-1.45,-0.9,0.7,0.0,0.0,0.0,hover,0.0,0.0,0.0,0.0,keyboard_terminal,https://omniverse-content-production.s3-us-west-2.amazonaws.com/Assets/Isaac/5.1/Isaac/Robots/Bitcraze/Crazyflie/cf2x.usd
crazyflie_room_basic,1097,18.70723220000218,-1.45,-0.9,0.7,0.0,0.0,0.0,hover,0.0,0.0,0.0,0.0,keyboard_terminal,https://omniverse-content-production.s3-us-west-2.amazonaws.com/Assets/Isaac/5.1/Isaac/Robots/Bitcraze/Crazyflie/cf2x.usd
crazyflie_room_basic,1100,18.758272599996417,-1.45,-0.9,0.7,0.0,0.0,0.0,hover,0.0,0.0,0.0,0.0,keyboard_terminal,https://omniverse-content-production.s3-us-west-2.amazonaws.com/Assets/Isaac/5.1/Isaac/Robots/Bitcraze/Crazyflie/cf2x.usd
crazyflie_room_basic,1103,18.809318400002667,-1.45,-0.9,0.7,0.0,0.0,0.0,hover,0.0,0.0,0.0,0.0,keyboard_terminal,https://omniverse-content-production.s3-us-west-2.amazonaws.com/Assets/Isaac/5.1/Isaac/Robots/Bitcraze/Crazyflie/cf2x.usd
crazyflie_room_basic,1106,18.8603393999947,-1.45,-0.9,0.7,0.0,0.0,0.0,hover,0.0,0.0,0.0,0.0,keyboard_terminal,https://omniverse-content-production.s3-us-west-2.amazonaws.com/Assets/Isaac/5.1/Isaac/Robots/Bitcraze/Crazyflie/cf2x.usd
crazyflie_room_basic,1109,18.91137840000738,-1.45,-0.9,0.7,0.0,0.0,0.0,hover,0.0,0.0,0.0,0.0,keyboard_terminal,https://omniverse-content-production.s3-us-west-2.amazonaws.com/Assets/Isaac/5.1/Isaac/Robots/Bitcraze/Crazyflie/cf2x.usd
crazyflie_room_basic,1112,18.962422700002207,-1.45,-0.9,0.7,0.0,0.0,0.0,hover,0.0,0.0,0.0,0.0,keyboard_terminal,https://omniverse-content-production.s3-us-west-2.amazonaws.com/Assets/Isaac/5.1/Isaac/Robots/Bitcraze/Crazyflie/cf2x.usd
crazyflie_room_basic,1115,19.013466899996274,-1.45,-0.9,0.7,0.0,0.0,0.0,hover,0.0,0.0,0.0,0.0,keyboard_terminal,https://omniverse-content-production.s3-us-west-2.amazonaws.com/Assets/Isaac/5.1/Isaac/Robots/Bitcraze/Crazyflie/cf2x.usd
crazyflie_room_basic,1118,19.064512800003286,-1.45,-0.9,0.7,0.0,0.0,0.0,hover,0.0,0.0,0.0,0.0,keyboard_terminal,https://omniverse-content-production.s3-us-west-2.amazonaws.com/Assets/Isaac/5.1/Isaac/Robots/Bitcraze/Crazyflie/cf2x.usd
crazyflie_room_basic,1121,19.11555010000302,-1.45,-0.9,0.7,0.0,0.0,0.0,hover,0.0,0.0,0.0,0.0,keyboard_terminal,https://omniverse-content-production.s3-us-west-2.amazonaws.com/Assets/Isaac/5.1/Isaac/Robots/Bitcraze/Crazyflie/cf2x.usd
crazyflie_room_basic,1124,19.166605000005802,-1.45,-0.9,0.7,0.0,0.0,0.0,hover,0.0,0.0,0.0,0.0,keyboard_terminal,https://omniverse-content-production.s3-us-west-2.amazonaws.com/Assets/Isaac/5.1/Isaac/Robots/Bitcraze/Crazyflie/cf2x.usd
crazyflie_room_basic,1127,19.217665799995302,-1.45,-0.9,0.7,0.0,0.0,0.0,hover,0.0,0.0,0.0,0.0,keyboard_terminal,https://omniverse-content-production.s3-us-west-2.amazonaws.com/Assets/Isaac/5.1/Isaac/Robots/Bitcraze/Crazyflie/cf2x.usd
crazyflie_room_basic,1130,19.268695599996136,-1.45,-0.9,0.7,0.0,0.0,0.0,hover,0.0,0.0,0.0,0.0,keyboard_terminal,https://omniverse-content-production.s3-us-west-2.amazonaws.com/Assets/Isaac/5.1/Isaac/Robots/Bitcraze/Crazyflie/cf2x.usd
crazyflie_room_basic,1133,19.319731600000523,-1.45,-0.9,0.7,0.0,0.0,0.0,hover,0.0,0.0,0.0,0.0,keyboard_terminal,https://omniverse-content-production.s3-us-west-2.amazonaws.com/Assets/Isaac/5.1/Isaac/Robots/Bitcraze/Crazyflie/cf2x.usd
crazyflie_room_basic,1136,19.37077500000305,-1.45,-0.9,0.7,0.0,0.0,0.0,hover,0.0,0.0,0.0,0.0,keyboard_terminal,https://omniverse-content-production.s3-us-west-2.amazonaws.com/Assets/Isaac/5.1/Isaac/Robots/Bitcraze/Crazyflie/cf2x.usd
crazyflie_room_basic,1139,19.42181489999348,-1.45,-0.9,0.7,0.0,0.0,0.0,hover,0.0,0.0,0.0,0.0,keyboard_terminal,https://omniverse-content-production.s3-us-west-2.amazonaws.com/Assets/Isaac/5.1/Isaac/Robots/Bitcraze/Crazyflie/cf2x.usd
crazyflie_room_basic,1142,19.47285790000751,-1.45,-0.9,0.7,0.0,0.0,0.0,hover,0.0,0.0,0.0,0.0,keyboard_terminal,https://omniverse-content-production.s3-us-west-2.amazonaws.com/Assets/Isaac/5.1/Isaac/Robots/Bitcraze/Crazyflie/cf2x.usd
crazyflie_room_basic,1145,19.523906500005978,-1.45,-0.9,0.7,0.0,0.0,0.0,hover,0.0,0.0,0.0,0.0,keyboard_terminal,https://omniverse-content-production.s3-us-west-2.amazonaws.com/Assets/Isaac/5.1/Isaac/Robots/Bitcraze/Crazyflie/cf2x.usd
crazyflie_room_basic,1148,19.57496359999641,-1.45,-0.9,0.7,0.0,0.0,0.0,hover,0.0,0.0,0.0,0.0,keyboard_terminal,https://omniverse-content-production.s3-us-west-2.amazonaws.com/Assets/Isaac/5.1/Isaac/Robots/Bitcraze/Crazyflie/cf2x.usd
crazyflie_room_basic,1151,19.626005600002827,-1.45,-0.9,0.7,0.0,0.0,0.0,hover,0.0,0.0,0.0,0.0,keyboard_terminal,https://omniverse-content-production.s3-us-west-2.amazonaws.com/Assets/Isaac/5.1/Isaac/Robots/Bitcraze/Crazyflie/cf2x.usd
crazyflie_room_basic,1154,19.677041600007215,-1.45,-0.9,0.7,0.0,0.0,0.0,hover,0.0,0.0,0.0,0.0,keyboard_terminal,https://omniverse-content-production.s3-us-west-2.amazonaws.com/Assets/Isaac/5.1/Isaac/Robots/Bitcraze/Crazyflie/cf2x.usd
crazyflie_room_basic,1157,19.72808630000509,-1.45,-0.9,0.7,0.0,0.0,0.0,hover,0.0,0.0,0.0,0.0,keyboard_terminal,https://omniverse-content-production.s3-us-west-2.amazonaws.com/Assets/Isaac/5.1/Isaac/Robots/Bitcraze/Crazyflie/cf2x.usd
crazyflie_room_basic,1160,19.77914040000178,-1.45,-0.9,0.7,0.0,0.0,0.0,hover,0.0,0.0,0.0,0.0,keyboard_terminal,https://omniverse-content-production.s3-us-west-2.amazonaws.com/Assets/Isaac/5.1/Isaac/Robots/Bitcraze/Crazyflie/cf2x.usd
crazyflie_room_basic,1163,19.830165199993644,-1.45,-0.9,0.7,0.0,0.0,0.0,hover,0.0,0.0,0.0,0.0,keyboard_terminal,https://omniverse-content-production.s3-us-west-2.amazonaws.com/Assets/Isaac/5.1/Isaac/Robots/Bitcraze/Crazyflie/cf2x.usd
crazyflie_room_basic,1166,19.8812115000037,-1.45,-0.9,0.7,0.0,0.0,0.0,hover,0.0,0.0,0.0,0.0,keyboard_terminal,https://omniverse-content-production.s3-us-west-2.amazonaws.com/Assets/Isaac/5.1/Isaac/Robots/Bitcraze/Crazyflie/cf2x.usd
crazyflie_room_basic,1169,19.932248700002674,-1.45,-0.9,0.7,0.0,0.0,0.0,hover,0.0,0.0,0.0,0.0,keyboard_terminal,https://omniverse-content-production.s3-us-west-2.amazonaws.com/Assets/Isaac/5.1/Isaac/Robots/Bitcraze/Crazyflie/cf2x.usd
crazyflie_room_basic,1172,19.983298399994965,-1.45,-0.9,0.7,0.0,0.0,0.0,hover,0.0,0.0,0.0,0.0,keyboard_terminal,https://omniverse-content-production.s3-us-west-2.amazonaws.com/Assets/Isaac/5.1/Isaac/Robots/Bitcraze/Crazyflie/cf2x.usd
crazyflie_room_basic,1175,20.03434300000663,-1.45,-0.9,0.7,0.0,0.0,0.0,hover,0.0,0.0,0.0,0.0,keyboard_terminal,https://omniverse-content-production.s3-us-west-2.amazonaws.com/Assets/Isaac/5.1/Isaac/Robots/Bitcraze/Crazyflie/cf2x.usd
crazyflie_room_basic,1178,20.085386399994604,-1.45,-0.9,0.7,0.0,0.0,0.0,hover,0.0,0.0,0.0,0.0,keyboard_terminal,https://omniverse-content-production.s3-us-west-2.amazonaws.com/Assets/Isaac/5.1/Isaac/Robots/Bitcraze/Crazyflie/cf2x.usd
crazyflie_room_basic,1181,20.136439499998232,-1.45,-0.9,0.7,0.0,0.0,0.0,hover,0.0,0.0,0.0,0.0,keyboard_terminal,https://omniverse-content-production.s3-us-west-2.amazonaws.com/Assets/Isaac/5.1/Isaac/Robots/Bitcraze/Crazyflie/cf2x.usd
crazyflie_room_basic,1184,20.187497999999323,-1.45,-0.9,0.7,0.0,0.0,0.0,hover,0.0,0.0,0.0,0.0,keyboard_terminal,https://omniverse-content-production.s3-us-west-2.amazonaws.com/Assets/Isaac/5.1/Isaac/Robots/Bitcraze/Crazyflie/cf2x.usd
crazyflie_room_basic,1187,20.238519499995164,-1.45,-0.9,0.7,0.0,0.0,0.0,hover,0.0,0.0,0.0,0.0,keyboard_terminal,https://omniverse-content-production.s3-us-west-2.amazonaws.com/Assets/Isaac/5.1/Isaac/Robots/Bitcraze/Crazyflie/cf2x.usd
crazyflie_room_basic,1190,20.289567700005136,-1.45,-0.9,0.7,0.0,0.0,0.0,hover,0.0,0.0,0.0,0.0,keyboard_terminal,https://omniverse-content-production.s3-us-west-2.amazonaws.com/Assets/Isaac/5.1/Isaac/Robots/Bitcraze/Crazyflie/cf2x.usd
crazyflie_room_basic,1193,20.340617399997427,-1.45,-0.9,0.7,0.0,0.0,0.0,hover,0.0,0.0,0.0,0.0,keyboard_terminal,https://omniverse-content-production.s3-us-west-2.amazonaws.com/Assets/Isaac/5.1/Isaac/Robots/Bitcraze/Crazyflie/cf2x.usd
crazyflie_room_basic,1196,20.391659300003084,-1.45,-0.9,0.7,0.0,0.0,0.0,hover,0.0,0.0,0.0,0.0,keyboard_terminal,https://omniverse-content-production.s3-us-west-2.amazonaws.com/Assets/Isaac/5.1/Isaac/Robots/Bitcraze/Crazyflie/cf2x.usd
crazyflie_room_basic,1199,20.442711399999098,-1.45,-0.9,0.7,0.0,0.0,0.0,hover,0.0,0.0,0.0,0.0,keyboard_terminal,https://omniverse-content-production.s3-us-west-2.amazonaws.com/Assets/Isaac/5.1/Isaac/Robots/Bitcraze/Crazyflie/cf2x.usd
crazyflie_room_basic,1202,20.493739800003823,-1.45,-0.9,0.7,0.0,0.0,0.0,hover,0.0,0.0,0.0,0.0,keyboard_terminal,https://omniverse-content-production.s3-us-west-2.amazonaws.com/Assets/Isaac/5.1/Isaac/Robots/Bitcraze/Crazyflie/cf2x.usd
crazyflie_room_basic,1205,20.54478530000779,-1.45,-0.9,0.7,0.0,0.0,0.0,hover,0.0,0.0,0.0,0.0,keyboard_terminal,https://omniverse-content-production.s3-us-west-2.amazonaws.com/Assets/Isaac/5.1/Isaac/Robots/Bitcraze/Crazyflie/cf2x.usd
crazyflie_room_basic,1208,20.59582450000744,-1.45,-0.9,0.7,0.0,0.0,0.0,hover,0.0,0.0,0.0,0.0,keyboard_terminal,https://omniverse-content-production.s3-us-west-2.amazonaws.com/Assets/Isaac/5.1/Isaac/Robots/Bitcraze/Crazyflie/cf2x.usd
crazyflie_room_basic,1211,20.646873999998206,-1.45,-0.9,0.7,0.0,0.0,0.0,hover,0.0,0.0,0.0,0.0,keyboard_terminal,https://omniverse-content-production.s3-us-west-2.amazonaws.com/Assets/Isaac/5.1/Isaac/Robots/Bitcraze/Crazyflie/cf2x.usd
crazyflie_room_basic,1214,20.697914599993965,-1.45,-0.9,0.7,0.0,0.0,0.0,hover,0.0,0.0,0.0,0.0,keyboard_terminal,https://omniverse-content-production.s3-us-west-2.amazonaws.com/Assets/Isaac/5.1/Isaac/Robots/Bitcraze/Crazyflie/cf2x.usd
crazyflie_room_basic,1217,20.748961300007068,-1.45,-0.9,0.7,0.0,0.0,0.0,hover,0.0,0.0,0.0,0.0,keyboard_terminal,https://omniverse-content-production.s3-us-west-2.amazonaws.com/Assets/Isaac/5.1/Isaac/Robots/Bitcraze/Crazyflie/cf2x.usd
crazyflie_room_basic,1220,20.799996000001556,-1.45,-0.9,0.7,0.0,0.0,0.0,hover,0.0,0.0,0.0,0.0,keyboard_terminal,https://omniverse-content-production.s3-us-west-2.amazonaws.com/Assets/Isaac/5.1/Isaac/Robots/Bitcraze/Crazyflie/cf2x.usd
crazyflie_room_basic,1223,20.851046399999177,-1.45,-0.9,0.7,0.0,0.0,0.0,hover,0.0,0.0,0.0,0.0,keyboard_terminal,https://omniverse-content-production.s3-us-west-2.amazonaws.com/Assets/Isaac/5.1/Isaac/Robots/Bitcraze/Crazyflie/cf2x.usd
crazyflie_room_basic,1226,20.90210140000272,-1.45,-0.9,0.7,0.0,0.0,0.0,hover,0.0,0.0,0.0,0.0,keyboard_terminal,https://omniverse-content-production.s3-us-west-2.amazonaws.com/Assets/Isaac/5.1/Isaac/Robots/Bitcraze/Crazyflie/cf2x.usd
crazyflie_room_basic,1229,20.953137799995602,-1.45,-0.9,0.7,0.0,0.0,0.0,hover,0.0,0.0,0.0,0.0,keyboard_terminal,https://omniverse-content-production.s3-us-west-2.amazonaws.com/Assets/Isaac/5.1/Isaac/Robots/Bitcraze/Crazyflie/cf2x.usd
crazyflie_room_basic,1232,21.00417689999449,-1.45,-0.9,0.7,0.0,0.0,0.0,hover,0.0,0.0,0.0,0.0,keyboard_terminal,https://omniverse-content-production.s3-us-west-2.amazonaws.com/Assets/Isaac/5.1/Isaac/Robots/Bitcraze/Crazyflie/cf2x.usd
crazyflie_room_basic,1235,21.055226600001333,-1.45,-0.9,0.7,0.0,0.0,0.0,hover,0.0,0.0,0.0,0.0,keyboard_terminal,https://omniverse-content-production.s3-us-west-2.amazonaws.com/Assets/Isaac/5.1/Isaac/Robots/Bitcraze/Crazyflie/cf2x.usd
crazyflie_room_basic,1238,21.106262000001152,-1.45,-0.9,0.7,0.0,0.0,0.0,hover,0.0,0.0,0.0,0.0,keyboard_terminal,https://omniverse-content-production.s3-us-west-2.amazonaws.com/Assets/Isaac/5.1/Isaac/Robots/Bitcraze/Crazyflie/cf2x.usd
crazyflie_room_basic,1241,21.157305000000633,-1.45,-0.9,0.7,0.0,0.0,0.0,hover,0.0,0.0,0.0,0.0,keyboard_terminal,https://omniverse-content-production.s3-us-west-2.amazonaws.com/Assets/Isaac/5.1/Isaac/Robots/Bitcraze/Crazyflie/cf2x.usd
crazyflie_room_basic,1244,21.208347499996307,-1.45,-0.9,0.7,0.0,0.0,0.0,hover,0.0,0.0,0.0,0.0,keyboard_terminal,https://omniverse-content-production.s3-us-west-2.amazonaws.com/Assets/Isaac/5.1/Isaac/Robots/Bitcraze/Crazyflie/cf2x.usd
crazyflie_room_basic,1247,21.259399000002304,-1.45,-0.9,0.7,0.0,0.0,0.0,hover,0.0,0.0,0.0,0.0,keyboard_terminal,https://omniverse-content-production.s3-us-west-2.amazonaws.com/Assets/Isaac/5.1/Isaac/Robots/Bitcraze/Crazyflie/cf2x.usd
crazyflie_room_basic,1250,21.310440400004154,-1.45,-0.9,0.7,0.0,0.0,0.0,hover,0.0,0.0,0.0,0.0,keyboard_terminal,https://omniverse-content-production.s3-us-west-2.amazonaws.com/Assets/Isaac/5.1/Isaac/Robots/Bitcraze/Crazyflie/cf2x.usd
crazyflie_room_basic,1253,21.361486599998898,-1.45,-0.9,0.7,0.0,0.0,0.0,hover,0.0,0.0,0.0,0.0,keyboard_terminal,https://omniverse-content-production.s3-us-west-2.amazonaws.com/Assets/Isaac/5.1/Isaac/Robots/Bitcraze/Crazyflie/cf2x.usd
crazyflie_room_basic,1256,21.412530800007517,-1.45,-0.9,0.7,0.0,0.0,0.0,hover,0.0,0.0,0.0,0.0,keyboard_terminal,https://omniverse-content-production.s3-us-west-2.amazonaws.com/Assets/Isaac/5.1/Isaac/Robots/Bitcraze/Crazyflie/cf2x.usd
crazyflie_room_basic,1259,21.468826099997386,-1.45,-0.9,0.7,0.0,0.0,0.0,hover,0.0,0.0,0.0,0.0,keyboard_terminal,https://omniverse-content-production.s3-us-west-2.amazonaws.com/Assets/Isaac/5.1/Isaac/Robots/Bitcraze/Crazyflie/cf2x.usd
crazyflie_room_basic,1262,21.51965349999955,-1.45,-0.9,0.7,0.0,0.0,0.0,hover,0.0,0.0,0.0,0.0,keyboard_terminal,https://omniverse-content-production.s3-us-west-2.amazonaws.com/Assets/Isaac/5.1/Isaac/Robots/Bitcraze/Crazyflie/cf2x.usd
crazyflie_room_basic,1265,21.570667399995727,-1.45,-0.9,0.7,0.0,0.0,0.0,hover,0.0,0.0,0.0,0.0,keyboard_terminal,https://omniverse-content-production.s3-us-west-2.amazonaws.com/Assets/Isaac/5.1/Isaac/Robots/Bitcraze/Crazyflie/cf2x.usd
crazyflie_room_basic,1268,21.62170230000629,-1.45,-0.9,0.7,0.0,0.0,0.0,hover,0.0,0.0,0.0,0.0,keyboard_terminal,https://omniverse-content-production.s3-us-west-2.amazonaws.com/Assets/Isaac/5.1/Isaac/Robots/Bitcraze/Crazyflie/cf2x.usd
crazyflie_room_basic,1271,21.672750700003235,-1.45,-0.9,0.7,0.0,0.0,0.0,hover,0.0,0.0,0.0,0.0,keyboard_terminal,https://omniverse-content-production.s3-us-west-2.amazonaws.com/Assets/Isaac/5.1/Isaac/Robots/Bitcraze/Crazyflie/cf2x.usd
crazyflie_room_basic,1274,21.723788600007538,-1.45,-0.9,0.7,0.0,0.0,0.0,hover,0.0,0.0,0.0,0.0,keyboard_terminal,https://omniverse-content-production.s3-us-west-2.amazonaws.com/Assets/Isaac/5.1/Isaac/Robots/Bitcraze/Crazyflie/cf2x.usd
crazyflie_room_basic,1277,21.774832900002366,-1.45,-0.9,0.7,0.0,0.0,0.0,hover,0.0,0.0,0.0,0.0,keyboard_terminal,https://omniverse-content-production.s3-us-west-2.amazonaws.com/Assets/Isaac/5.1/Isaac/Robots/Bitcraze/Crazyflie/cf2x.usd
crazyflie_room_basic,1280,21.825876400005654,-1.45,-0.9,0.7,0.0,0.0,0.0,hover,0.0,0.0,0.0,0.0,keyboard_terminal,https://omniverse-content-production.s3-us-west-2.amazonaws.com/Assets/Isaac/5.1/Isaac/Robots/Bitcraze/Crazyflie/cf2x.usd
crazyflie_room_basic,1283,21.87691970000742,-1.45,-0.9,0.7,0.0,0.0,0.0,hover,0.0,0.0,0.0,0.0,keyboard_terminal,https://omniverse-content-production.s3-us-west-2.amazonaws.com/Assets/Isaac/5.1/Isaac/Robots/Bitcraze/Crazyflie/cf2x.usd
crazyflie_room_basic,1286,21.92798199999379,-1.45,-0.9,0.7,0.0,0.0,0.0,hover,0.0,0.0,0.0,0.0,keyboard_terminal,https://omniverse-content-production.s3-us-west-2.amazonaws.com/Assets/Isaac/5.1/Isaac/Robots/Bitcraze/Crazyflie/cf2x.usd
crazyflie_room_basic,1289,21.979020800004946,-1.45,-0.9,0.7,0.0,0.0,0.0,hover,0.0,0.0,0.0,0.0,keyboard_terminal,https://omniverse-content-production.s3-us-west-2.amazonaws.com/Assets/Isaac/5.1/Isaac/Robots/Bitcraze/Crazyflie/cf2x.usd
crazyflie_room_basic,1292,22.030071900007897,-1.45,-0.9,0.7,0.0,0.0,0.0,hover,0.0,0.0,0.0,0.0,keyboard_terminal,https://omniverse-content-production.s3-us-west-2.amazonaws.com/Assets/Isaac/5.1/Isaac/Robots/Bitcraze/Crazyflie/cf2x.usd
crazyflie_room_basic,1295,22.08110900000611,-1.45,-0.9,0.7,0.0,0.0,0.0,hover,0.0,0.0,0.0,0.0,keyboard_terminal,https://omniverse-content-production.s3-us-west-2.amazonaws.com/Assets/Isaac/5.1/Isaac/Robots/Bitcraze/Crazyflie/cf2x.usd
crazyflie_room_basic,1298,22.13214760000119,-1.45,-0.9,0.7,0.0,0.0,0.0,hover,0.0,0.0,0.0,0.0,keyboard_terminal,https://omniverse-content-production.s3-us-west-2.amazonaws.com/Assets/Isaac/5.1/Isaac/Robots/Bitcraze/Crazyflie/cf2x.usd
crazyflie_room_basic,1301,22.183184399997117,-1.45,-0.9,0.7,0.0,0.0,0.0,hover,0.0,0.0,0.0,0.0,keyboard_terminal,https://omniverse-content-production.s3-us-west-2.amazonaws.com/Assets/Isaac/5.1/Isaac/Robots/Bitcraze/Crazyflie/cf2x.usd
crazyflie_room_basic,1304,22.234241700003622,-1.45,-0.9,0.7,0.0,0.0,0.0,hover,0.0,0.0,0.0,0.0,keyboard_terminal,https://omniverse-content-production.s3-us-west-2.amazonaws.com/Assets/Isaac/5.1/Isaac/Robots/Bitcraze/Crazyflie/cf2x.usd
crazyflie_room_basic,1307,22.28527770000801,-1.45,-0.9,0.7,0.0,0.0,0.0,hover,0.0,0.0,0.0,0.0,keyboard_terminal,https://omniverse-content-production.s3-us-west-2.amazonaws.com/Assets/Isaac/5.1/Isaac/Robots/Bitcraze/Crazyflie/cf2x.usd
crazyflie_room_basic,1310,22.336320100002922,-1.45,-0.9,0.7,0.0,0.0,0.0,hover,0.0,0.0,0.0,0.0,keyboard_terminal,https://omniverse-content-production.s3-us-west-2.amazonaws.com/Assets/Isaac/5.1/Isaac/Robots/Bitcraze/Crazyflie/cf2x.usd
crazyflie_room_basic,1313,22.387360299995635,-1.45,-0.9,0.7,0.0,0.0,0.0,hover,0.0,0.0,0.0,0.0,keyboard_terminal,https://omniverse-content-production.s3-us-west-2.amazonaws.com/Assets/Isaac/5.1/Isaac/Robots/Bitcraze/Crazyflie/cf2x.usd
crazyflie_room_basic,1316,22.438402400002815,-1.45,-0.9,0.7,0.0,0.0,0.0,hover,0.0,0.0,0.0,0.0,keyboard_terminal,https://omniverse-content-production.s3-us-west-2.amazonaws.com/Assets/Isaac/5.1/Isaac/Robots/Bitcraze/Crazyflie/cf2x.usd
crazyflie_room_basic,1319,22.489448399996036,-1.45,-0.9,0.7,0.0,0.0,0.0,hover,0.0,0.0,0.0,0.0,keyboard_terminal,https://omniverse-content-production.s3-us-west-2.amazonaws.com/Assets/Isaac/5.1/Isaac/Robots/Bitcraze/Crazyflie/cf2x.usd
crazyflie_room_basic,1322,22.540512699997635,-1.45,-0.9,0.7,0.0,0.0,0.0,hover,0.0,0.0,0.0,0.0,keyboard_terminal,https://omniverse-content-production.s3-us-west-2.amazonaws.com/Assets/Isaac/5.1/Isaac/Robots/Bitcraze/Crazyflie/cf2x.usd
crazyflie_room_basic,1325,22.591534199993475,-1.45,-0.9,0.7,0.0,0.0,0.0,hover,0.0,0.0,0.0,0.0,keyboard_terminal,https://omniverse-content-production.s3-us-west-2.amazonaws.com/Assets/Isaac/5.1/Isaac/Robots/Bitcraze/Crazyflie/cf2x.usd
crazyflie_room_basic,1328,22.64257809999981,-1.45,-0.9,0.7,0.0,0.0,0.0,hover,0.0,0.0,0.0,0.0,keyboard_terminal,https://omniverse-content-production.s3-us-west-2.amazonaws.com/Assets/Isaac/5.1/Isaac/Robots/Bitcraze/Crazyflie/cf2x.usd
crazyflie_room_basic,1331,22.693620799997007,-1.45,-0.9,0.7,0.0,0.0,0.0,hover,0.0,0.0,0.0,0.0,keyboard_terminal,https://omniverse-content-production.s3-us-west-2.amazonaws.com/Assets/Isaac/5.1/Isaac/Robots/Bitcraze/Crazyflie/cf2x.usd
crazyflie_room_basic,1334,22.74467210000148,-1.45,-0.9,0.7,0.0,0.0,0.0,hover,0.0,0.0,0.0,0.0,keyboard_terminal,https://omniverse-content-production.s3-us-west-2.amazonaws.com/Assets/Isaac/5.1/Isaac/Robots/Bitcraze/Crazyflie/cf2x.usd
crazyflie_room_basic,1337,22.795713800005615,-1.45,-0.9,0.7,0.0,0.0,0.0,hover,0.0,0.0,0.0,0.0,keyboard_terminal,https://omniverse-content-production.s3-us-west-2.amazonaws.com/Assets/Isaac/5.1/Isaac/Robots/Bitcraze/Crazyflie/cf2x.usd
crazyflie_room_basic,1340,22.846760500004166,-1.45,-0.9,0.7,0.0,0.0,0.0,hover,0.0,0.0,0.0,0.0,keyboard_terminal,https://omniverse-content-production.s3-us-west-2.amazonaws.com/Assets/Isaac/5.1/Isaac/Robots/Bitcraze/Crazyflie/cf2x.usd
crazyflie_room_basic,1343,22.89784970000619,-1.45,-0.9,0.7,0.0,0.0,0.0,hover,0.0,0.0,0.0,0.0,keyboard_terminal,https://omniverse-content-production.s3-us-west-2.amazonaws.com/Assets/Isaac/5.1/Isaac/Robots/Bitcraze/Crazyflie/cf2x.usd
crazyflie_room_basic,1346,22.948849399996107,-1.45,-0.9,0.7,0.0,0.0,0.0,hover,0.0,0.0,0.0,0.0,keyboard_terminal,https://omniverse-content-production.s3-us-west-2.amazonaws.com/Assets/Isaac/5.1/Isaac/Robots/Bitcraze/Crazyflie/cf2x.usd
crazyflie_room_basic,1349,22.999893600004725,-1.45,-0.9,0.7,0.0,0.0,0.0,hover,0.0,0.0,0.0,0.0,keyboard_terminal,https://omniverse-content-production.s3-us-west-2.amazonaws.com/Assets/Isaac/5.1/Isaac/Robots/Bitcraze/Crazyflie/cf2x.usd
crazyflie_room_basic,1352,23.05094420000387,-1.45,-0.9,0.7,0.0,0.0,0.0,hover,0.0,0.0,0.0,0.0,keyboard_terminal,https://omniverse-content-production.s3-us-west-2.amazonaws.com/Assets/Isaac/5.1/Isaac/Robots/Bitcraze/Crazyflie/cf2x.usd
crazyflie_room_basic,1355,23.101986299996497,-1.45,-0.9,0.7,0.0,0.0,0.0,hover,0.0,0.0,0.0,0.0,keyboard_terminal,https://omniverse-content-production.s3-us-west-2.amazonaws.com/Assets/Isaac/5.1/Isaac/Robots/Bitcraze/Crazyflie/cf2x.usd
crazyflie_room_basic,1358,23.153019599994877,-1.45,-0.9,0.7,0.0,0.0,0.0,hover,0.0,0.0,0.0,0.0,keyboard_terminal,https://omniverse-content-production.s3-us-west-2.amazonaws.com/Assets/Isaac/5.1/Isaac/Robots/Bitcraze/Crazyflie/cf2x.usd
crazyflie_room_basic,1361,23.204068200007896,-1.45,-0.9,0.7,0.0,0.0,0.0,hover,0.0,0.0,0.0,0.0,keyboard_terminal,https://omniverse-content-production.s3-us-west-2.amazonaws.com/Assets/Isaac/5.1/Isaac/Robots/Bitcraze/Crazyflie/cf2x.usd
crazyflie_room_basic,1364,23.25510199999553,-1.45,-0.9,0.7,0.0,0.0,0.0,hover,0.0,0.0,0.0,0.0,keyboard_terminal,https://omniverse-content-production.s3-us-west-2.amazonaws.com/Assets/Isaac/5.1/Isaac/Robots/Bitcraze/Crazyflie/cf2x.usd
crazyflie_room_basic,1367,23.30615299999772,-1.45,-0.9,0.7,0.0,0.0,0.0,hover,0.0,0.0,0.0,0.0,keyboard_terminal,https://omniverse-content-production.s3-us-west-2.amazonaws.com/Assets/Isaac/5.1/Isaac/Robots/Bitcraze/Crazyflie/cf2x.usd
crazyflie_room_basic,1370,23.35719209999661,-1.45,-0.9,0.7,0.0,0.0,0.0,hover,0.0,0.0,0.0,0.0,keyboard_terminal,https://omniverse-content-production.s3-us-west-2.amazonaws.com/Assets/Isaac/5.1/Isaac/Robots/Bitcraze/Crazyflie/cf2x.usd
crazyflie_room_basic,1373,23.408243300000322,-1.45,-0.9,0.7,0.0,0.0,0.0,hover,0.0,0.0,0.0,0.0,keyboard_terminal,https://omniverse-content-production.s3-us-west-2.amazonaws.com/Assets/Isaac/5.1/Isaac/Robots/Bitcraze/Crazyflie/cf2x.usd
crazyflie_room_basic,1376,23.45928769999591,-1.45,-0.9,0.7,0.0,0.0,0.0,hover,0.0,0.0,0.0,0.0,keyboard_terminal,https://omniverse-content-production.s3-us-west-2.amazonaws.com/Assets/Isaac/5.1/Isaac/Robots/Bitcraze/Crazyflie/cf2x.usd
crazyflie_room_basic,1379,23.510326300005545,-1.45,-0.9,0.7,0.0,0.0,0.0,hover,0.0,0.0,0.0,0.0,keyboard_terminal,https://omniverse-content-production.s3-us-west-2.amazonaws.com/Assets/Isaac/5.1/Isaac/Robots/Bitcraze/Crazyflie/cf2x.usd
crazyflie_room_basic,1382,23.561384700005874,-1.45,-0.9,0.7,0.0,0.0,0.0,hover,0.0,0.0,0.0,0.0,keyboard_terminal,https://omniverse-content-production.s3-us-west-2.amazonaws.com/Assets/Isaac/5.1/Isaac/Robots/Bitcraze/Crazyflie/cf2x.usd
crazyflie_room_basic,1385,23.612434599999688,-1.45,-0.9,0.7,0.0,0.0,0.0,hover,0.0,0.0,0.0,0.0,keyboard_terminal,https://omniverse-content-production.s3-us-west-2.amazonaws.com/Assets/Isaac/5.1/Isaac/Robots/Bitcraze/Crazyflie/cf2x.usd
crazyflie_room_basic,1388,23.663459300005343,-1.45,-0.9,0.7,0.0,0.0,0.0,hover,0.0,0.0,0.0,0.0,keyboard_terminal,https://omniverse-content-production.s3-us-west-2.amazonaws.com/Assets/Isaac/5.1/Isaac/Robots/Bitcraze/Crazyflie/cf2x.usd
crazyflie_room_basic,1391,23.714501800001017,-1.45,-0.9,0.7,0.0,0.0,0.0,hover,0.0,0.0,0.0,0.0,keyboard_terminal,https://omniverse-content-production.s3-us-west-2.amazonaws.com/Assets/Isaac/5.1/Isaac/Robots/Bitcraze/Crazyflie/cf2x.usd
crazyflie_room_basic,1394,23.76554279999982,-1.45,-0.9,0.7,0.0,0.0,0.0,hover,0.0,0.0,0.0,0.0,keyboard_terminal,https://omniverse-content-production.s3-us-west-2.amazonaws.com/Assets/Isaac/5.1/Isaac/Robots/Bitcraze/Crazyflie/cf2x.usd
crazyflie_room_basic,1397,23.81659309999668,-1.45,-0.9,0.7,0.0,0.0,0.0,hover,0.0,0.0,0.0,0.0,keyboard_terminal,https://omniverse-content-production.s3-us-west-2.amazonaws.com/Assets/Isaac/5.1/Isaac/Robots/Bitcraze/Crazyflie/cf2x.usd
crazyflie_room_basic,1400,23.8676262999943,-1.45,-0.9,0.7,0.0,0.0,0.0,hover,0.0,0.0,0.0,0.0,keyboard_terminal,https://omniverse-content-production.s3-us-west-2.amazonaws.com/Assets/Isaac/5.1/Isaac/Robots/Bitcraze/Crazyflie/cf2x.usd
crazyflie_room_basic,1403,23.918696900000214,-1.45,-0.9,0.7,0.0,0.0,0.0,hover,0.0,0.0,0.0,0.0,keyboard_terminal,https://omniverse-content-production.s3-us-west-2.amazonaws.com/Assets/Isaac/5.1/Isaac/Robots/Bitcraze/Crazyflie/cf2x.usd
crazyflie_room_basic,1406,23.969728900003247,-1.45,-0.9,0.7,0.0,0.0,0.0,hover,0.0,0.0,0.0,0.0,keyboard_terminal,https://omniverse-content-production.s3-us-west-2.amazonaws.com/Assets/Isaac/5.1/Isaac/Robots/Bitcraze/Crazyflie/cf2x.usd
crazyflie_room_basic,1409,24.02076300000772,-1.45,-0.9,0.7,0.0,0.0,0.0,hover,0.0,0.0,0.0,0.0,keyboard_terminal,https://omniverse-content-production.s3-us-west-2.amazonaws.com/Assets/Isaac/5.1/Isaac/Robots/Bitcraze/Crazyflie/cf2x.usd
crazyflie_room_basic,1412,24.071814099996118,-1.45,-0.9,0.7,0.0,0.0,0.0,hover,0.0,0.0,0.0,0.0,keyboard_terminal,https://omniverse-content-production.s3-us-west-2.amazonaws.com/Assets/Isaac/5.1/Isaac/Robots/Bitcraze/Crazyflie/cf2x.usd
crazyflie_room_basic,1415,24.122867800004315,-1.45,-0.9,0.7,0.0,0.0,0.0,hover,0.0,0.0,0.0,0.0,keyboard_terminal,https://omniverse-content-production.s3-us-west-2.amazonaws.com/Assets/Isaac/5.1/Isaac/Robots/Bitcraze/Crazyflie/cf2x.usd
crazyflie_room_basic,1418,24.17389560000447,-1.45,-0.9,0.7,0.0,0.0,0.0,hover,0.0,0.0,0.0,0.0,keyboard_terminal,https://omniverse-content-production.s3-us-west-2.amazonaws.com/Assets/Isaac/5.1/Isaac/Robots/Bitcraze/Crazyflie/cf2x.usd
crazyflie_room_basic,1421,24.224937200007844,-1.45,-0.9,0.7,0.0,0.0,0.0,hover,0.0,0.0,0.0,0.0,keyboard_terminal,https://omniverse-content-production.s3-us-west-2.amazonaws.com/Assets/Isaac/5.1/Isaac/Robots/Bitcraze/Crazyflie/cf2x.usd
crazyflie_room_basic,1424,24.27598229999421,-1.45,-0.9,0.7,0.0,0.0,0.0,hover,0.0,0.0,0.0,0.0,keyboard_terminal,https://omniverse-content-production.s3-us-west-2.amazonaws.com/Assets/Isaac/5.1/Isaac/Robots/Bitcraze/Crazyflie/cf2x.usd
crazyflie_room_basic,1427,24.32704139999987,-1.45,-0.9,0.7,0.0,0.0,0.0,hover,0.0,0.0,0.0,0.0,keyboard_terminal,https://omniverse-content-production.s3-us-west-2.amazonaws.com/Assets/Isaac/5.1/Isaac/Robots/Bitcraze/Crazyflie/cf2x.usd
crazyflie_room_basic,1430,24.378069600003073,-1.45,-0.9,0.7,0.0,0.0,0.0,hover,0.0,0.0,0.0,0.0,keyboard_terminal,https://omniverse-content-production.s3-us-west-2.amazonaws.com/Assets/Isaac/5.1/Isaac/Robots/Bitcraze/Crazyflie/cf2x.usd
crazyflie_room_basic,1433,24.429126100003486,-1.45,-0.9,0.7,0.0,0.0,0.0,hover,0.0,0.0,0.0,0.0,keyboard_terminal,https://omniverse-content-production.s3-us-west-2.amazonaws.com/Assets/Isaac/5.1/Isaac/Robots/Bitcraze/Crazyflie/cf2x.usd
crazyflie_room_basic,1436,24.48015899999882,-1.45,-0.9,0.7,0.0,0.0,0.0,hover,0.0,0.0,0.0,0.0,keyboard_terminal,https://omniverse-content-production.s3-us-west-2.amazonaws.com/Assets/Isaac/5.1/Isaac/Robots/Bitcraze/Crazyflie/cf2x.usd
crazyflie_room_basic,1439,24.53119740000693,-1.45,-0.9,0.7,0.0,0.0,0.0,hover,0.0,0.0,0.0,0.0,keyboard_terminal,https://omniverse-content-production.s3-us-west-2.amazonaws.com/Assets/Isaac/5.1/Isaac/Robots/Bitcraze/Crazyflie/cf2x.usd
crazyflie_room_basic,1442,24.58225649999804,-1.45,-0.9,0.7,0.0,0.0,0.0,hover,0.0,0.0,0.0,0.0,keyboard_terminal,https://omniverse-content-production.s3-us-west-2.amazonaws.com/Assets/Isaac/5.1/Isaac/Robots/Bitcraze/Crazyflie/cf2x.usd
crazyflie_room_basic,1445,24.633304400005727,-1.45,-0.9,0.7,0.0,0.0,0.0,hover,0.0,0.0,0.0,0.0,keyboard_terminal,https://omniverse-content-production.s3-us-west-2.amazonaws.com/Assets/Isaac/5.1/Isaac/Robots/Bitcraze/Crazyflie/cf2x.usd
crazyflie_room_basic,1448,24.68436840000504,-1.45,-0.9,0.7,0.0,0.0,0.0,hover,0.0,0.0,0.0,0.0,keyboard_terminal,https://omniverse-content-production.s3-us-west-2.amazonaws.com/Assets/Isaac/5.1/Isaac/Robots/Bitcraze/Crazyflie/cf2x.usd
crazyflie_room_basic,1451,24.735383499995805,-1.45,-0.9,0.7,0.0,0.0,0.0,hover,0.0,0.0,0.0,0.0,keyboard_terminal,https://omniverse-content-production.s3-us-west-2.amazonaws.com/Assets/Isaac/5.1/Isaac/Robots/Bitcraze/Crazyflie/cf2x.usd
crazyflie_room_basic,1454,24.786414400005015,-1.45,-0.9,0.7,0.0,0.0,0.0,hover,0.0,0.0,0.0,0.0,keyboard_terminal,https://omniverse-content-production.s3-us-west-2.amazonaws.com/Assets/Isaac/5.1/Isaac/Robots/Bitcraze/Crazyflie/cf2x.usd
crazyflie_room_basic,1457,24.837485700001707,-1.45,-0.9,0.7,0.0,0.0,0.0,hover,0.0,0.0,0.0,0.0,keyboard_terminal,https://omniverse-content-production.s3-us-west-2.amazonaws.com/Assets/Isaac/5.1/Isaac/Robots/Bitcraze/Crazyflie/cf2x.usd
crazyflie_room_basic,1460,24.888507099996787,-1.45,-0.9,0.7,0.0,0.0,0.0,hover,0.0,0.0,0.0,0.0,keyboard_terminal,https://omniverse-content-production.s3-us-west-2.amazonaws.com/Assets/Isaac/5.1/Isaac/Robots/Bitcraze/Crazyflie/cf2x.usd
crazyflie_room_basic,1463,24.939553500007605,-1.45,-0.9,0.7,0.0,0.0,0.0,hover,0.0,0.0,0.0,0.0,keyboard_terminal,https://omniverse-content-production.s3-us-west-2.amazonaws.com/Assets/Isaac/5.1/Isaac/Robots/Bitcraze/Crazyflie/cf2x.usd
crazyflie_room_basic,1466,24.99059899999702,-1.45,-0.9,0.7,0.0,0.0,0.0,hover,0.0,0.0,0.0,0.0,keyboard_terminal,https://omniverse-content-production.s3-us-west-2.amazonaws.com/Assets/Isaac/5.1/Isaac/Robots/Bitcraze/Crazyflie/cf2x.usd
crazyflie_room_basic,1469,25.04164049999963,-1.45,-0.9,0.7,0.0,0.0,0.0,hover,0.0,0.0,0.0,0.0,keyboard_terminal,https://omniverse-content-production.s3-us-west-2.amazonaws.com/Assets/Isaac/5.1/Isaac/Robots/Bitcraze/Crazyflie/cf2x.usd
crazyflie_room_basic,1472,25.09269220000715,-1.45,-0.9,0.7,0.0,0.0,0.0,hover,0.0,0.0,0.0,0.0,keyboard_terminal,https://omniverse-content-production.s3-us-west-2.amazonaws.com/Assets/Isaac/5.1/Isaac/Robots/Bitcraze/Crazyflie/cf2x.usd
crazyflie_room_basic,1475,25.14372540000477,-1.45,-0.9,0.7,0.0,0.0,0.0,hover,0.0,0.0,0.0,0.0,keyboard_terminal,https://omniverse-content-production.s3-us-west-2.amazonaws.com/Assets/Isaac/5.1/Isaac/Robots/Bitcraze/Crazyflie/cf2x.usd
crazyflie_room_basic,1478,25.19476769999892,-1.45,-0.9,0.7,0.0,0.0,0.0,hover,0.0,0.0,0.0,0.0,keyboard_terminal,https://omniverse-content-production.s3-us-west-2.amazonaws.com/Assets/Isaac/5.1/Isaac/Robots/Bitcraze/Crazyflie/cf2x.usd
crazyflie_room_basic,1481,25.245813000001363,-1.45,-0.9,0.7,0.0,0.0,0.0,hover,0.0,0.0,0.0,0.0,keyboard_terminal,https://omniverse-content-production.s3-us-west-2.amazonaws.com/Assets/Isaac/5.1/Isaac/Robots/Bitcraze/Crazyflie/cf2x.usd
crazyflie_room_basic,1484,25.296856100001605,-1.45,-0.9,0.7,0.0,0.0,0.0,hover,0.0,0.0,0.0,0.0,keyboard_terminal,https://omniverse-content-production.s3-us-west-2.amazonaws.com/Assets/Isaac/5.1/Isaac/Robots/Bitcraze/Crazyflie/cf2x.usd
crazyflie_room_basic,1487,25.34789649999584,-1.45,-0.9,0.7,0.0,0.0,0.0,hover,0.0,0.0,0.0,0.0,keyboard_terminal,https://omniverse-content-production.s3-us-west-2.amazonaws.com/Assets/Isaac/5.1/Isaac/Robots/Bitcraze/Crazyflie/cf2x.usd
crazyflie_room_basic,1490,25.398948700007168,-1.45,-0.9,0.7,0.0,0.0,0.0,hover,0.0,0.0,0.0,0.0,keyboard_terminal,https://omniverse-content-production.s3-us-west-2.amazonaws.com/Assets/Isaac/5.1/Isaac/Robots/Bitcraze/Crazyflie/cf2x.usd
crazyflie_room_basic,1493,25.44999269999971,-1.45,-0.9,0.7,0.0,0.0,0.0,hover,0.0,0.0,0.0,0.0,keyboard_terminal,https://omniverse-content-production.s3-us-west-2.amazonaws.com/Assets/Isaac/5.1/Isaac/Robots/Bitcraze/Crazyflie/cf2x.usd
crazyflie_room_basic,1496,25.501033599997754,-1.45,-0.9,0.7,0.0,0.0,0.0,hover,0.0,0.0,0.0,0.0,keyboard_terminal,https://omniverse-content-production.s3-us-west-2.amazonaws.com/Assets/Isaac/5.1/Isaac/Robots/Bitcraze/Crazyflie/cf2x.usd
crazyflie_room_basic,1499,25.552080099994782,-1.45,-0.9,0.7,0.0,0.0,0.0,hover,0.0,0.0,0.0,0.0,keyboard_terminal,https://omniverse-content-production.s3-us-west-2.amazonaws.com/Assets/Isaac/5.1/Isaac/Robots/Bitcraze/Crazyflie/cf2x.usd
crazyflie_room_basic,1502,25.603123299995787,-1.45,-0.9,0.7,0.0,0.0,0.0,hover,0.0,0.0,0.0,0.0,keyboard_terminal,https://omniverse-content-production.s3-us-west-2.amazonaws.com/Assets/Isaac/5.1/Isaac/Robots/Bitcraze/Crazyflie/cf2x.usd
crazyflie_room_basic,1505,25.654169800007367,-1.45,-0.9,0.7,0.0,0.0,0.0,hover,0.0,0.0,0.0,0.0,keyboard_terminal,https://omniverse-content-production.s3-us-west-2.amazonaws.com/Assets/Isaac/5.1/Isaac/Robots/Bitcraze/Crazyflie/cf2x.usd
crazyflie_room_basic,1508,25.705213299996103,-1.45,-0.9,0.7,0.0,0.0,0.0,hover,0.0,0.0,0.0,0.0,keyboard_terminal,https://omniverse-content-production.s3-us-west-2.amazonaws.com/Assets/Isaac/5.1/Isaac/Robots/Bitcraze/Crazyflie/cf2x.usd
crazyflie_room_basic,1511,25.75624990000506,-1.45,-0.9,0.7,0.0,0.0,0.0,hover,0.0,0.0,0.0,0.0,keyboard_terminal,https://omniverse-content-production.s3-us-west-2.amazonaws.com/Assets/Isaac/5.1/Isaac/Robots/Bitcraze/Crazyflie/cf2x.usd
crazyflie_room_basic,1514,25.807299899999634,-1.45,-0.9,0.7,0.0,0.0,0.0,hover,0.0,0.0,0.0,0.0,keyboard_terminal,https://omniverse-content-production.s3-us-west-2.amazonaws.com/Assets/Isaac/5.1/Isaac/Robots/Bitcraze/Crazyflie/cf2x.usd
crazyflie_room_basic,1517,25.8583462999959,-1.45,-0.9,0.7,0.0,0.0,0.0,hover,0.0,0.0,0.0,0.0,keyboard_terminal,https://omniverse-content-production.s3-us-west-2.amazonaws.com/Assets/Isaac/5.1/Isaac/Robots/Bitcraze/Crazyflie/cf2x.usd
crazyflie_room_basic,1520,25.909386600003927,-1.45,-0.9,0.7,0.0,0.0,0.0,hover,0.0,0.0,0.0,0.0,keyboard_terminal,https://omniverse-content-production.s3-us-west-2.amazonaws.com/Assets/Isaac/5.1/Isaac/Robots/Bitcraze/Crazyflie/cf2x.usd
crazyflie_room_basic,1523,25.960436299996218,-1.45,-0.9,0.7,0.0,0.0,0.0,hover,0.0,0.0,0.0,0.0,keyboard_terminal,https://omniverse-content-production.s3-us-west-2.amazonaws.com/Assets/Isaac/5.1/Isaac/Robots/Bitcraze/Crazyflie/cf2x.usd
crazyflie_room_basic,1526,26.011476500003482,-1.45,-0.9,0.7,0.0,0.0,0.0,hover,0.0,0.0,0.0,0.0,keyboard_terminal,https://omniverse-content-production.s3-us-west-2.amazonaws.com/Assets/Isaac/5.1/Isaac/Robots/Bitcraze/Crazyflie/cf2x.usd
crazyflie_room_basic,1529,26.06251699999848,-1.45,-0.9,0.7,0.0,0.0,0.0,hover,0.0,0.0,0.0,0.0,keyboard_terminal,https://omniverse-content-production.s3-us-west-2.amazonaws.com/Assets/Isaac/5.1/Isaac/Robots/Bitcraze/Crazyflie/cf2x.usd
crazyflie_room_basic,1532,26.113561799997115,-1.45,-0.9,0.7,0.0,0.0,0.0,hover,0.0,0.0,0.0,0.0,keyboard_terminal,https://omniverse-content-production.s3-us-west-2.amazonaws.com/Assets/Isaac/5.1/Isaac/Robots/Bitcraze/Crazyflie/cf2x.usd
crazyflie_room_basic,1535,26.164639700000407,-1.45,-0.9,0.7,0.0,0.0,0.0,hover,0.0,0.0,0.0,0.0,keyboard_terminal,https://omniverse-content-production.s3-us-west-2.amazonaws.com/Assets/Isaac/5.1/Isaac/Robots/Bitcraze/Crazyflie/cf2x.usd
crazyflie_room_basic,1538,26.2157664999977,-1.45,-0.9,0.7,0.0,0.0,0.0,hover,0.0,0.0,0.0,0.0,keyboard_terminal,https://omniverse-content-production.s3-us-west-2.amazonaws.com/Assets/Isaac/5.1/Isaac/Robots/Bitcraze/Crazyflie/cf2x.usd
crazyflie_room_basic,1541,26.266705400004867,-1.45,-0.9,0.7,0.0,0.0,0.0,hover,0.0,0.0,0.0,0.0,keyboard_terminal,https://omniverse-content-production.s3-us-west-2.amazonaws.com/Assets/Isaac/5.1/Isaac/Robots/Bitcraze/Crazyflie/cf2x.usd
crazyflie_room_basic,1544,26.317742300001555,-1.45,-0.9,0.7,0.0,0.0,0.0,hover,0.0,0.0,0.0,0.0,keyboard_terminal,https://omniverse-content-production.s3-us-west-2.amazonaws.com/Assets/Isaac/5.1/Isaac/Robots/Bitcraze/Crazyflie/cf2x.usd
crazyflie_room_basic,1547,26.36878859999706,-1.45,-0.9,0.7,0.0,0.0,0.0,hover,0.0,0.0,0.0,0.0,keyboard_terminal,https://omniverse-content-production.s3-us-west-2.amazonaws.com/Assets/Isaac/5.1/Isaac/Robots/Bitcraze/Crazyflie/cf2x.usd
crazyflie_room_basic,1550,26.419879900000524,-1.45,-0.9,0.7,0.0,0.0,0.0,hover,0.0,0.0,0.0,0.0,keyboard_terminal,https://omniverse-content-production.s3-us-west-2.amazonaws.com/Assets/Isaac/5.1/Isaac/Robots/Bitcraze/Crazyflie/cf2x.usd
crazyflie_room_basic,1553,26.47086840000702,-1.45,-0.9,0.7,0.0,0.0,0.0,hover,0.0,0.0,0.0,0.0,keyboard_terminal,https://omniverse-content-production.s3-us-west-2.amazonaws.com/Assets/Isaac/5.1/Isaac/Robots/Bitcraze/Crazyflie/cf2x.usd
crazyflie_room_basic,1556,26.52194409999356,-1.45,-0.9,0.7,0.0,0.0,0.0,hover,0.0,0.0,0.0,0.0,keyboard_terminal,https://omniverse-content-production.s3-us-west-2.amazonaws.com/Assets/Isaac/5.1/Isaac/Robots/Bitcraze/Crazyflie/cf2x.usd
crazyflie_room_basic,1559,26.573004200006835,-1.45,-0.9,0.7,0.0,0.0,0.0,hover,0.0,0.0,0.0,0.0,keyboard_terminal,https://omniverse-content-production.s3-us-west-2.amazonaws.com/Assets/Isaac/5.1/Isaac/Robots/Bitcraze/Crazyflie/cf2x.usd
crazyflie_room_basic,1562,26.624012800006312,-1.45,-0.9,0.7,0.0,0.0,0.0,hover,0.0,0.0,0.0,0.0,keyboard_terminal,https://omniverse-content-production.s3-us-west-2.amazonaws.com/Assets/Isaac/5.1/Isaac/Robots/Bitcraze/Crazyflie/cf2x.usd
crazyflie_room_basic,1565,26.67507320000732,-1.45,-0.9,0.7,0.0,0.0,0.0,hover,0.0,0.0,0.0,0.0,keyboard_terminal,https://omniverse-content-production.s3-us-west-2.amazonaws.com/Assets/Isaac/5.1/Isaac/Robots/Bitcraze/Crazyflie/cf2x.usd
crazyflie_room_basic,1568,26.726121200001216,-1.45,-0.9,0.7,0.0,0.0,0.0,hover,0.0,0.0,0.0,0.0,keyboard_terminal,https://omniverse-content-production.s3-us-west-2.amazonaws.com/Assets/Isaac/5.1/Isaac/Robots/Bitcraze/Crazyflie/cf2x.usd
crazyflie_room_basic,1571,26.777136599994265,-1.45,-0.9,0.7,0.0,0.0,0.0,hover,0.0,0.0,0.0,0.0,keyboard_terminal,https://omniverse-content-production.s3-us-west-2.amazonaws.com/Assets/Isaac/5.1/Isaac/Robots/Bitcraze/Crazyflie/cf2x.usd
crazyflie_room_basic,1574,26.828171300003305,-1.45,-0.9,0.7,0.0,0.0,0.0,hover,0.0,0.0,0.0,0.0,keyboard_terminal,https://omniverse-content-production.s3-us-west-2.amazonaws.com/Assets/Isaac/5.1/Isaac/Robots/Bitcraze/Crazyflie/cf2x.usd
crazyflie_room_basic,1577,26.879216500004986,-1.45,-0.9,0.7,0.0,0.0,0.0,hover,0.0,0.0,0.0,0.0,keyboard_terminal,https://omniverse-content-production.s3-us-west-2.amazonaws.com/Assets/Isaac/5.1/Isaac/Robots/Bitcraze/Crazyflie/cf2x.usd
crazyflie_room_basic,1580,26.93025960000523,-1.45,-0.9,0.7,0.0,0.0,0.0,hover,0.0,0.0,0.0,0.0,keyboard_terminal,https://omniverse-content-production.s3-us-west-2.amazonaws.com/Assets/Isaac/5.1/Isaac/Robots/Bitcraze/Crazyflie/cf2x.usd
crazyflie_room_basic,1583,26.981302100000903,-1.45,-0.9,0.7,0.0,0.0,0.0,hover,0.0,0.0,0.0,0.0,keyboard_terminal,https://omniverse-content-production.s3-us-west-2.amazonaws.com/Assets/Isaac/5.1/Isaac/Robots/Bitcraze/Crazyflie/cf2x.usd
crazyflie_room_basic,1586,27.03235150000546,-1.45,-0.9,0.7,0.0,0.0,0.0,hover,0.0,0.0,0.0,0.0,keyboard_terminal,https://omniverse-content-production.s3-us-west-2.amazonaws.com/Assets/Isaac/5.1/Isaac/Robots/Bitcraze/Crazyflie/cf2x.usd
crazyflie_room_basic,1589,27.083386500002234,-1.45,-0.9,0.7,0.0,0.0,0.0,hover,0.0,0.0,0.0,0.0,keyboard_terminal,https://omniverse-content-production.s3-us-west-2.amazonaws.com/Assets/Isaac/5.1/Isaac/Robots/Bitcraze/Crazyflie/cf2x.usd
crazyflie_room_basic,1592,27.134434899999178,-1.45,-0.9,0.7,0.0,0.0,0.0,hover,0.0,0.0,0.0,0.0,keyboard_terminal,https://omniverse-content-production.s3-us-west-2.amazonaws.com/Assets/Isaac/5.1/Isaac/Robots/Bitcraze/Crazyflie/cf2x.usd
crazyflie_room_basic,1595,27.185477699997136,-1.45,-0.9,0.7,0.0,0.0,0.0,hover,0.0,0.0,0.0,0.0,keyboard_terminal,https://omniverse-content-production.s3-us-west-2.amazonaws.com/Assets/Isaac/5.1/Isaac/Robots/Bitcraze/Crazyflie/cf2x.usd
crazyflie_room_basic,1598,27.236533999996027,-1.45,-0.9,0.7,0.0,0.0,0.0,hover,0.0,0.0,0.0,0.0,keyboard_terminal,https://omniverse-content-production.s3-us-west-2.amazonaws.com/Assets/Isaac/5.1/Isaac/Robots/Bitcraze/Crazyflie/cf2x.usd
crazyflie_room_basic,1601,27.287619900002028,-1.45,-0.9,0.7,0.0,0.0,0.0,hover,0.0,0.0,0.0,0.0,keyboard_terminal,https://omniverse-content-production.s3-us-west-2.amazonaws.com/Assets/Isaac/5.1/Isaac/Robots/Bitcraze/Crazyflie/cf2x.usd
crazyflie_room_basic,1604,27.338621700007934,-1.45,-0.9,0.7,0.0,0.0,0.0,hover,0.0,0.0,0.0,0.0,keyboard_terminal,https://omniverse-content-production.s3-us-west-2.amazonaws.com/Assets/Isaac/5.1/Isaac/Robots/Bitcraze/Crazyflie/cf2x.usd
crazyflie_room_basic,1607,27.389674999998533,-1.45,-0.9,0.7,0.0,0.0,0.0,hover,0.0,0.0,0.0,0.0,keyboard_terminal,https://omniverse-content-production.s3-us-west-2.amazonaws.com/Assets/Isaac/5.1/Isaac/Robots/Bitcraze/Crazyflie/cf2x.usd
crazyflie_room_basic,1610,27.44071399999666,-1.45,-0.9,0.7,0.0,0.0,0.0,hover,0.0,0.0,0.0,0.0,keyboard_terminal,https://omniverse-content-production.s3-us-west-2.amazonaws.com/Assets/Isaac/5.1/Isaac/Robots/Bitcraze/Crazyflie/cf2x.usd
crazyflie_room_basic,1613,27.491745399995125,-1.45,-0.9,0.7,0.0,0.0,0.0,hover,0.0,0.0,0.0,0.0,keyboard_terminal,https://omniverse-content-production.s3-us-west-2.amazonaws.com/Assets/Isaac/5.1/Isaac/Robots/Bitcraze/Crazyflie/cf2x.usd
crazyflie_room_basic,1616,27.542809599995962,-1.45,-0.9,0.7,0.0,0.0,0.0,hover,0.0,0.0,0.0,0.0,keyboard_terminal,https://omniverse-content-production.s3-us-west-2.amazonaws.com/Assets/Isaac/5.1/Isaac/Robots/Bitcraze/Crazyflie/cf2x.usd
crazyflie_room_basic,1619,27.593835799998487,-1.45,-0.9,0.7,0.0,0.0,0.0,hover,0.0,0.0,0.0,0.0,keyboard_terminal,https://omniverse-content-production.s3-us-west-2.amazonaws.com/Assets/Isaac/5.1/Isaac/Robots/Bitcraze/Crazyflie/cf2x.usd
crazyflie_room_basic,1622,27.644875500001945,-1.45,-0.9,0.7,0.0,0.0,0.0,hover,0.0,0.0,0.0,0.0,keyboard_terminal,https://omniverse-content-production.s3-us-west-2.amazonaws.com/Assets/Isaac/5.1/Isaac/Robots/Bitcraze/Crazyflie/cf2x.usd
crazyflie_room_basic,1625,27.69603669999924,-1.45,-0.9,0.7,0.0,0.0,0.0,hover,0.0,0.0,0.0,0.0,keyboard_terminal,https://omniverse-content-production.s3-us-west-2.amazonaws.com/Assets/Isaac/5.1/Isaac/Robots/Bitcraze/Crazyflie/cf2x.usd
crazyflie_room_basic,1628,27.746965099999215,-1.45,-0.9,0.7,0.0,0.0,0.0,hover,0.0,0.0,0.0,0.0,keyboard_terminal,https://omniverse-content-production.s3-us-west-2.amazonaws.com/Assets/Isaac/5.1/Isaac/Robots/Bitcraze/Crazyflie/cf2x.usd
crazyflie_room_basic,1631,27.798014500003774,-1.45,-0.9,0.7,0.0,0.0,0.0,hover,0.0,0.0,0.0,0.0,keyboard_terminal,https://omniverse-content-production.s3-us-west-2.amazonaws.com/Assets/Isaac/5.1/Isaac/Robots/Bitcraze/Crazyflie/cf2x.usd
crazyflie_room_basic,1634,27.849057500003255,-1.45,-0.9,0.7,0.0,0.0,0.0,hover,0.0,0.0,0.0,0.0,keyboard_terminal,https://omniverse-content-production.s3-us-west-2.amazonaws.com/Assets/Isaac/5.1/Isaac/Robots/Bitcraze/Crazyflie/cf2x.usd
crazyflie_room_basic,1637,27.90012229999411,-1.45,-0.9,0.7,0.0,0.0,0.0,hover,0.0,0.0,0.0,0.0,keyboard_terminal,https://omniverse-content-production.s3-us-west-2.amazonaws.com/Assets/Isaac/5.1/Isaac/Robots/Bitcraze/Crazyflie/cf2x.usd
crazyflie_room_basic,1640,27.95116300000518,-1.45,-0.9,0.7,0.0,0.0,0.0,hover,0.0,0.0,0.0,0.0,keyboard_terminal,https://omniverse-content-production.s3-us-west-2.amazonaws.com/Assets/Isaac/5.1/Isaac/Robots/Bitcraze/Crazyflie/cf2x.usd
crazyflie_room_basic,1643,28.00219389999984,-1.45,-0.9,0.7,0.0,0.0,0.0,hover,0.0,0.0,0.0,0.0,keyboard_terminal,https://omniverse-content-production.s3-us-west-2.amazonaws.com/Assets/Isaac/5.1/Isaac/Robots/Bitcraze/Crazyflie/cf2x.usd
crazyflie_room_basic,1646,28.0532777000044,-1.45,-0.9,0.7,0.0,0.0,0.0,hover,0.0,0.0,0.0,0.0,keyboard_terminal,https://omniverse-content-production.s3-us-west-2.amazonaws.com/Assets/Isaac/5.1/Isaac/Robots/Bitcraze/Crazyflie/cf2x.usd
crazyflie_room_basic,1649,28.104280800005654,-1.45,-0.9,0.7,0.0,0.0,0.0,hover,0.0,0.0,0.0,0.0,keyboard_terminal,https://omniverse-content-production.s3-us-west-2.amazonaws.com/Assets/Isaac/5.1/Isaac/Robots/Bitcraze/Crazyflie/cf2x.usd
crazyflie_room_basic,1652,28.15533150000556,-1.45,-0.9,0.7,0.0,0.0,0.0,hover,0.0,0.0,0.0,0.0,keyboard_terminal,https://omniverse-content-production.s3-us-west-2.amazonaws.com/Assets/Isaac/5.1/Isaac/Robots/Bitcraze/Crazyflie/cf2x.usd
crazyflie_room_basic,1655,28.206360600001062,-1.45,-0.9,0.7,0.0,0.0,0.0,hover,0.0,0.0,0.0,0.0,keyboard_terminal,https://omniverse-content-production.s3-us-west-2.amazonaws.com/Assets/Isaac/5.1/Isaac/Robots/Bitcraze/Crazyflie/cf2x.usd
crazyflie_room_basic,1658,28.257454799997504,-1.45,-0.9,0.7,0.0,0.0,0.0,hover,0.0,0.0,0.0,0.0,keyboard_terminal,https://omniverse-content-production.s3-us-west-2.amazonaws.com/Assets/Isaac/5.1/Isaac/Robots/Bitcraze/Crazyflie/cf2x.usd
crazyflie_room_basic,1661,28.30845229999977,-1.45,-0.9,0.7,0.0,0.0,0.0,hover,0.0,0.0,0.0,0.0,keyboard_terminal,https://omniverse-content-production.s3-us-west-2.amazonaws.com/Assets/Isaac/5.1/Isaac/Robots/Bitcraze/Crazyflie/cf2x.usd
crazyflie_room_basic,1664,28.359486500005005,-1.45,-0.9,0.7,0.0,0.0,0.0,hover,0.0,0.0,0.0,0.0,keyboard_terminal,https://omniverse-content-production.s3-us-west-2.amazonaws.com/Assets/Isaac/5.1/Isaac/Robots/Bitcraze/Crazyflie/cf2x.usd
crazyflie_room_basic,1667,28.41053439999814,-1.45,-0.9,0.7,0.0,0.0,0.0,hover,0.0,0.0,0.0,0.0,keyboard_terminal,https://omniverse-content-production.s3-us-west-2.amazonaws.com/Assets/Isaac/5.1/Isaac/Robots/Bitcraze/Crazyflie/cf2x.usd
crazyflie_room_basic,1670,28.46158610000566,-1.45,-0.9,0.7,0.0,0.0,0.0,hover,0.0,0.0,0.0,0.0,keyboard_terminal,https://omniverse-content-production.s3-us-west-2.amazonaws.com/Assets/Isaac/5.1/Isaac/Robots/Bitcraze/Crazyflie/cf2x.usd
crazyflie_room_basic,1673,28.512632300000405,-1.45,-0.9,0.7,0.0,0.0,0.0,hover,0.0,0.0,0.0,0.0,keyboard_terminal,https://omniverse-content-production.s3-us-west-2.amazonaws.com/Assets/Isaac/5.1/Isaac/Robots/Bitcraze/Crazyflie/cf2x.usd
crazyflie_room_basic,1676,28.563663299995824,-1.45,-0.9,0.7,0.0,0.0,0.0,hover,0.0,0.0,0.0,0.0,keyboard_terminal,https://omniverse-content-production.s3-us-west-2.amazonaws.com/Assets/Isaac/5.1/Isaac/Robots/Bitcraze/Crazyflie/cf2x.usd
crazyflie_room_basic,1679,28.61472810000123,-1.45,-0.9,0.7,0.0,0.0,0.0,hover,0.0,0.0,0.0,0.0,keyboard_terminal,https://omniverse-content-production.s3-us-west-2.amazonaws.com/Assets/Isaac/5.1/Isaac/Robots/Bitcraze/Crazyflie/cf2x.usd
crazyflie_room_basic,1682,28.665752800006885,-1.45,-0.9,0.7,0.0,0.0,0.0,hover,0.0,0.0,0.0,0.0,keyboard_terminal,https://omniverse-content-production.s3-us-west-2.amazonaws.com/Assets/Isaac/5.1/Isaac/Robots/Bitcraze/Crazyflie/cf2x.usd
crazyflie_room_basic,1685,28.716785199998412,-1.45,-0.9,0.7,0.0,0.0,0.0,hover,0.0,0.0,0.0,0.0,keyboard_terminal,https://omniverse-content-production.s3-us-west-2.amazonaws.com/Assets/Isaac/5.1/Isaac/Robots/Bitcraze/Crazyflie/cf2x.usd
crazyflie_room_basic,1688,28.767862900000182,-1.45,-0.9,0.7,0.0,0.0,0.0,hover,0.0,0.0,0.0,0.0,keyboard_terminal,https://omniverse-content-production.s3-us-west-2.amazonaws.com/Assets/Isaac/5.1/Isaac/Robots/Bitcraze/Crazyflie/cf2x.usd
crazyflie_room_basic,1691,28.81888400000753,-1.45,-0.9,0.7,0.0,0.0,0.0,hover,0.0,0.0,0.0,0.0,keyboard_terminal,https://omniverse-content-production.s3-us-west-2.amazonaws.com/Assets/Isaac/5.1/Isaac/Robots/Bitcraze/Crazyflie/cf2x.usd
crazyflie_room_basic,1694,28.869931900000665,-1.45,-0.9,0.7,0.0,0.0,0.0,hover,0.0,0.0,0.0,0.0,keyboard_terminal,https://omniverse-content-production.s3-us-west-2.amazonaws.com/Assets/Isaac/5.1/Isaac/Robots/Bitcraze/Crazyflie/cf2x.usd
crazyflie_room_basic,1697,28.920981999996002,-1.45,-0.9,0.7,0.0,0.0,0.0,hover,0.0,0.0,0.0,0.0,keyboard_terminal,https://omniverse-content-production.s3-us-west-2.amazonaws.com/Assets/Isaac/5.1/Isaac/Robots/Bitcraze/Crazyflie/cf2x.usd
crazyflie_room_basic,1700,28.97202090000792,-1.45,-0.9,0.7,0.0,0.0,0.0,hover,0.0,0.0,0.0,0.0,keyboard_terminal,https://omniverse-content-production.s3-us-west-2.amazonaws.com/Assets/Isaac/5.1/Isaac/Robots/Bitcraze/Crazyflie/cf2x.usd
crazyflie_room_basic,1703,29.02306459999818,-1.45,-0.9,0.7,0.0,0.0,0.0,hover,0.0,0.0,0.0,0.0,keyboard_terminal,https://omniverse-content-production.s3-us-west-2.amazonaws.com/Assets/Isaac/5.1/Isaac/Robots/Bitcraze/Crazyflie/cf2x.usd
crazyflie_room_basic,1706,29.074131000001216,-1.45,-0.9,0.7,0.0,0.0,0.0,hover,0.0,0.0,0.0,0.0,keyboard_terminal,https://omniverse-content-production.s3-us-west-2.amazonaws.com/Assets/Isaac/5.1/Isaac/Robots/Bitcraze/Crazyflie/cf2x.usd
crazyflie_room_basic,1709,29.12516609999875,-1.45,-0.9,0.7,0.0,0.0,0.0,hover,0.0,0.0,0.0,0.0,keyboard_terminal,https://omniverse-content-production.s3-us-west-2.amazonaws.com/Assets/Isaac/5.1/Isaac/Robots/Bitcraze/Crazyflie/cf2x.usd
crazyflie_room_basic,1712,29.176193699997384,-1.45,-0.9,0.7,0.0,0.0,0.0,hover,0.0,0.0,0.0,0.0,keyboard_terminal,https://omniverse-content-production.s3-us-west-2.amazonaws.com/Assets/Isaac/5.1/Isaac/Robots/Bitcraze/Crazyflie/cf2x.usd
crazyflie_room_basic,1715,29.227238899999065,-1.45,-0.9,0.7,0.0,0.0,0.0,hover,0.0,0.0,0.0,0.0,keyboard_terminal,https://omniverse-content-production.s3-us-west-2.amazonaws.com/Assets/Isaac/5.1/Isaac/Robots/Bitcraze/Crazyflie/cf2x.usd
crazyflie_room_basic,1718,29.278278400001,-1.45,-0.9,0.7,0.0,0.0,0.0,hover,0.0,0.0,0.0,0.0,keyboard_terminal,https://omniverse-content-production.s3-us-west-2.amazonaws.com/Assets/Isaac/5.1/Isaac/Robots/Bitcraze/Crazyflie/cf2x.usd
crazyflie_room_basic,1721,29.329320200005895,-1.45,-0.9,0.7,0.0,0.0,0.0,hover,0.0,0.0,0.0,0.0,keyboard_terminal,https://omniverse-content-production.s3-us-west-2.amazonaws.com/Assets/Isaac/5.1/Isaac/Robots/Bitcraze/Crazyflie/cf2x.usd
crazyflie_room_basic,1724,29.380359400005545,-1.45,-0.9,0.7,0.0,0.0,0.0,hover,0.0,0.0,0.0,0.0,keyboard_terminal,https://omniverse-content-production.s3-us-west-2.amazonaws.com/Assets/Isaac/5.1/Isaac/Robots/Bitcraze/Crazyflie/cf2x.usd
crazyflie_room_basic,1727,29.43141160000232,-1.45,-0.9,0.7,0.0,0.0,0.0,hover,0.0,0.0,0.0,0.0,keyboard_terminal,https://omniverse-content-production.s3-us-west-2.amazonaws.com/Assets/Isaac/5.1/Isaac/Robots/Bitcraze/Crazyflie/cf2x.usd
crazyflie_room_basic,1730,29.482451899995795,-1.45,-0.9,0.7,0.0,0.0,0.0,hover,0.0,0.0,0.0,0.0,keyboard_terminal,https://omniverse-content-production.s3-us-west-2.amazonaws.com/Assets/Isaac/5.1/Isaac/Robots/Bitcraze/Crazyflie/cf2x.usd
crazyflie_room_basic,1733,29.533494200004498,-1.45,-0.9,0.7,0.0,0.0,0.0,hover,0.0,0.0,0.0,0.0,keyboard_terminal,https://omniverse-content-production.s3-us-west-2.amazonaws.com/Assets/Isaac/5.1/Isaac/Robots/Bitcraze/Crazyflie/cf2x.usd
crazyflie_room_basic,1736,29.58453429999645,-1.45,-0.9,0.7,0.0,0.0,0.0,hover,0.0,0.0,0.0,0.0,keyboard_terminal,https://omniverse-content-production.s3-us-west-2.amazonaws.com/Assets/Isaac/5.1/Isaac/Robots/Bitcraze/Crazyflie/cf2x.usd
crazyflie_room_basic,1739,29.63558770000236,-1.45,-0.9,0.7,0.0,0.0,0.0,hover,0.0,0.0,0.0,0.0,keyboard_terminal,https://omniverse-content-production.s3-us-west-2.amazonaws.com/Assets/Isaac/5.1/Isaac/Robots/Bitcraze/Crazyflie/cf2x.usd
crazyflie_room_basic,1742,29.686635999998543,-1.45,-0.9,0.7,0.0,0.0,0.0,hover,0.0,0.0,0.0,0.0,keyboard_terminal,https://omniverse-content-production.s3-us-west-2.amazonaws.com/Assets/Isaac/5.1/Isaac/Robots/Bitcraze/Crazyflie/cf2x.usd
crazyflie_room_basic,1745,29.737672500006738,-1.45,-0.9,0.7,0.0,0.0,0.0,hover,0.0,0.0,0.0,0.0,keyboard_terminal,https://omniverse-content-production.s3-us-west-2.amazonaws.com/Assets/Isaac/5.1/Isaac/Robots/Bitcraze/Crazyflie/cf2x.usd
crazyflie_room_basic,1748,29.78871639999852,-1.45,-0.9,0.7,0.0,0.0,0.0,hover,0.0,0.0,0.0,0.0,keyboard_terminal,https://omniverse-content-production.s3-us-west-2.amazonaws.com/Assets/Isaac/5.1/Isaac/Robots/Bitcraze/Crazyflie/cf2x.usd
crazyflie_room_basic,1751,29.839758200003416,-1.45,-0.9,0.7,0.0,0.0,0.0,hover,0.0,0.0,0.0,0.0,keyboard_terminal,https://omniverse-content-production.s3-us-west-2.amazonaws.com/Assets/Isaac/5.1/Isaac/Robots/Bitcraze/Crazyflie/cf2x.usd
crazyflie_room_basic,1754,29.89080660000036,-1.45,-0.9,0.7,0.0,0.0,0.0,hover,0.0,0.0,0.0,0.0,keyboard_terminal,https://omniverse-content-production.s3-us-west-2.amazonaws.com/Assets/Isaac/5.1/Isaac/Robots/Bitcraze/Crazyflie/cf2x.usd
crazyflie_room_basic,1757,29.941844600005425,-1.45,-0.9,0.7,0.0,0.0,0.0,hover,0.0,0.0,0.0,0.0,keyboard_terminal,https://omniverse-content-production.s3-us-west-2.amazonaws.com/Assets/Isaac/5.1/Isaac/Robots/Bitcraze/Crazyflie/cf2x.usd
crazyflie_room_basic,1760,29.992885300001944,-1.45,-0.9,0.7,0.0,0.0,0.0,hover,0.0,0.0,0.0,0.0,keyboard_terminal,https://omniverse-content-production.s3-us-west-2.amazonaws.com/Assets/Isaac/5.1/Isaac/Robots/Bitcraze/Crazyflie/cf2x.usd
crazyflie_room_basic,1763,30.04399750000448,-1.45,-0.9,0.7,0.0,0.0,0.0,hover,0.0,0.0,0.0,0.0,keyboard_terminal,https://omniverse-content-production.s3-us-west-2.amazonaws.com/Assets/Isaac/5.1/Isaac/Robots/Bitcraze/Crazyflie/cf2x.usd
crazyflie_room_basic,1766,30.09499979999964,-1.45,-0.9,0.7,0.0,0.0,0.0,hover,0.0,0.0,0.0,0.0,keyboard_terminal,https://omniverse-content-production.s3-us-west-2.amazonaws.com/Assets/Isaac/5.1/Isaac/Robots/Bitcraze/Crazyflie/cf2x.usd
crazyflie_room_basic,1769,30.14602919999743,-1.45,-0.9,0.7,0.0,0.0,0.0,hover,0.0,0.0,0.0,0.0,keyboard_terminal,https://omniverse-content-production.s3-us-west-2.amazonaws.com/Assets/Isaac/5.1/Isaac/Robots/Bitcraze/Crazyflie/cf2x.usd
crazyflie_room_basic,1772,30.197069000001648,-1.45,-0.9,0.7,0.0,0.0,0.0,hover,0.0,0.0,0.0,0.0,keyboard_terminal,https://omniverse-content-production.s3-us-west-2.amazonaws.com/Assets/Isaac/5.1/Isaac/Robots/Bitcraze/Crazyflie/cf2x.usd
crazyflie_room_basic,1775,30.24811800000316,-1.45,-0.9,0.7,0.0,0.0,0.0,hover,0.0,0.0,0.0,0.0,keyboard_terminal,https://omniverse-content-production.s3-us-west-2.amazonaws.com/Assets/Isaac/5.1/Isaac/Robots/Bitcraze/Crazyflie/cf2x.usd
crazyflie_room_basic,1778,30.299161200004164,-1.45,-0.9,0.7,0.0,0.0,0.0,hover,0.0,0.0,0.0,0.0,keyboard_terminal,https://omniverse-content-production.s3-us-west-2.amazonaws.com/Assets/Isaac/5.1/Isaac/Robots/Bitcraze/Crazyflie/cf2x.usd
crazyflie_room_basic,1781,30.350211099997978,-1.45,-0.9,0.7,0.0,0.0,0.0,hover,0.0,0.0,0.0,0.0,keyboard_terminal,https://omniverse-content-production.s3-us-west-2.amazonaws.com/Assets/Isaac/5.1/Isaac/Robots/Bitcraze/Crazyflie/cf2x.usd
crazyflie_room_basic,1784,30.401235900004394,-1.45,-0.9,0.7,0.0,0.0,0.0,hover,0.0,0.0,0.0,0.0,keyboard_terminal,https://omniverse-content-production.s3-us-west-2.amazonaws.com/Assets/Isaac/5.1/Isaac/Robots/Bitcraze/Crazyflie/cf2x.usd
crazyflie_room_basic,1787,30.452318800002104,-1.45,-0.9,0.7,0.0,0.0,0.0,hover,0.0,0.0,0.0,0.0,keyboard_terminal,https://omniverse-content-production.s3-us-west-2.amazonaws.com/Assets/Isaac/5.1/Isaac/Robots/Bitcraze/Crazyflie/cf2x.usd
crazyflie_room_basic,1790,30.50333259999752,-1.45,-0.9,0.7,0.0,0.0,0.0,hover,0.0,0.0,0.0,0.0,keyboard_terminal,https://omniverse-content-production.s3-us-west-2.amazonaws.com/Assets/Isaac/5.1/Isaac/Robots/Bitcraze/Crazyflie/cf2x.usd
crazyflie_room_basic,1793,30.554415999999037,-1.45,-0.9,0.7,0.0,0.0,0.0,hover,0.0,0.0,0.0,0.0,keyboard_terminal,https://omniverse-content-production.s3-us-west-2.amazonaws.com/Assets/Isaac/5.1/Isaac/Robots/Bitcraze/Crazyflie/cf2x.usd
crazyflie_room_basic,1796,30.60545170000114,-1.45,-0.9,0.7,0.0,0.0,0.0,hover,0.0,0.0,0.0,0.0,keyboard_terminal,https://omniverse-content-production.s3-us-west-2.amazonaws.com/Assets/Isaac/5.1/Isaac/Robots/Bitcraze/Crazyflie/cf2x.usd
crazyflie_room_basic,1799,30.65653100000054,-1.45,-0.9,0.7,0.0,0.0,0.0,hover,0.0,0.0,0.0,0.0,keyboard_terminal,https://omniverse-content-production.s3-us-west-2.amazonaws.com/Assets/Isaac/5.1/Isaac/Robots/Bitcraze/Crazyflie/cf2x.usd
crazyflie_room_basic,1802,30.707504499994684,-1.45,-0.9,0.7,0.0,0.0,0.0,hover,0.0,0.0,0.0,0.0,keyboard_terminal,https://omniverse-content-production.s3-us-west-2.amazonaws.com/Assets/Isaac/5.1/Isaac/Robots/Bitcraze/Crazyflie/cf2x.usd
crazyflie_room_basic,1805,30.758543599993573,-1.45,-0.9,0.7,0.0,0.0,0.0,hover,0.0,0.0,0.0,0.0,keyboard_terminal,https://omniverse-content-production.s3-us-west-2.amazonaws.com/Assets/Isaac/5.1/Isaac/Robots/Bitcraze/Crazyflie/cf2x.usd
crazyflie_room_basic,1808,30.80958929999906,-1.45,-0.9,0.7,0.0,0.0,0.0,hover,0.0,0.0,0.0,0.0,keyboard_terminal,https://omniverse-content-production.s3-us-west-2.amazonaws.com/Assets/Isaac/5.1/Isaac/Robots/Bitcraze/Crazyflie/cf2x.usd
crazyflie_room_basic,1811,30.860629300004803,-1.45,-0.9,0.7,0.0,0.0,0.0,hover,0.0,0.0,0.0,0.0,keyboard_terminal,https://omniverse-content-production.s3-us-west-2.amazonaws.com/Assets/Isaac/5.1/Isaac/Robots/Bitcraze/Crazyflie/cf2x.usd
crazyflie_room_basic,1814,30.9116689000075,-1.45,-0.9,0.7,0.0,0.0,0.0,hover,0.0,0.0,0.0,0.0,keyboard_terminal,https://omniverse-content-production.s3-us-west-2.amazonaws.com/Assets/Isaac/5.1/Isaac/Robots/Bitcraze/Crazyflie/cf2x.usd
crazyflie_room_basic,1817,30.96272399999725,-1.45,-0.9,0.7,0.0,0.0,0.0,hover,0.0,0.0,0.0,0.0,keyboard_terminal,https://omniverse-content-production.s3-us-west-2.amazonaws.com/Assets/Isaac/5.1/Isaac/Robots/Bitcraze/Crazyflie/cf2x.usd
crazyflie_room_basic,1820,31.013765099996817,-1.45,-0.9,0.7,0.0,0.0,0.0,hover,0.0,0.0,0.0,0.0,keyboard_terminal,https://omniverse-content-production.s3-us-west-2.amazonaws.com/Assets/Isaac/5.1/Isaac/Robots/Bitcraze/Crazyflie/cf2x.usd
crazyflie_room_basic,1823,31.064802799999597,-1.45,-0.9,0.7,0.0,0.0,0.0,hover,0.0,0.0,0.0,0.0,keyboard_terminal,https://omniverse-content-production.s3-us-west-2.amazonaws.com/Assets/Isaac/5.1/Isaac/Robots/Bitcraze/Crazyflie/cf2x.usd
crazyflie_room_basic,1826,31.115860599995358,-1.45,-0.9,0.7,0.0,0.0,0.0,hover,0.0,0.0,0.0,0.0,keyboard_terminal,https://omniverse-content-production.s3-us-west-2.amazonaws.com/Assets/Isaac/5.1/Isaac/Robots/Bitcraze/Crazyflie/cf2x.usd
crazyflie_room_basic,1829,31.16691319999518,-1.45,-0.9,0.7,0.0,0.0,0.0,hover,0.0,0.0,0.0,0.0,keyboard_terminal,https://omniverse-content-production.s3-us-west-2.amazonaws.com/Assets/Isaac/5.1/Isaac/Robots/Bitcraze/Crazyflie/cf2x.usd
crazyflie_room_basic,1832,31.21795989999373,-1.45,-0.9,0.7,0.0,0.0,0.0,hover,0.0,0.0,0.0,0.0,keyboard_terminal,https://omniverse-content-production.s3-us-west-2.amazonaws.com/Assets/Isaac/5.1/Isaac/Robots/Bitcraze/Crazyflie/cf2x.usd
crazyflie_room_basic,1835,31.26899240000057,-1.45,-0.9,0.7,0.0,0.0,0.0,hover,0.0,0.0,0.0,0.0,keyboard_terminal,https://omniverse-content-production.s3-us-west-2.amazonaws.com/Assets/Isaac/5.1/Isaac/Robots/Bitcraze/Crazyflie/cf2x.usd
crazyflie_room_basic,1838,31.32005599999684,-1.45,-0.9,0.7,0.0,0.0,0.0,hover,0.0,0.0,0.0,0.0,keyboard_terminal,https://omniverse-content-production.s3-us-west-2.amazonaws.com/Assets/Isaac/5.1/Isaac/Robots/Bitcraze/Crazyflie/cf2x.usd
crazyflie_room_basic,1841,31.37108480000461,-1.45,-0.9,0.7,0.0,0.0,0.0,hover,0.0,0.0,0.0,0.0,keyboard_terminal,https://omniverse-content-production.s3-us-west-2.amazonaws.com/Assets/Isaac/5.1/Isaac/Robots/Bitcraze/Crazyflie/cf2x.usd
crazyflie_room_basic,1844,31.42211220000172,-1.45,-0.9,0.7,0.0,0.0,0.0,hover,0.0,0.0,0.0,0.0,keyboard_terminal,https://omniverse-content-production.s3-us-west-2.amazonaws.com/Assets/Isaac/5.1/Isaac/Robots/Bitcraze/Crazyflie/cf2x.usd
crazyflie_room_basic,1847,31.473157500004163,-1.45,-0.9,0.7,0.0,0.0,0.0,hover,0.0,0.0,0.0,0.0,keyboard_terminal,https://omniverse-content-production.s3-us-west-2.amazonaws.com/Assets/Isaac/5.1/Isaac/Robots/Bitcraze/Crazyflie/cf2x.usd
crazyflie_room_basic,1850,31.524203399996622,-1.45,-0.9,0.7,0.0,0.0,0.0,hover,0.0,0.0,0.0,0.0,keyboard_terminal,https://omniverse-content-production.s3-us-west-2.amazonaws.com/Assets/Isaac/5.1/Isaac/Robots/Bitcraze/Crazyflie/cf2x.usd
crazyflie_room_basic,1853,31.57525270000042,-1.45,-0.9,0.7,0.0,0.0,0.0,hover,0.0,0.0,0.0,0.0,keyboard_terminal,https://omniverse-content-production.s3-us-west-2.amazonaws.com/Assets/Isaac/5.1/Isaac/Robots/Bitcraze/Crazyflie/cf2x.usd
crazyflie_room_basic,1856,31.626303500001086,-1.45,-0.9,0.7,0.0,0.0,0.0,hover,0.0,0.0,0.0,0.0,keyboard_terminal,https://omniverse-content-production.s3-us-west-2.amazonaws.com/Assets/Isaac/5.1/Isaac/Robots/Bitcraze/Crazyflie/cf2x.usd
crazyflie_room_basic,1859,31.67736810000497,-1.45,-0.9,0.7,0.0,0.0,0.0,hover,0.0,0.0,0.0,0.0,keyboard_terminal,https://omniverse-content-production.s3-us-west-2.amazonaws.com/Assets/Isaac/5.1/Isaac/Robots/Bitcraze/Crazyflie/cf2x.usd
crazyflie_room_basic,1862,31.72841470000276,-1.45,-0.9,0.7,0.0,0.0,0.0,hover,0.0,0.0,0.0,0.0,keyboard_terminal,https://omniverse-content-production.s3-us-west-2.amazonaws.com/Assets/Isaac/5.1/Isaac/Robots/Bitcraze/Crazyflie/cf2x.usd
crazyflie_room_basic,1865,31.779448500004946,-1.45,-0.9,0.7,0.0,0.0,0.0,hover,0.0,0.0,0.0,0.0,keyboard_terminal,https://omniverse-content-production.s3-us-west-2.amazonaws.com/Assets/Isaac/5.1/Isaac/Robots/Bitcraze/Crazyflie/cf2x.usd
crazyflie_room_basic,1868,31.83048580000468,-1.45,-0.9,0.7,0.0,0.0,0.0,hover,0.0,0.0,0.0,0.0,keyboard_terminal,https://omniverse-content-production.s3-us-west-2.amazonaws.com/Assets/Isaac/5.1/Isaac/Robots/Bitcraze/Crazyflie/cf2x.usd
crazyflie_room_basic,1871,31.881515000000945,-1.45,-0.9,0.7,0.0,0.0,0.0,hover,0.0,0.0,0.0,0.0,keyboard_terminal,https://omniverse-content-production.s3-us-west-2.amazonaws.com/Assets/Isaac/5.1/Isaac/Robots/Bitcraze/Crazyflie/cf2x.usd
crazyflie_room_basic,1874,31.93257760000415,-1.45,-0.9,0.7,0.0,0.0,0.0,hover,0.0,0.0,0.0,0.0,keyboard_terminal,https://omniverse-content-production.s3-us-west-2.amazonaws.com/Assets/Isaac/5.1/Isaac/Robots/Bitcraze/Crazyflie/cf2x.usd
crazyflie_room_basic,1877,31.983590699994238,-1.45,-0.9,0.7,0.0,0.0,0.0,hover,0.0,0.0,0.0,0.0,keyboard_terminal,https://omniverse-content-production.s3-us-west-2.amazonaws.com/Assets/Isaac/5.1/Isaac/Robots/Bitcraze/Crazyflie/cf2x.usd
crazyflie_room_basic,1880,32.034642300000996,-1.45,-0.9,0.7,0.0,0.0,0.0,hover,0.0,0.0,0.0,0.0,keyboard_terminal,https://omniverse-content-production.s3-us-west-2.amazonaws.com/Assets/Isaac/5.1/Isaac/Robots/Bitcraze/Crazyflie/cf2x.usd
crazyflie_room_basic,1883,32.08568760000344,-1.45,-0.9,0.7,0.0,0.0,0.0,hover,0.0,0.0,0.0,0.0,keyboard_terminal,https://omniverse-content-production.s3-us-west-2.amazonaws.com/Assets/Isaac/5.1/Isaac/Robots/Bitcraze/Crazyflie/cf2x.usd
crazyflie_room_basic,1886,32.136725899996236,-1.45,-0.9,0.7,0.0,0.0,0.0,hover,0.0,0.0,0.0,0.0,keyboard_terminal,https://omniverse-content-production.s3-us-west-2.amazonaws.com/Assets/Isaac/5.1/Isaac/Robots/Bitcraze/Crazyflie/cf2x.usd
crazyflie_room_basic,1889,32.18777210000553,-1.45,-0.9,0.7,0.0,0.0,0.0,hover,0.0,0.0,0.0,0.0,keyboard_terminal,https://omniverse-content-production.s3-us-west-2.amazonaws.com/Assets/Isaac/5.1/Isaac/Robots/Bitcraze/Crazyflie/cf2x.usd
crazyflie_room_basic,1892,32.2388648000051,-1.45,-0.9,0.7,0.0,0.0,0.0,hover,0.0,0.0,0.0,0.0,keyboard_terminal,https://omniverse-content-production.s3-us-west-2.amazonaws.com/Assets/Isaac/5.1/Isaac/Robots/Bitcraze/Crazyflie/cf2x.usd
crazyflie_room_basic,1895,32.28991540000425,-1.45,-0.9,0.7,0.0,0.0,0.0,hover,0.0,0.0,0.0,0.0,keyboard_terminal,https://omniverse-content-production.s3-us-west-2.amazonaws.com/Assets/Isaac/5.1/Isaac/Robots/Bitcraze/Crazyflie/cf2x.usd
crazyflie_room_basic,1898,32.34093690000009,-1.45,-0.9,0.7,0.0,0.0,0.0,hover,0.0,0.0,0.0,0.0,keyboard_terminal,https://omniverse-content-production.s3-us-west-2.amazonaws.com/Assets/Isaac/5.1/Isaac/Robots/Bitcraze/Crazyflie/cf2x.usd
crazyflie_room_basic,1901,32.39194790000329,-1.45,-0.9,0.7,0.0,0.0,0.0,hover,0.0,0.0,0.0,0.0,keyboard_terminal,https://omniverse-content-production.s3-us-west-2.amazonaws.com/Assets/Isaac/5.1/Isaac/Robots/Bitcraze/Crazyflie/cf2x.usd
crazyflie_room_basic,1904,32.442994400000316,-1.45,-0.9,0.7,0.0,0.0,0.0,hover,0.0,0.0,0.0,0.0,keyboard_terminal,https://omniverse-content-production.s3-us-west-2.amazonaws.com/Assets/Isaac/5.1/Isaac/Robots/Bitcraze/Crazyflie/cf2x.usd
crazyflie_room_basic,1907,32.494071399996756,-1.45,-0.9,0.7,0.0,0.0,0.0,hover,0.0,0.0,0.0,0.0,keyboard_terminal,https://omniverse-content-production.s3-us-west-2.amazonaws.com/Assets/Isaac/5.1/Isaac/Robots/Bitcraze/Crazyflie/cf2x.usd
crazyflie_room_basic,1910,32.54510079999454,-1.45,-0.9,0.7,0.0,0.0,0.0,hover,0.0,0.0,0.0,0.0,keyboard_terminal,https://omniverse-content-production.s3-us-west-2.amazonaws.com/Assets/Isaac/5.1/Isaac/Robots/Bitcraze/Crazyflie/cf2x.usd
crazyflie_room_basic,1913,32.59615060000215,-1.45,-0.9,0.7,0.0,0.0,0.0,hover,0.0,0.0,0.0,0.0,keyboard_terminal,https://omniverse-content-production.s3-us-west-2.amazonaws.com/Assets/Isaac/5.1/Isaac/Robots/Bitcraze/Crazyflie/cf2x.usd
crazyflie_room_basic,1916,32.64718800000264,-1.45,-0.9,0.7,0.0,0.0,0.0,hover,0.0,0.0,0.0,0.0,keyboard_terminal,https://omniverse-content-production.s3-us-west-2.amazonaws.com/Assets/Isaac/5.1/Isaac/Robots/Bitcraze/Crazyflie/cf2x.usd
crazyflie_room_basic,1919,32.69822410000779,-1.45,-0.9,0.7,0.0,0.0,0.0,hover,0.0,0.0,0.0,0.0,keyboard_terminal,https://omniverse-content-production.s3-us-west-2.amazonaws.com/Assets/Isaac/5.1/Isaac/Robots/Bitcraze/Crazyflie/cf2x.usd
crazyflie_room_basic,1922,32.74926300000516,-1.45,-0.9,0.7,0.0,0.0,0.0,hover,0.0,0.0,0.0,0.0,keyboard_terminal,https://omniverse-content-production.s3-us-west-2.amazonaws.com/Assets/Isaac/5.1/Isaac/Robots/Bitcraze/Crazyflie/cf2x.usd
crazyflie_room_basic,1925,32.800311600003624,-1.45,-0.9,0.7,0.0,0.0,0.0,hover,0.0,0.0,0.0,0.0,keyboard_terminal,https://omniverse-content-production.s3-us-west-2.amazonaws.com/Assets/Isaac/5.1/Isaac/Robots/Bitcraze/Crazyflie/cf2x.usd
crazyflie_room_basic,1928,32.851360500004375,-1.45,-0.9,0.7,0.0,0.0,0.0,hover,0.0,0.0,0.0,0.0,keyboard_terminal,https://omniverse-content-production.s3-us-west-2.amazonaws.com/Assets/Isaac/5.1/Isaac/Robots/Bitcraze/Crazyflie/cf2x.usd
crazyflie_room_basic,1931,32.90247499999532,-1.45,-0.9,0.7,0.0,0.0,0.0,hover,0.0,0.0,0.0,0.0,keyboard_terminal,https://omniverse-content-production.s3-us-west-2.amazonaws.com/Assets/Isaac/5.1/Isaac/Robots/Bitcraze/Crazyflie/cf2x.usd
crazyflie_room_basic,1934,32.953475200003595,-1.45,-0.9,0.7,0.0,0.0,0.0,hover,0.0,0.0,0.0,0.0,keyboard_terminal,https://omniverse-content-production.s3-us-west-2.amazonaws.com/Assets/Isaac/5.1/Isaac/Robots/Bitcraze/Crazyflie/cf2x.usd
crazyflie_room_basic,1937,33.00453639999614,-1.45,-0.9,0.7,0.0,0.0,0.0,hover,0.0,0.0,0.0,0.0,keyboard_terminal,https://omniverse-content-production.s3-us-west-2.amazonaws.com/Assets/Isaac/5.1/Isaac/Robots/Bitcraze/Crazyflie/cf2x.usd
crazyflie_room_basic,1940,33.05558529999689,-1.45,-0.9,0.7,0.0,0.0,0.0,hover,0.0,0.0,0.0,0.0,keyboard_terminal,https://omniverse-content-production.s3-us-west-2.amazonaws.com/Assets/Isaac/5.1/Isaac/Robots/Bitcraze/Crazyflie/cf2x.usd
crazyflie_room_basic,1943,33.10656729999755,-1.45,-0.9,0.7,0.0,0.0,0.0,hover,0.0,0.0,0.0,0.0,keyboard_terminal,https://omniverse-content-production.s3-us-west-2.amazonaws.com/Assets/Isaac/5.1/Isaac/Robots/Bitcraze/Crazyflie/cf2x.usd
crazyflie_room_basic,1946,33.157618600002024,-1.45,-0.9,0.7,0.0,0.0,0.0,hover,0.0,0.0,0.0,0.0,keyboard_terminal,https://omniverse-content-production.s3-us-west-2.amazonaws.com/Assets/Isaac/5.1/Isaac/Robots/Bitcraze/Crazyflie/cf2x.usd
crazyflie_room_basic,1949,33.20866540000134,-1.45,-0.9,0.7,0.0,0.0,0.0,hover,0.0,0.0,0.0,0.0,keyboard_terminal,https://omniverse-content-production.s3-us-west-2.amazonaws.com/Assets/Isaac/5.1/Isaac/Robots/Bitcraze/Crazyflie/cf2x.usd
crazyflie_room_basic,1952,33.259705999997095,-1.45,-0.9,0.7,0.0,0.0,0.0,hover,0.0,0.0,0.0,0.0,keyboard_terminal,https://omniverse-content-production.s3-us-west-2.amazonaws.com/Assets/Isaac/5.1/Isaac/Robots/Bitcraze/Crazyflie/cf2x.usd
crazyflie_room_basic,1955,33.310761500004446,-1.45,-0.9,0.7,0.0,0.0,0.0,hover,0.0,0.0,0.0,0.0,keyboard_terminal,https://omniverse-content-production.s3-us-west-2.amazonaws.com/Assets/Isaac/5.1/Isaac/Robots/Bitcraze/Crazyflie/cf2x.usd
crazyflie_room_basic,1958,33.36177639999369,-1.45,-0.9,0.7,0.0,0.0,0.0,hover,0.0,0.0,0.0,0.0,keyboard_terminal,https://omniverse-content-production.s3-us-west-2.amazonaws.com/Assets/Isaac/5.1/Isaac/Robots/Bitcraze/Crazyflie/cf2x.usd
crazyflie_room_basic,1961,33.412849500004086,-1.45,-0.9,0.7,0.0,0.0,0.0,hover,0.0,0.0,0.0,0.0,keyboard_terminal,https://omniverse-content-production.s3-us-west-2.amazonaws.com/Assets/Isaac/5.1/Isaac/Robots/Bitcraze/Crazyflie/cf2x.usd
crazyflie_room_basic,1964,33.463865600002464,-1.45,-0.9,0.7,0.0,0.0,0.0,hover,0.0,0.0,0.0,0.0,keyboard_terminal,https://omniverse-content-production.s3-us-west-2.amazonaws.com/Assets/Isaac/5.1/Isaac/Robots/Bitcraze/Crazyflie/cf2x.usd
crazyflie_room_basic,1967,33.514938899999834,-1.45,-0.9,0.7,0.0,0.0,0.0,hover,0.0,0.0,0.0,0.0,keyboard_terminal,https://omniverse-content-production.s3-us-west-2.amazonaws.com/Assets/Isaac/5.1/Isaac/Robots/Bitcraze/Crazyflie/cf2x.usd
crazyflie_room_basic,1970,33.56596690000151,-1.45,-0.9,0.7,0.0,0.0,0.0,hover,0.0,0.0,0.0,0.0,keyboard_terminal,https://omniverse-content-production.s3-us-west-2.amazonaws.com/Assets/Isaac/5.1/Isaac/Robots/Bitcraze/Crazyflie/cf2x.usd
crazyflie_room_basic,1973,33.61701940000057,-1.45,-0.9,0.7,0.0,0.0,0.0,hover,0.0,0.0,0.0,0.0,keyboard_terminal,https://omniverse-content-production.s3-us-west-2.amazonaws.com/Assets/Isaac/5.1/Isaac/Robots/Bitcraze/Crazyflie/cf2x.usd
crazyflie_room_basic,1976,33.66804210000555,-1.45,-0.9,0.7,0.0,0.0,0.0,hover,0.0,0.0,0.0,0.0,keyboard_terminal,https://omniverse-content-production.s3-us-west-2.amazonaws.com/Assets/Isaac/5.1/Isaac/Robots/Bitcraze/Crazyflie/cf2x.usd
crazyflie_room_basic,1979,33.719089799997164,-1.45,-0.9,0.7,0.0,0.0,0.0,hover,0.0,0.0,0.0,0.0,keyboard_terminal,https://omniverse-content-production.s3-us-west-2.amazonaws.com/Assets/Isaac/5.1/Isaac/Robots/Bitcraze/Crazyflie/cf2x.usd
crazyflie_room_basic,1982,33.77013449999504,-1.45,-0.9,0.7,0.0,0.0,0.0,hover,0.0,0.0,0.0,0.0,keyboard_terminal,https://omniverse-content-production.s3-us-west-2.amazonaws.com/Assets/Isaac/5.1/Isaac/Robots/Bitcraze/Crazyflie/cf2x.usd
crazyflie_room_basic,1985,33.82117840000137,-1.45,-0.9,0.7,0.0,0.0,0.0,hover,0.0,0.0,0.0,0.0,keyboard_terminal,https://omniverse-content-production.s3-us-west-2.amazonaws.com/Assets/Isaac/5.1/Isaac/Robots/Bitcraze/Crazyflie/cf2x.usd
crazyflie_room_basic,1988,33.87222790000669,-1.45,-0.9,0.7,0.0,0.0,0.0,hover,0.0,0.0,0.0,0.0,keyboard_terminal,https://omniverse-content-production.s3-us-west-2.amazonaws.com/Assets/Isaac/5.1/Isaac/Robots/Bitcraze/Crazyflie/cf2x.usd
crazyflie_room_basic,1991,33.9232861000055,-1.45,-0.9,0.7,0.0,0.0,0.0,hover,0.0,0.0,0.0,0.0,keyboard_terminal,https://omniverse-content-production.s3-us-west-2.amazonaws.com/Assets/Isaac/5.1/Isaac/Robots/Bitcraze/Crazyflie/cf2x.usd
crazyflie_room_basic,1994,33.97430929999973,-1.45,-0.9,0.7,0.0,0.0,0.0,hover,0.0,0.0,0.0,0.0,keyboard_terminal,https://omniverse-content-production.s3-us-west-2.amazonaws.com/Assets/Isaac/5.1/Isaac/Robots/Bitcraze/Crazyflie/cf2x.usd
crazyflie_room_basic,1997,34.025367299997015,-1.45,-0.9,0.7,0.0,0.0,0.0,hover,0.0,0.0,0.0,0.0,keyboard_terminal,https://omniverse-content-production.s3-us-west-2.amazonaws.com/Assets/Isaac/5.1/Isaac/Robots/Bitcraze/Crazyflie/cf2x.usd
crazyflie_room_basic,2000,34.07638990000123,-1.45,-0.9,0.7,0.0,0.0,0.0,hover,0.0,0.0,0.0,0.0,keyboard_terminal,https://omniverse-content-production.s3-us-west-2.amazonaws.com/Assets/Isaac/5.1/Isaac/Robots/Bitcraze/Crazyflie/cf2x.usd
crazyflie_room_basic,2003,34.12743439999758,-1.45,-0.9,0.7,0.0,0.0,0.0,hover,0.0,0.0,0.0,0.0,keyboard_terminal,https://omniverse-content-production.s3-us-west-2.amazonaws.com/Assets/Isaac/5.1/Isaac/Robots/Bitcraze/Crazyflie/cf2x.usd
crazyflie_room_basic,2006,34.17849340000248,-1.45,-0.9,0.7,0.0,0.0,0.0,hover,0.0,0.0,0.0,0.0,keyboard_terminal,https://omniverse-content-production.s3-us-west-2.amazonaws.com/Assets/Isaac/5.1/Isaac/Robots/Bitcraze/Crazyflie/cf2x.usd
crazyflie_room_basic,2009,34.229549199997564,-1.45,-0.9,0.7,0.0,0.0,0.0,hover,0.0,0.0,0.0,0.0,keyboard_terminal,https://omniverse-content-production.s3-us-west-2.amazonaws.com/Assets/Isaac/5.1/Isaac/Robots/Bitcraze/Crazyflie/cf2x.usd
crazyflie_room_basic,2012,34.28057040000567,-1.45,-0.9,0.7,0.0,0.0,0.0,hover,0.0,0.0,0.0,0.0,keyboard_terminal,https://omniverse-content-production.s3-us-west-2.amazonaws.com/Assets/Isaac/5.1/Isaac/Robots/Bitcraze/Crazyflie/cf2x.usd
crazyflie_room_basic,2015,34.331628400002955,-1.45,-0.9,0.7,0.0,0.0,0.0,hover,0.0,0.0,0.0,0.0,keyboard_terminal,https://omniverse-content-production.s3-us-west-2.amazonaws.com/Assets/Isaac/5.1/Isaac/Robots/Bitcraze/Crazyflie/cf2x.usd
crazyflie_room_basic,2018,34.382683200004976,-1.45,-0.9,0.7,0.0,0.0,0.0,hover,0.0,0.0,0.0,0.0,keyboard_terminal,https://omniverse-content-production.s3-us-west-2.amazonaws.com/Assets/Isaac/5.1/Isaac/Robots/Bitcraze/Crazyflie/cf2x.usd
crazyflie_room_basic,2021,34.433698699998786,-1.45,-0.9,0.7,0.0,0.0,0.0,hover,0.0,0.0,0.0,0.0,keyboard_terminal,https://omniverse-content-production.s3-us-west-2.amazonaws.com/Assets/Isaac/5.1/Isaac/Robots/Bitcraze/Crazyflie/cf2x.usd
crazyflie_room_basic,2024,34.48476550000487,-1.45,-0.9,0.7,0.0,0.0,0.0,hover,0.0,0.0,0.0,0.0,keyboard_terminal,https://omniverse-content-production.s3-us-west-2.amazonaws.com/Assets/Isaac/5.1/Isaac/Robots/Bitcraze/Crazyflie/cf2x.usd
crazyflie_room_basic,2027,34.5357939999958,-1.45,-0.9,0.7,0.0,0.0,0.0,hover,0.0,0.0,0.0,0.0,keyboard_terminal,https://omniverse-content-production.s3-us-west-2.amazonaws.com/Assets/Isaac/5.1/Isaac/Robots/Bitcraze/Crazyflie/cf2x.usd
crazyflie_room_basic,2030,34.58683369999926,-1.45,-0.9,0.7,0.0,0.0,0.0,hover,0.0,0.0,0.0,0.0,keyboard_terminal,https://omniverse-content-production.s3-us-west-2.amazonaws.com/Assets/Isaac/5.1/Isaac/Robots/Bitcraze/Crazyflie/cf2x.usd
crazyflie_room_basic,2033,34.63789579999866,-1.45,-0.9,0.7,0.0,0.0,0.0,hover,0.0,0.0,0.0,0.0,keyboard_terminal,https://omniverse-content-production.s3-us-west-2.amazonaws.com/Assets/Isaac/5.1/Isaac/Robots/Bitcraze/Crazyflie/cf2x.usd
crazyflie_room_basic,2036,34.68891969999822,-1.45,-0.9,0.7,0.0,0.0,0.0,hover,0.0,0.0,0.0,0.0,keyboard_terminal,https://omniverse-content-production.s3-us-west-2.amazonaws.com/Assets/Isaac/5.1/Isaac/Robots/Bitcraze/Crazyflie/cf2x.usd
crazyflie_room_basic,2039,34.739965600005235,-1.45,-0.9,0.7,0.0,0.0,0.0,hover,0.0,0.0,0.0,0.0,keyboard_terminal,https://omniverse-content-production.s3-us-west-2.amazonaws.com/Assets/Isaac/5.1/Isaac/Robots/Bitcraze/Crazyflie/cf2x.usd
crazyflie_room_basic,2042,34.79100820000167,-1.45,-0.9,0.7,0.0,0.0,0.0,hover,0.0,0.0,0.0,0.0,keyboard_terminal,https://omniverse-content-production.s3-us-west-2.amazonaws.com/Assets/Isaac/5.1/Isaac/Robots/Bitcraze/Crazyflie/cf2x.usd
crazyflie_room_basic,2045,34.84207129999413,-1.45,-0.9,0.7,0.0,0.0,0.0,hover,0.0,0.0,0.0,0.0,keyboard_terminal,https://omniverse-content-production.s3-us-west-2.amazonaws.com/Assets/Isaac/5.1/Isaac/Robots/Bitcraze/Crazyflie/cf2x.usd
crazyflie_room_basic,2048,34.89310260000639,-1.45,-0.9,0.7,0.0,0.0,0.0,hover,0.0,0.0,0.0,0.0,keyboard_terminal,https://omniverse-content-production.s3-us-west-2.amazonaws.com/Assets/Isaac/5.1/Isaac/Robots/Bitcraze/Crazyflie/cf2x.usd
crazyflie_room_basic,2051,34.94413960000384,-1.45,-0.9,0.7,0.0,0.0,0.0,hover,0.0,0.0,0.0,0.0,keyboard_terminal,https://omniverse-content-production.s3-us-west-2.amazonaws.com/Assets/Isaac/5.1/Isaac/Robots/Bitcraze/Crazyflie/cf2x.usd
crazyflie_room_basic,2054,34.99519159999909,-1.45,-0.9,0.7,0.0,0.0,0.0,hover,0.0,0.0,0.0,0.0,keyboard_terminal,https://omniverse-content-production.s3-us-west-2.amazonaws.com/Assets/Isaac/5.1/Isaac/Robots/Bitcraze/Crazyflie/cf2x.usd
crazyflie_room_basic,2057,35.046228999999585,-1.45,-0.9,0.7,0.0,0.0,0.0,hover,0.0,0.0,0.0,0.0,keyboard_terminal,https://omniverse-content-production.s3-us-west-2.amazonaws.com/Assets/Isaac/5.1/Isaac/Robots/Bitcraze/Crazyflie/cf2x.usd
crazyflie_room_basic,2060,35.09726809999847,-1.45,-0.9,0.7,0.0,0.0,0.0,hover,0.0,0.0,0.0,0.0,keyboard_terminal,https://omniverse-content-production.s3-us-west-2.amazonaws.com/Assets/Isaac/5.1/Isaac/Robots/Bitcraze/Crazyflie/cf2x.usd
crazyflie_room_basic,2063,35.148312699995586,-1.45,-0.9,0.7,0.0,0.0,0.0,hover,0.0,0.0,0.0,0.0,keyboard_terminal,https://omniverse-content-production.s3-us-west-2.amazonaws.com/Assets/Isaac/5.1/Isaac/Robots/Bitcraze/Crazyflie/cf2x.usd
crazyflie_room_basic,2066,35.199365899999975,-1.45,-0.9,0.7,0.0,0.0,0.0,hover,0.0,0.0,0.0,0.0,keyboard_terminal,https://omniverse-content-production.s3-us-west-2.amazonaws.com/Assets/Isaac/5.1/Isaac/Robots/Bitcraze/Crazyflie/cf2x.usd
crazyflie_room_basic,2069,35.25040020000597,-1.45,-0.9,0.7,0.0,0.0,0.0,hover,0.0,0.0,0.0,0.0,keyboard_terminal,https://omniverse-content-production.s3-us-west-2.amazonaws.com/Assets/Isaac/5.1/Isaac/Robots/Bitcraze/Crazyflie/cf2x.usd
crazyflie_room_basic,2072,35.301447100006044,-1.45,-0.9,0.7,0.0,0.0,0.0,hover,0.0,0.0,0.0,0.0,keyboard_terminal,https://omniverse-content-production.s3-us-west-2.amazonaws.com/Assets/Isaac/5.1/Isaac/Robots/Bitcraze/Crazyflie/cf2x.usd
crazyflie_room_basic,2075,35.35250829999859,-1.45,-0.9,0.7,0.0,0.0,0.0,hover,0.0,0.0,0.0,0.0,keyboard_terminal,https://omniverse-content-production.s3-us-west-2.amazonaws.com/Assets/Isaac/5.1/Isaac/Robots/Bitcraze/Crazyflie/cf2x.usd
crazyflie_room_basic,2078,35.403535999997985,-1.45,-0.9,0.7,0.0,0.0,0.0,hover,0.0,0.0,0.0,0.0,keyboard_terminal,https://omniverse-content-production.s3-us-west-2.amazonaws.com/Assets/Isaac/5.1/Isaac/Robots/Bitcraze/Crazyflie/cf2x.usd
crazyflie_room_basic,2081,35.45457919999899,-1.45,-0.9,0.7,0.0,0.0,0.0,hover,0.0,0.0,0.0,0.0,keyboard_terminal,https://omniverse-content-production.s3-us-west-2.amazonaws.com/Assets/Isaac/5.1/Isaac/Robots/Bitcraze/Crazyflie/cf2x.usd
crazyflie_room_basic,2084,35.50560839999525,-1.45,-0.9,0.7,0.0,0.0,0.0,hover,0.0,0.0,0.0,0.0,keyboard_terminal,https://omniverse-content-production.s3-us-west-2.amazonaws.com/Assets/Isaac/5.1/Isaac/Robots/Bitcraze/Crazyflie/cf2x.usd
crazyflie_room_basic,2087,35.55665909999516,-1.45,-0.9,0.7,0.0,0.0,0.0,hover,0.0,0.0,0.0,0.0,keyboard_terminal,https://omniverse-content-production.s3-us-west-2.amazonaws.com/Assets/Isaac/5.1/Isaac/Robots/Bitcraze/Crazyflie/cf2x.usd
crazyflie_room_basic,2090,35.60770720000437,-1.45,-0.9,0.7,0.0,0.0,0.0,hover,0.0,0.0,0.0,0.0,keyboard_terminal,https://omniverse-content-production.s3-us-west-2.amazonaws.com/Assets/Isaac/5.1/Isaac/Robots/Bitcraze/Crazyflie/cf2x.usd
crazyflie_room_basic,2093,35.658760100006475,-1.45,-0.9,0.7,0.0,0.0,0.0,hover,0.0,0.0,0.0,0.0,keyboard_terminal,https://omniverse-content-production.s3-us-west-2.amazonaws.com/Assets/Isaac/5.1/Isaac/Robots/Bitcraze/Crazyflie/cf2x.usd
crazyflie_room_basic,2096,35.7097894000035,-1.45,-0.9,0.7,0.0,0.0,0.0,hover,0.0,0.0,0.0,0.0,keyboard_terminal,https://omniverse-content-production.s3-us-west-2.amazonaws.com/Assets/Isaac/5.1/Isaac/Robots/Bitcraze/Crazyflie/cf2x.usd
crazyflie_room_basic,2099,35.760840700007975,-1.45,-0.9,0.7,0.0,0.0,0.0,hover,0.0,0.0,0.0,0.0,keyboard_terminal,https://omniverse-content-production.s3-us-west-2.amazonaws.com/Assets/Isaac/5.1/Isaac/Robots/Bitcraze/Crazyflie/cf2x.usd
crazyflie_room_basic,2102,35.81189810000069,-1.45,-0.9,0.7,0.0,0.0,0.0,hover,0.0,0.0,0.0,0.0,keyboard_terminal,https://omniverse-content-production.s3-us-west-2.amazonaws.com/Assets/Isaac/5.1/Isaac/Robots/Bitcraze/Crazyflie/cf2x.usd
crazyflie_room_basic,2105,35.862928700007615,-1.45,-0.9,0.7,0.0,0.0,0.0,hover,0.0,0.0,0.0,0.0,keyboard_terminal,https://omniverse-content-production.s3-us-west-2.amazonaws.com/Assets/Isaac/5.1/Isaac/Robots/Bitcraze/Crazyflie/cf2x.usd
crazyflie_room_basic,2108,35.91396829999576,-1.45,-0.9,0.7,0.0,0.0,0.0,hover,0.0,0.0,0.0,0.0,keyboard_terminal,https://omniverse-content-production.s3-us-west-2.amazonaws.com/Assets/Isaac/5.1/Isaac/Robots/Bitcraze/Crazyflie/cf2x.usd
crazyflie_room_basic,2111,35.96501770000032,-1.45,-0.9,0.7,0.0,0.0,0.0,hover,0.0,0.0,0.0,0.0,keyboard_terminal,https://omniverse-content-production.s3-us-west-2.amazonaws.com/Assets/Isaac/5.1/Isaac/Robots/Bitcraze/Crazyflie/cf2x.usd
crazyflie_room_basic,2114,36.01605619999464,-1.45,-0.9,0.7,0.0,0.0,0.0,hover,0.0,0.0,0.0,0.0,keyboard_terminal,https://omniverse-content-production.s3-us-west-2.amazonaws.com/Assets/Isaac/5.1/Isaac/Robots/Bitcraze/Crazyflie/cf2x.usd
crazyflie_room_basic,2117,36.06711649999488,-1.45,-0.9,0.7,0.0,0.0,0.0,hover,0.0,0.0,0.0,0.0,keyboard_terminal,https://omniverse-content-production.s3-us-west-2.amazonaws.com/Assets/Isaac/5.1/Isaac/Robots/Bitcraze/Crazyflie/cf2x.usd
crazyflie_room_basic,2120,36.118150800000876,-1.45,-0.9,0.7,0.0,0.0,0.0,hover,0.0,0.0,0.0,0.0,keyboard_terminal,https://omniverse-content-production.s3-us-west-2.amazonaws.com/Assets/Isaac/5.1/Isaac/Robots/Bitcraze/Crazyflie/cf2x.usd
crazyflie_room_basic,2123,36.16919489999418,-1.45,-0.9,0.7,0.0,0.0,0.0,hover,0.0,0.0,0.0,0.0,keyboard_terminal,https://omniverse-content-production.s3-us-west-2.amazonaws.com/Assets/Isaac/5.1/Isaac/Robots/Bitcraze/Crazyflie/cf2x.usd
crazyflie_room_basic,2126,36.220234299995354,-1.45,-0.9,0.7,0.0,0.0,0.0,hover,0.0,0.0,0.0,0.0,keyboard_terminal,https://omniverse-content-production.s3-us-west-2.amazonaws.com/Assets/Isaac/5.1/Isaac/Robots/Bitcraze/Crazyflie/cf2x.usd
crazyflie_room_basic,2129,36.271332899996196,-1.45,-0.9,0.7,0.0,0.0,0.0,hover,0.0,0.0,0.0,0.0,keyboard_terminal,https://omniverse-content-production.s3-us-west-2.amazonaws.com/Assets/Isaac/5.1/Isaac/Robots/Bitcraze/Crazyflie/cf2x.usd
crazyflie_room_basic,2132,36.3223197000043,-1.45,-0.9,0.7,0.0,0.0,0.0,hover,0.0,0.0,0.0,0.0,keyboard_terminal,https://omniverse-content-production.s3-us-west-2.amazonaws.com/Assets/Isaac/5.1/Isaac/Robots/Bitcraze/Crazyflie/cf2x.usd
crazyflie_room_basic,2135,36.37336130000767,-1.45,-0.9,0.7,0.0,0.0,0.0,hover,0.0,0.0,0.0,0.0,keyboard_terminal,https://omniverse-content-production.s3-us-west-2.amazonaws.com/Assets/Isaac/5.1/Isaac/Robots/Bitcraze/Crazyflie/cf2x.usd
crazyflie_room_basic,2138,36.424403700002586,-1.45,-0.9,0.7,0.0,0.0,0.0,hover,0.0,0.0,0.0,0.0,keyboard_terminal,https://omniverse-content-production.s3-us-west-2.amazonaws.com/Assets/Isaac/5.1/Isaac/Robots/Bitcraze/Crazyflie/cf2x.usd
crazyflie_room_basic,2141,36.47547239999403,-1.45,-0.9,0.7,0.0,0.0,0.0,hover,0.0,0.0,0.0,0.0,keyboard_terminal,https://omniverse-content-production.s3-us-west-2.amazonaws.com/Assets/Isaac/5.1/Isaac/Robots/Bitcraze/Crazyflie/cf2x.usd
crazyflie_room_basic,2144,36.52652240000316,-1.45,-0.9,0.7,0.0,0.0,0.0,hover,0.0,0.0,0.0,0.0,keyboard_terminal,https://omniverse-content-production.s3-us-west-2.amazonaws.com/Assets/Isaac/5.1/Isaac/Robots/Bitcraze/Crazyflie/cf2x.usd
crazyflie_room_basic,2147,36.577570900000865,-1.45,-0.9,0.7,0.0,0.0,0.0,hover,0.0,0.0,0.0,0.0,keyboard_terminal,https://omniverse-content-production.s3-us-west-2.amazonaws.com/Assets/Isaac/5.1/Isaac/Robots/Bitcraze/Crazyflie/cf2x.usd
crazyflie_room_basic,2150,36.62860670000373,-1.45,-0.9,0.7,0.0,0.0,0.0,hover,0.0,0.0,0.0,0.0,keyboard_terminal,https://omniverse-content-production.s3-us-west-2.amazonaws.com/Assets/Isaac/5.1/Isaac/Robots/Bitcraze/Crazyflie/cf2x.usd
crazyflie_room_basic,2153,36.679627899997286,-1.45,-0.9,0.7,0.0,0.0,0.0,hover,0.0,0.0,0.0,0.0,keyboard_terminal,https://omniverse-content-production.s3-us-west-2.amazonaws.com/Assets/Isaac/5.1/Isaac/Robots/Bitcraze/Crazyflie/cf2x.usd
crazyflie_room_basic,2156,36.73067400000582,-1.45,-0.9,0.7,0.0,0.0,0.0,hover,0.0,0.0,0.0,0.0,keyboard_terminal,https://omniverse-content-production.s3-us-west-2.amazonaws.com/Assets/Isaac/5.1/Isaac/Robots/Bitcraze/Crazyflie/cf2x.usd
crazyflie_room_basic,2159,36.781741700004204,-1.45,-0.9,0.7,0.0,0.0,0.0,hover,0.0,0.0,0.0,0.0,keyboard_terminal,https://omniverse-content-production.s3-us-west-2.amazonaws.com/Assets/Isaac/5.1/Isaac/Robots/Bitcraze/Crazyflie/cf2x.usd
crazyflie_room_basic,2162,36.83276119999937,-1.45,-0.9,0.7,0.0,0.0,0.0,hover,0.0,0.0,0.0,0.0,keyboard_terminal,https://omniverse-content-production.s3-us-west-2.amazonaws.com/Assets/Isaac/5.1/Isaac/Robots/Bitcraze/Crazyflie/cf2x.usd
crazyflie_room_basic,2165,36.883805999998,-1.45,-0.9,0.7,0.0,0.0,0.0,hover,0.0,0.0,0.0,0.0,keyboard_terminal,https://omniverse-content-production.s3-us-west-2.amazonaws.com/Assets/Isaac/5.1/Isaac/Robots/Bitcraze/Crazyflie/cf2x.usd
crazyflie_room_basic,2168,36.93484650000755,-1.45,-0.9,0.7,0.0,0.0,0.0,hover,0.0,0.0,0.0,0.0,keyboard_terminal,https://omniverse-content-production.s3-us-west-2.amazonaws.com/Assets/Isaac/5.1/Isaac/Robots/Bitcraze/Crazyflie/cf2x.usd
crazyflie_room_basic,2171,36.98589280000306,-1.45,-0.9,0.7,0.0,0.0,0.0,hover,0.0,0.0,0.0,0.0,keyboard_terminal,https://omniverse-content-production.s3-us-west-2.amazonaws.com/Assets/Isaac/5.1/Isaac/Robots/Bitcraze/Crazyflie/cf2x.usd
crazyflie_room_basic,2174,37.03693020000355,-1.45,-0.9,0.7,0.0,0.0,0.0,hover,0.0,0.0,0.0,0.0,keyboard_terminal,https://omniverse-content-production.s3-us-west-2.amazonaws.com/Assets/Isaac/5.1/Isaac/Robots/Bitcraze/Crazyflie/cf2x.usd
crazyflie_room_basic,2177,37.08797720000439,-1.45,-0.9,0.7,0.0,0.0,0.0,hover,0.0,0.0,0.0,0.0,keyboard_terminal,https://omniverse-content-production.s3-us-west-2.amazonaws.com/Assets/Isaac/5.1/Isaac/Robots/Bitcraze/Crazyflie/cf2x.usd
crazyflie_room_basic,2180,37.13902220000455,-1.45,-0.9,0.7,0.0,0.0,0.0,hover,0.0,0.0,0.0,0.0,keyboard_terminal,https://omniverse-content-production.s3-us-west-2.amazonaws.com/Assets/Isaac/5.1/Isaac/Robots/Bitcraze/Crazyflie/cf2x.usd
crazyflie_room_basic,2183,37.19006459999946,-1.45,-0.9,0.7,0.0,0.0,0.0,hover,0.0,0.0,0.0,0.0,keyboard_terminal,https://omniverse-content-production.s3-us-west-2.amazonaws.com/Assets/Isaac/5.1/Isaac/Robots/Bitcraze/Crazyflie/cf2x.usd
crazyflie_room_basic,2186,37.241107299996656,-1.45,-0.9,0.7,0.0,0.0,0.0,hover,0.0,0.0,0.0,0.0,keyboard_terminal,https://omniverse-content-production.s3-us-west-2.amazonaws.com/Assets/Isaac/5.1/Isaac/Robots/Bitcraze/Crazyflie/cf2x.usd
crazyflie_room_basic,2189,37.292142599995714,-1.45,-0.9,0.7,0.0,0.0,0.0,hover,0.0,0.0,0.0,0.0,keyboard_terminal,https://omniverse-content-production.s3-us-west-2.amazonaws.com/Assets/Isaac/5.1/Isaac/Robots/Bitcraze/Crazyflie/cf2x.usd
crazyflie_room_basic,2192,37.34319460000552,-1.45,-0.9,0.7,0.0,0.0,0.0,hover,0.0,0.0,0.0,0.0,keyboard_terminal,https://omniverse-content-production.s3-us-west-2.amazonaws.com/Assets/Isaac/5.1/Isaac/Robots/Bitcraze/Crazyflie/cf2x.usd
crazyflie_room_basic,2195,37.39424530000542,-1.45,-0.9,0.7,0.0,0.0,0.0,hover,0.0,0.0,0.0,0.0,keyboard_terminal,https://omniverse-content-production.s3-us-west-2.amazonaws.com/Assets/Isaac/5.1/Isaac/Robots/Bitcraze/Crazyflie/cf2x.usd
crazyflie_room_basic,2198,37.44527630000084,-1.45,-0.9,0.7,0.0,0.0,0.0,hover,0.0,0.0,0.0,0.0,keyboard_terminal,https://omniverse-content-production.s3-us-west-2.amazonaws.com/Assets/Isaac/5.1/Isaac/Robots/Bitcraze/Crazyflie/cf2x.usd
crazyflie_room_basic,2201,37.49632590000692,-1.45,-0.9,0.7,0.0,0.0,0.0,hover,0.0,0.0,0.0,0.0,keyboard_terminal,https://omniverse-content-production.s3-us-west-2.amazonaws.com/Assets/Isaac/5.1/Isaac/Robots/Bitcraze/Crazyflie/cf2x.usd
crazyflie_room_basic,2204,37.54736789999879,-1.45,-0.9,0.7,0.0,0.0,0.0,hover,0.0,0.0,0.0,0.0,keyboard_terminal,https://omniverse-content-production.s3-us-west-2.amazonaws.com/Assets/Isaac/5.1/Isaac/Robots/Bitcraze/Crazyflie/cf2x.usd
crazyflie_room_basic,2207,37.5984169000003,-1.45,-0.9,0.7,0.0,0.0,0.0,hover,0.0,0.0,0.0,0.0,keyboard_terminal,https://omniverse-content-production.s3-us-west-2.amazonaws.com/Assets/Isaac/5.1/Isaac/Robots/Bitcraze/Crazyflie/cf2x.usd
crazyflie_room_basic,2210,37.64946260000579,-1.45,-0.9,0.7,0.0,0.0,0.0,hover,0.0,0.0,0.0,0.0,keyboard_terminal,https://omniverse-content-production.s3-us-west-2.amazonaws.com/Assets/Isaac/5.1/Isaac/Robots/Bitcraze/Crazyflie/cf2x.usd
crazyflie_room_basic,2213,37.70050760000595,-1.45,-0.9,0.7,0.0,0.0,0.0,hover,0.0,0.0,0.0,0.0,keyboard_terminal,https://omniverse-content-production.s3-us-west-2.amazonaws.com/Assets/Isaac/5.1/Isaac/Robots/Bitcraze/Crazyflie/cf2x.usd
crazyflie_room_basic,2216,37.75154110000585,-1.45,-0.9,0.7,0.0,0.0,0.0,hover,0.0,0.0,0.0,0.0,keyboard_terminal,https://omniverse-content-production.s3-us-west-2.amazonaws.com/Assets/Isaac/5.1/Isaac/Robots/Bitcraze/Crazyflie/cf2x.usd
crazyflie_room_basic,2219,37.8025925999973,-1.45,-0.9,0.7,0.0,0.0,0.0,hover,0.0,0.0,0.0,0.0,keyboard_terminal,https://omniverse-content-production.s3-us-west-2.amazonaws.com/Assets/Isaac/5.1/Isaac/Robots/Bitcraze/Crazyflie/cf2x.usd
crazyflie_room_basic,2222,37.85363430000143,-1.45,-0.9,0.7,0.0,0.0,0.0,hover,0.0,0.0,0.0,0.0,keyboard_terminal,https://omniverse-content-production.s3-us-west-2.amazonaws.com/Assets/Isaac/5.1/Isaac/Robots/Bitcraze/Crazyflie/cf2x.usd
crazyflie_room_basic,2225,37.904710700007854,-1.45,-0.9,0.7,0.0,0.0,0.0,hover,0.0,0.0,0.0,0.0,keyboard_terminal,https://omniverse-content-production.s3-us-west-2.amazonaws.com/Assets/Isaac/5.1/Isaac/Robots/Bitcraze/Crazyflie/cf2x.usd
crazyflie_room_basic,2228,37.95572450000327,-1.45,-0.9,0.7,0.0,0.0,0.0,hover,0.0,0.0,0.0,0.0,keyboard_terminal,https://omniverse-content-production.s3-us-west-2.amazonaws.com/Assets/Isaac/5.1/Isaac/Robots/Bitcraze/Crazyflie/cf2x.usd
crazyflie_room_basic,2231,38.00681550000445,-1.45,-0.9,0.7,0.0,0.0,0.0,hover,0.0,0.0,0.0,0.0,keyboard_terminal,https://omniverse-content-production.s3-us-west-2.amazonaws.com/Assets/Isaac/5.1/Isaac/Robots/Bitcraze/Crazyflie/cf2x.usd
crazyflie_room_basic,2234,38.0578211999964,-1.45,-0.9,0.7,0.0,0.0,0.0,hover,0.0,0.0,0.0,0.0,keyboard_terminal,https://omniverse-content-production.s3-us-west-2.amazonaws.com/Assets/Isaac/5.1/Isaac/Robots/Bitcraze/Crazyflie/cf2x.usd
crazyflie_room_basic,2237,38.10885449999478,-1.45,-0.9,0.7,0.0,0.0,0.0,hover,0.0,0.0,0.0,0.0,keyboard_terminal,https://omniverse-content-production.s3-us-west-2.amazonaws.com/Assets/Isaac/5.1/Isaac/Robots/Bitcraze/Crazyflie/cf2x.usd
crazyflie_room_basic,2240,38.15988930000458,-1.45,-0.9,0.7,0.0,0.0,0.0,hover,0.0,0.0,0.0,0.0,keyboard_terminal,https://omniverse-content-production.s3-us-west-2.amazonaws.com/Assets/Isaac/5.1/Isaac/Robots/Bitcraze/Crazyflie/cf2x.usd
crazyflie_room_basic,2243,38.21093810000457,-1.45,-0.9,0.7,0.0,0.0,0.0,hover,0.0,0.0,0.0,0.0,keyboard_terminal,https://omniverse-content-production.s3-us-west-2.amazonaws.com/Assets/Isaac/5.1/Isaac/Robots/Bitcraze/Crazyflie/cf2x.usd
crazyflie_room_basic,2246,38.261980800001766,-1.45,-0.9,0.7,0.0,0.0,0.0,hover,0.0,0.0,0.0,0.0,keyboard_terminal,https://omniverse-content-production.s3-us-west-2.amazonaws.com/Assets/Isaac/5.1/Isaac/Robots/Bitcraze/Crazyflie/cf2x.usd
crazyflie_room_basic,2249,38.313058400002774,-1.45,-0.9,0.7,0.0,0.0,0.0,hover,0.0,0.0,0.0,0.0,keyboard_terminal,https://omniverse-content-production.s3-us-west-2.amazonaws.com/Assets/Isaac/5.1/Isaac/Robots/Bitcraze/Crazyflie/cf2x.usd
crazyflie_room_basic,2252,38.36408159999701,-1.45,-0.9,0.7,0.0,0.0,0.0,hover,0.0,0.0,0.0,0.0,keyboard_terminal,https://omniverse-content-production.s3-us-west-2.amazonaws.com/Assets/Isaac/5.1/Isaac/Robots/Bitcraze/Crazyflie/cf2x.usd
crazyflie_room_basic,2255,38.4151489000069,-1.45,-0.9,0.7,0.0,0.0,0.0,hover,0.0,0.0,0.0,0.0,keyboard_terminal,https://omniverse-content-production.s3-us-west-2.amazonaws.com/Assets/Isaac/5.1/Isaac/Robots/Bitcraze/Crazyflie/cf2x.usd
crazyflie_room_basic,2258,38.46615599999495,-1.45,-0.9,0.7,0.0,0.0,0.0,hover,0.0,0.0,0.0,0.0,keyboard_terminal,https://omniverse-content-production.s3-us-west-2.amazonaws.com/Assets/Isaac/5.1/Isaac/Robots/Bitcraze/Crazyflie/cf2x.usd
crazyflie_room_basic,2261,38.51719579999917,-1.45,-0.9,0.7,0.0,0.0,0.0,hover,0.0,0.0,0.0,0.0,keyboard_terminal,https://omniverse-content-production.s3-us-west-2.amazonaws.com/Assets/Isaac/5.1/Isaac/Robots/Bitcraze/Crazyflie/cf2x.usd
crazyflie_room_basic,2264,38.56824829999823,-1.45,-0.9,0.7,0.0,0.0,0.0,hover,0.0,0.0,0.0,0.0,keyboard_terminal,https://omniverse-content-production.s3-us-west-2.amazonaws.com/Assets/Isaac/5.1/Isaac/Robots/Bitcraze/Crazyflie/cf2x.usd
crazyflie_room_basic,2267,38.61928970000008,-1.45,-0.9,0.7,0.0,0.0,0.0,hover,0.0,0.0,0.0,0.0,keyboard_terminal,https://omniverse-content-production.s3-us-west-2.amazonaws.com/Assets/Isaac/5.1/Isaac/Robots/Bitcraze/Crazyflie/cf2x.usd
crazyflie_room_basic,2270,38.67033910000464,-1.45,-0.9,0.7,0.0,0.0,0.0,hover,0.0,0.0,0.0,0.0,keyboard_terminal,https://omniverse-content-production.s3-us-west-2.amazonaws.com/Assets/Isaac/5.1/Isaac/Robots/Bitcraze/Crazyflie/cf2x.usd
crazyflie_room_basic,2273,38.7213774999982,-1.45,-0.9,0.7,0.0,0.0,0.0,hover,0.0,0.0,0.0,0.0,keyboard_terminal,https://omniverse-content-production.s3-us-west-2.amazonaws.com/Assets/Isaac/5.1/Isaac/Robots/Bitcraze/Crazyflie/cf2x.usd
crazyflie_room_basic,2276,38.77246069999819,-1.45,-0.9,0.7,0.0,0.0,0.0,hover,0.0,0.0,0.0,0.0,keyboard_terminal,https://omniverse-content-production.s3-us-west-2.amazonaws.com/Assets/Isaac/5.1/Isaac/Robots/Bitcraze/Crazyflie/cf2x.usd
crazyflie_room_basic,2279,38.8234730999975,-1.45,-0.9,0.7,0.0,0.0,0.0,hover,0.0,0.0,0.0,0.0,keyboard_terminal,https://omniverse-content-production.s3-us-west-2.amazonaws.com/Assets/Isaac/5.1/Isaac/Robots/Bitcraze/Crazyflie/cf2x.usd
crazyflie_room_basic,2282,38.874511899994104,-1.45,-0.9,0.7,0.0,0.0,0.0,hover,0.0,0.0,0.0,0.0,keyboard_terminal,https://omniverse-content-production.s3-us-west-2.amazonaws.com/Assets/Isaac/5.1/Isaac/Robots/Bitcraze/Crazyflie/cf2x.usd
crazyflie_room_basic,2285,38.92554199999722,-1.45,-0.9,0.7,0.0,0.0,0.0,hover,0.0,0.0,0.0,0.0,keyboard_terminal,https://omniverse-content-production.s3-us-west-2.amazonaws.com/Assets/Isaac/5.1/Isaac/Robots/Bitcraze/Crazyflie/cf2x.usd
crazyflie_room_basic,2288,38.97659350000322,-1.45,-0.9,0.7,0.0,0.0,0.0,hover,0.0,0.0,0.0,0.0,keyboard_terminal,https://omniverse-content-production.s3-us-west-2.amazonaws.com/Assets/Isaac/5.1/Isaac/Robots/Bitcraze/Crazyflie/cf2x.usd
crazyflie_room_basic,2291,39.02765079999517,-1.45,-0.9,0.7,0.0,0.0,0.0,hover,0.0,0.0,0.0,0.0,keyboard_terminal,https://omniverse-content-production.s3-us-west-2.amazonaws.com/Assets/Isaac/5.1/Isaac/Robots/Bitcraze/Crazyflie/cf2x.usd
crazyflie_room_basic,2294,39.07868180000514,-1.45,-0.9,0.7,0.0,0.0,0.0,hover,0.0,0.0,0.0,0.0,keyboard_terminal,https://omniverse-content-production.s3-us-west-2.amazonaws.com/Assets/Isaac/5.1/Isaac/Robots/Bitcraze/Crazyflie/cf2x.usd
crazyflie_room_basic,2297,39.12972599999921,-1.45,-0.9,0.7,0.0,0.0,0.0,hover,0.0,0.0,0.0,0.0,keyboard_terminal,https://omniverse-content-production.s3-us-west-2.amazonaws.com/Assets/Isaac/5.1/Isaac/Robots/Bitcraze/Crazyflie/cf2x.usd
crazyflie_room_basic,2300,39.18076790000487,-1.45,-0.9,0.7,0.0,0.0,0.0,hover,0.0,0.0,0.0,0.0,keyboard_terminal,https://omniverse-content-production.s3-us-west-2.amazonaws.com/Assets/Isaac/5.1/Isaac/Robots/Bitcraze/Crazyflie/cf2x.usd
crazyflie_room_basic,2303,39.23181900000782,-1.45,-0.9,0.7,0.0,0.0,0.0,hover,0.0,0.0,0.0,0.0,keyboard_terminal,https://omniverse-content-production.s3-us-west-2.amazonaws.com/Assets/Isaac/5.1/Isaac/Robots/Bitcraze/Crazyflie/cf2x.usd
crazyflie_room_basic,2306,39.28286219999427,-1.45,-0.9,0.7,0.0,0.0,0.0,hover,0.0,0.0,0.0,0.0,keyboard_terminal,https://omniverse-content-production.s3-us-west-2.amazonaws.com/Assets/Isaac/5.1/Isaac/Robots/Bitcraze/Crazyflie/cf2x.usd
crazyflie_room_basic,2309,39.333902500002296,-1.45,-0.9,0.7,0.0,0.0,0.0,hover,0.0,0.0,0.0,0.0,keyboard_terminal,https://omniverse-content-production.s3-us-west-2.amazonaws.com/Assets/Isaac/5.1/Isaac/Robots/Bitcraze/Crazyflie/cf2x.usd
crazyflie_room_basic,2312,39.38494410000567,-1.45,-0.9,0.7,0.0,0.0,0.0,hover,0.0,0.0,0.0,0.0,keyboard_terminal,https://omniverse-content-production.s3-us-west-2.amazonaws.com/Assets/Isaac/5.1/Isaac/Robots/Bitcraze/Crazyflie/cf2x.usd
crazyflie_room_basic,2315,39.43600000000151,-1.45,-0.9,0.7,0.0,0.0,0.0,hover,0.0,0.0,0.0,0.0,keyboard_terminal,https://omniverse-content-production.s3-us-west-2.amazonaws.com/Assets/Isaac/5.1/Isaac/Robots/Bitcraze/Crazyflie/cf2x.usd
crazyflie_room_basic,2318,39.487034999998286,-1.45,-0.9,0.7,0.0,0.0,0.0,hover,0.0,0.0,0.0,0.0,keyboard_terminal,https://omniverse-content-production.s3-us-west-2.amazonaws.com/Assets/Isaac/5.1/Isaac/Robots/Bitcraze/Crazyflie/cf2x.usd
crazyflie_room_basic,2321,39.53807049999887,-1.45,-0.9,0.7,0.0,0.0,0.0,hover,0.0,0.0,0.0,0.0,keyboard_terminal,https://omniverse-content-production.s3-us-west-2.amazonaws.com/Assets/Isaac/5.1/Isaac/Robots/Bitcraze/Crazyflie/cf2x.usd
crazyflie_room_basic,2324,39.58911820000503,-1.45,-0.9,0.7,0.0,0.0,0.0,hover,0.0,0.0,0.0,0.0,keyboard_terminal,https://omniverse-content-production.s3-us-west-2.amazonaws.com/Assets/Isaac/5.1/Isaac/Robots/Bitcraze/Crazyflie/cf2x.usd
crazyflie_room_basic,2327,39.64017450000392,-1.45,-0.9,0.7,0.0,0.0,0.0,hover,0.0,0.0,0.0,0.0,keyboard_terminal,https://omniverse-content-production.s3-us-west-2.amazonaws.com/Assets/Isaac/5.1/Isaac/Robots/Bitcraze/Crazyflie/cf2x.usd
crazyflie_room_basic,2330,39.691204999995534,-1.45,-0.9,0.7,0.0,0.0,0.0,hover,0.0,0.0,0.0,0.0,keyboard_terminal,https://omniverse-content-production.s3-us-west-2.amazonaws.com/Assets/Isaac/5.1/Isaac/Robots/Bitcraze/Crazyflie/cf2x.usd
crazyflie_room_basic,2333,39.742247200003476,-1.45,-0.9,0.7,0.0,0.0,0.0,hover,0.0,0.0,0.0,0.0,keyboard_terminal,https://omniverse-content-production.s3-us-west-2.amazonaws.com/Assets/Isaac/5.1/Isaac/Robots/Bitcraze/Crazyflie/cf2x.usd
crazyflie_room_basic,2336,39.79329840000719,-1.45,-0.9,0.7,0.0,0.0,0.0,hover,0.0,0.0,0.0,0.0,keyboard_terminal,https://omniverse-content-production.s3-us-west-2.amazonaws.com/Assets/Isaac/5.1/Isaac/Robots/Bitcraze/Crazyflie/cf2x.usd
crazyflie_room_basic,2339,39.84435090000625,-1.45,-0.9,0.7,0.0,0.0,0.0,hover,0.0,0.0,0.0,0.0,keyboard_terminal,https://omniverse-content-production.s3-us-west-2.amazonaws.com/Assets/Isaac/5.1/Isaac/Robots/Bitcraze/Crazyflie/cf2x.usd
crazyflie_room_basic,2342,39.89538190000167,-1.45,-0.9,0.7,0.0,0.0,0.0,hover,0.0,0.0,0.0,0.0,keyboard_terminal,https://omniverse-content-production.s3-us-west-2.amazonaws.com/Assets/Isaac/5.1/Isaac/Robots/Bitcraze/Crazyflie/cf2x.usd
crazyflie_room_basic,2345,39.946452899996075,-1.45,-0.9,0.7,0.0,0.0,0.0,hover,0.0,0.0,0.0,0.0,keyboard_terminal,https://omniverse-content-production.s3-us-west-2.amazonaws.com/Assets/Isaac/5.1/Isaac/Robots/Bitcraze/Crazyflie/cf2x.usd
crazyflie_room_basic,2348,39.99746739999682,-1.45,-0.9,0.7,0.0,0.0,0.0,hover,0.0,0.0,0.0,0.0,keyboard_terminal,https://omniverse-content-production.s3-us-west-2.amazonaws.com/Assets/Isaac/5.1/Isaac/Robots/Bitcraze/Crazyflie/cf2x.usd
crazyflie_room_basic,2351,40.04852130000654,-1.45,-0.9,0.7,0.0,0.0,0.0,hover,0.0,0.0,0.0,0.0,keyboard_terminal,https://omniverse-content-production.s3-us-west-2.amazonaws.com/Assets/Isaac/5.1/Isaac/Robots/Bitcraze/Crazyflie/cf2x.usd
crazyflie_room_basic,2354,40.09962110000197,-1.45,-0.9,0.7,0.0,0.0,0.0,hover,0.0,0.0,0.0,0.0,keyboard_terminal,https://omniverse-content-production.s3-us-west-2.amazonaws.com/Assets/Isaac/5.1/Isaac/Robots/Bitcraze/Crazyflie/cf2x.usd
crazyflie_room_basic,2357,40.1506217999995,-1.45,-0.9,0.7,0.0,0.0,0.0,hover,0.0,0.0,0.0,0.0,keyboard_terminal,https://omniverse-content-production.s3-us-west-2.amazonaws.com/Assets/Isaac/5.1/Isaac/Robots/Bitcraze/Crazyflie/cf2x.usd
crazyflie_room_basic,2360,40.20166419999441,-1.45,-0.9,0.7,0.0,0.0,0.0,hover,0.0,0.0,0.0,0.0,keyboard_terminal,https://omniverse-content-production.s3-us-west-2.amazonaws.com/Assets/Isaac/5.1/Isaac/Robots/Bitcraze/Crazyflie/cf2x.usd
crazyflie_room_basic,2363,40.25270399999863,-1.45,-0.9,0.7,0.0,0.0,0.0,hover,0.0,0.0,0.0,0.0,keyboard_terminal,https://omniverse-content-production.s3-us-west-2.amazonaws.com/Assets/Isaac/5.1/Isaac/Robots/Bitcraze/Crazyflie/cf2x.usd
crazyflie_room_basic,2366,40.30375120000099,-1.45,-0.9,0.7,0.0,0.0,0.0,hover,0.0,0.0,0.0,0.0,keyboard_terminal,https://omniverse-content-production.s3-us-west-2.amazonaws.com/Assets/Isaac/5.1/Isaac/Robots/Bitcraze/Crazyflie/cf2x.usd
crazyflie_room_basic,2369,40.354793100006646,-1.45,-0.9,0.7,0.0,0.0,0.0,hover,0.0,0.0,0.0,0.0,keyboard_terminal,https://omniverse-content-production.s3-us-west-2.amazonaws.com/Assets/Isaac/5.1/Isaac/Robots/Bitcraze/Crazyflie/cf2x.usd
crazyflie_room_basic,2372,40.40584459999809,-1.45,-0.9,0.7,0.0,0.0,0.0,hover,0.0,0.0,0.0,0.0,keyboard_terminal,https://omniverse-content-production.s3-us-west-2.amazonaws.com/Assets/Isaac/5.1/Isaac/Robots/Bitcraze/Crazyflie/cf2x.usd
crazyflie_room_basic,2375,40.45686659999774,-1.45,-0.9,0.7,0.0,0.0,0.0,hover,0.0,0.0,0.0,0.0,keyboard_terminal,https://omniverse-content-production.s3-us-west-2.amazonaws.com/Assets/Isaac/5.1/Isaac/Robots/Bitcraze/Crazyflie/cf2x.usd
crazyflie_room_basic,2378,40.50791010000103,-1.45,-0.9,0.7,0.0,0.0,0.0,hover,0.0,0.0,0.0,0.0,keyboard_terminal,https://omniverse-content-production.s3-us-west-2.amazonaws.com/Assets/Isaac/5.1/Isaac/Robots/Bitcraze/Crazyflie/cf2x.usd
crazyflie_room_basic,2381,40.55896429999848,-1.45,-0.9,0.7,0.0,0.0,0.0,hover,0.0,0.0,0.0,0.0,keyboard_terminal,https://omniverse-content-production.s3-us-west-2.amazonaws.com/Assets/Isaac/5.1/Isaac/Robots/Bitcraze/Crazyflie/cf2x.usd
crazyflie_room_basic,2384,40.60999919999449,-1.45,-0.9,0.7,0.0,0.0,0.0,hover,0.0,0.0,0.0,0.0,keyboard_terminal,https://omniverse-content-production.s3-us-west-2.amazonaws.com/Assets/Isaac/5.1/Isaac/Robots/Bitcraze/Crazyflie/cf2x.usd
crazyflie_room_basic,2387,40.661044599997695,-1.45,-0.9,0.7,0.0,0.0,0.0,hover,0.0,0.0,0.0,0.0,keyboard_terminal,https://omniverse-content-production.s3-us-west-2.amazonaws.com/Assets/Isaac/5.1/Isaac/Robots/Bitcraze/Crazyflie/cf2x.usd
crazyflie_room_basic,2390,40.71208100000513,-1.45,-0.9,0.7,0.0,0.0,0.0,hover,0.0,0.0,0.0,0.0,keyboard_terminal,https://omniverse-content-production.s3-us-west-2.amazonaws.com/Assets/Isaac/5.1/Isaac/Robots/Bitcraze/Crazyflie/cf2x.usd
crazyflie_room_basic,2393,40.76312580000376,-1.45,-0.9,0.7,0.0,0.0,0.0,hover,0.0,0.0,0.0,0.0,keyboard_terminal,https://omniverse-content-production.s3-us-west-2.amazonaws.com/Assets/Isaac/5.1/Isaac/Robots/Bitcraze/Crazyflie/cf2x.usd
crazyflie_room_basic,2396,40.814165200004936,-1.45,-0.9,0.7,0.0,0.0,0.0,hover,0.0,0.0,0.0,0.0,keyboard_terminal,https://omniverse-content-production.s3-us-west-2.amazonaws.com/Assets/Isaac/5.1/Isaac/Robots/Bitcraze/Crazyflie/cf2x.usd
crazyflie_room_basic,2399,40.86521230000653,-1.45,-0.9,0.7,0.0,0.0,0.0,hover,0.0,0.0,0.0,0.0,keyboard_terminal,https://omniverse-content-production.s3-us-west-2.amazonaws.com/Assets/Isaac/5.1/Isaac/Robots/Bitcraze/Crazyflie/cf2x.usd
crazyflie_room_basic,2402,40.91625720000593,-1.45,-0.9,0.7,0.0,0.0,0.0,hover,0.0,0.0,0.0,0.0,keyboard_terminal,https://omniverse-content-production.s3-us-west-2.amazonaws.com/Assets/Isaac/5.1/Isaac/Robots/Bitcraze/Crazyflie/cf2x.usd
crazyflie_room_basic,2405,40.967304200006765,-1.45,-0.9,0.7,0.0,0.0,0.0,hover,0.0,0.0,0.0,0.0,keyboard_terminal,https://omniverse-content-production.s3-us-west-2.amazonaws.com/Assets/Isaac/5.1/Isaac/Robots/Bitcraze/Crazyflie/cf2x.usd
crazyflie_room_basic,2408,41.01834609999787,-1.45,-0.9,0.7,0.0,0.0,0.0,hover,0.0,0.0,0.0,0.0,keyboard_terminal,https://omniverse-content-production.s3-us-west-2.amazonaws.com/Assets/Isaac/5.1/Isaac/Robots/Bitcraze/Crazyflie/cf2x.usd
crazyflie_room_basic,2411,41.0694036000059,-1.45,-0.9,0.7,0.0,0.0,0.0,hover,0.0,0.0,0.0,0.0,keyboard_terminal,https://omniverse-content-production.s3-us-west-2.amazonaws.com/Assets/Isaac/5.1/Isaac/Robots/Bitcraze/Crazyflie/cf2x.usd
