time_s,action,x_m,y_m,z_m,yaw_deg,vx_body_m_s,vy_body_m_s,vz_m_s,yaw_rate_deg_s,tof_front_m,tof_back_m,tof_left_m,tof_right_m,tof_up_m,tof_down_m
0.000062,hover,-1.450000,-0.900000,0.700000,0.000000,0.000000,0.000000,0.000000,0.000000,3.450000,0.550000,2.400000,0.600000,,0.700000
0.112732,hover,-1.450000,-0.900000,0.700000,0.000000,0.000000,0.000000,0.000000,0.000000,3.450000,0.550000,2.400000,0.600000,,0.700000
0.163636,hover,-1.450000,-0.900000,0.700000,0.000000,0.000000,0.000000,0.000000,0.000000,3.450000,0.550000,2.400000,0.600000,,0.700000
0.214675,hover,-1.450000,-0.900000,0.700000,0.000000,0.000000,0.000000,0.000000,0.000000,3.450000,0.550000,2.400000,0.600000,,0.700000
0.265723,hover,-1.450000,-0.900000,0.700000,0.000000,0.000000,0.000000,0.000000,0.000000,3.450000,0.550000,2.400000,0.600000,,0.700000
0.316764,hover,-1.450000,-0.900000,0.700000,0.000000,0.000000,0.000000,0.000000,0.000000,3.450000,0.550000,2.400000,0.600000,,0.700000
0.367808,hover,-1.450000,-0.900000,0.700000,0.000000,0.000000,0.000000,0.000000,0.000000,3.450000,0.550000,2.400000,0.600000,,0.700000
0.418986,hover,-1.450000,-0.900000,0.700000,0.000000,0.000000,0.000000,0.000000,0.000000,3.450000,0.550000,2.400000,0.600000,,0.700000
0.469896,hover,-1.450000,-0.900000,0.700000,0.000000,0.000000,0.000000,0.000000,0.000000,3.450000,0.550000,2.400000,0.600000,,0.700000
0.520944,hover,-1.450000,-0.900000,0.700000,0.000000,0.000000,0.000000,0.000000,0.000000,3.450000,0.550000,2.400000,0.600000,,0.700000
0.571992,hover,-1.450000,-0.900000,0.700000,0.000000,0.000000,0.000000,0.000000,0.000000,3.450000,0.550000,2.400000,0.600000,,0.700000
0.623029,hover,-1.450000,-0.900000,0.700000,0.000000,0.000000,0.000000,0.000000,0.000000,3.450000,0.550000,2.400000,0.600000,,0.700000
0.674069,hover,-1.450000,-0.900000,0.700000,0.000000,0.000000,0.000000,0.000000,0.000000,3.450000,0.550000,2.400000,0.600000,,0.700000
0.725130,hover,-1.450000,-0.900000,0.700000,0.000000,0.000000,0.000000,0.000000,0.000000,3.450000,0.550000,2.400000,0.600000,,0.700000
0.776170,hover,-1.450000,-0.900000,0.700000,0.000000,0.000000,0.000000,0.000000,0.000000,3.450000,0.550000,2.400000,0.600000,,0.700000
0.827208,hover,-1.450000,-0.900000,0.700000,0.000000,0.000000,0.000000,0.000000,0.000000,3.450000,0.550000,2.400000,0.600000,,0.700000
0.878264,hover,-1.450000,-0.900000,0.700000,0.000000,0.000000,0.000000,0.000000,0.000000,3.450000,0.550000,2.400000,0.600000,,0.700000
0.929307,hover,-1.450000,-0.900000,0.700000,0.000000,0.000000,0.000000,0.000000,0.000000,3.450000,0.550000,2.400000,0.600000,,0.700000
0.980373,hover,-1.450000,-0.900000,0.700000,0.000000,0.000000,0.000000,0.000000,0.000000,3.450000,0.550000,2.400000,0.600000,,0.700000
1.031383,hover,-1.450000,-0.900000,0.700000,0.000000,0.000000,0.000000,0.000000,0.000000,3.450000,0.550000,2.400000,0.600000,,0.700000
1.082427,hover,-1.450000,-0.900000,0.700000,0.000000,0.000000,0.000000,0.000000,0.000000,3.450000,0.550000,2.400000,0.600000,,0.700000
1.133473,hover,-1.450000,-0.900000,0.700000,0.000000,0.000000,0.000000,0.000000,0.000000,3.450000,0.550000,2.400000,0.600000,,0.700000
1.184515,hover,-1.450000,-0.900000,0.700000,0.000000,0.000000,0.000000,0.000000,0.000000,3.450000,0.550000,2.400000,0.600000,,0.700000
1.235605,hover,-1.450000,-0.900000,0.700000,0.000000,0.000000,0.000000,0.000000,0.000000,3.450000,0.550000,2.400000,0.600000,,0.700000
1.286604,hover,-1.450000,-0.900000,0.700000,0.000000,0.000000,0.000000,0.000000,0.000000,3.450000,0.550000,2.400000,0.600000,,0.700000
1.337651,hover,-1.450000,-0.900000,0.700000,0.000000,0.000000,0.000000,0.000000,0.000000,3.450000,0.550000,2.400000,0.600000,,0.700000
1.388684,hover,-1.450000,-0.900000,0.700000,0.000000,0.000000,0.000000,0.000000,0.000000,3.450000,0.550000,2.400000,0.600000,,0.700000
1.439747,hover,-1.450000,-0.900000,0.700000,0.000000,0.000000,0.000000,0.000000,0.000000,3.450000,0.550000,2.400000,0.600000,,0.700000
1.490773,hover,-1.450000,-0.900000,0.700000,0.000000,0.000000,0.000000,0.000000,0.000000,3.450000,0.550000,2.400000,0.600000,,0.700000
1.541822,hover,-1.450000,-0.900000,0.700000,0.000000,0.000000,0.000000,0.000000,0.000000,3.450000,0.550000,2.400000,0.600000,,0.700000
1.592884,hover,-1.450000,-0.900000,0.700000,0.000000,0.000000,0.000000,0.000000,0.000000,3.450000,0.550000,2.400000,0.600000,,0.700000
1.644004,hover,-1.450000,-0.900000,0.700000,0.000000,0.000000,0.000000,0.000000,0.000000,3.450000,0.550000,2.400000,0.600000,,0.700000
1.694965,hover,-1.450000,-0.900000,0.700000,0.000000,0.000000,0.000000,0.000000,0.000000,3.450000,0.550000,2.400000,0.600000,,0.700000
1.746001,hover,-1.450000,-0.900000,0.700000,0.000000,0.000000,0.000000,0.000000,0.000000,3.450000,0.550000,2.400000,0.600000,,0.700000
1.797057,hover,-1.450000,-0.900000,0.700000,0.000000,0.000000,0.000000,0.000000,0.000000,3.450000,0.550000,2.400000,0.600000,,0.700000
1.848086,hover,-1.450000,-0.900000,0.700000,0.000000,0.000000,0.000000,0.000000,0.000000,3.450000,0.550000,2.400000,0.600000,,0.700000
1.899125,hover,-1.450000,-0.900000,0.700000,0.000000,0.000000,0.000000,0.000000,0.000000,3.450000,0.550000,2.400000,0.600000,,0.700000
1.950166,hover,-1.450000,-0.900000,0.700000,0.000000,0.000000,0.000000,0.000000,0.000000,3.450000,0.550000,2.400000,0.600000,,0.700000
2.001236,hover,-1.450000,-0.900000,0.700000,0.000000,0.000000,0.000000,0.000000,0.000000,3.450000,0.550000,2.400000,0.600000,,0.700000
2.052255,hover,-1.450000,-0.900000,0.700000,0.000000,0.000000,0.000000,0.000000,0.000000,3.450000,0.550000,2.400000,0.600000,,0.700000
2.103306,hover,-1.450000,-0.900000,0.700000,0.000000,0.000000,0.000000,0.000000,0.000000,3.450000,0.550000,2.400000,0.600000,,0.700000
2.239711,hover,-1.450000,-0.900000,0.700000,0.000000,0.000000,0.000000,0.000000,0.000000,3.450000,0.550000,2.400000,0.600000,,0.700000
2.351103,hover,-1.450000,-0.900000,0.700000,0.000000,0.000000,0.000000,0.000000,0.000000,3.450000,0.550000,2.400000,0.600000,,0.700000
2.429821,hover,-1.450000,-0.900000,0.700000,0.000000,0.000000,0.000000,0.000000,0.000000,3.450000,0.550000,2.400000,0.600000,,0.700000
2.541448,hover,-1.450000,-0.900000,0.700000,0.000000,0.000000,0.000000,0.000000,0.000000,3.450000,0.550000,2.400000,0.600000,,0.700000
2.653394,hover,-1.450000,-0.900000,0.700000,0.000000,0.000000,0.000000,0.000000,0.000000,3.450000,0.550000,2.400000,0.600000,,0.700000
2.779880,hover,-1.450000,-0.900000,0.700000,0.000000,0.000000,0.000000,0.000000,0.000000,3.450000,0.550000,2.400000,0.600000,,0.700000
2.875155,hover,-1.450000,-0.900000,0.700000,0.000000,0.000000,0.000000,0.000000,0.000000,3.450000,0.550000,2.400000,0.600000,,0.700000
2.985746,hover,-1.450000,-0.900000,0.700000,0.000000,0.000000,0.000000,0.000000,0.000000,3.450000,0.550000,2.400000,0.600000,,0.700000
3.096170,hover,-1.450000,-0.900000,0.700000,0.000000,0.000000,0.000000,0.000000,0.000000,3.450000,0.550000,2.400000,0.600000,,0.700000
3.205072,hover,-1.450000,-0.900000,0.700000,0.000000,0.000000,0.000000,0.000000,0.000000,3.450000,0.550000,2.400000,0.600000,,0.700000
3.314592,hover,-1.450000,-0.900000,0.700000,0.000000,0.000000,0.000000,0.000000,0.000000,3.450000,0.550000,2.400000,0.600000,,0.700000
3.423024,hover,-1.450000,-0.900000,0.700000,0.000000,0.000000,0.000000,0.000000,0.000000,3.450000,0.550000,2.400000,0.600000,,0.700000
3.533364,hover,-1.450000,-0.900000,0.700000,0.000000,0.000000,0.000000,0.000000,0.000000,3.450000,0.550000,2.400000,0.600000,,0.700000
3.650684,hover,-1.450000,-0.900000,0.700000,0.000000,0.000000,0.000000,0.000000,0.000000,3.450000,0.550000,2.400000,0.600000,,0.700000
3.741536,hover,-1.450000,-0.900000,0.700000,0.000000,0.000000,0.000000,0.000000,0.000000,3.450000,0.550000,2.400000,0.600000,,0.700000
3.866017,hover,-1.450000,-0.900000,0.700000,0.000000,0.000000,0.000000,0.000000,0.000000,3.450000,0.550000,2.400000,0.600000,,0.700000
3.963734,hover,-1.450000,-0.900000,0.700000,0.000000,0.000000,0.000000,0.000000,0.000000,3.450000,0.550000,2.400000,0.600000,,0.700000
4.077547,hover,-1.450000,-0.900000,0.700000,0.000000,0.000000,0.000000,0.000000,0.000000,3.450000,0.550000,2.400000,0.600000,,0.700000
4.186820,hover,-1.450000,-0.900000,0.700000,0.000000,0.000000,0.000000,0.000000,0.000000,3.450000,0.550000,2.400000,0.600000,,0.700000
4.301784,hover,-1.450000,-0.900000,0.700000,0.000000,0.000000,0.000000,0.000000,0.000000,3.450000,0.550000,2.400000,0.600000,,0.700000
4.411079,hover,-1.450000,-0.900000,0.700000,0.000000,0.000000,0.000000,0.000000,0.000000,3.450000,0.550000,2.400000,0.600000,,0.700000
4.519132,hover,-1.450000,-0.900000,0.700000,0.000000,0.000000,0.000000,0.000000,0.000000,3.450000,0.550000,2.400000,0.600000,,0.700000
4.631317,hover,-1.450000,-0.900000,0.700000,0.000000,0.000000,0.000000,0.000000,0.000000,3.450000,0.550000,2.400000,0.600000,,0.700000
4.744696,hover,-1.450000,-0.900000,0.700000,0.000000,0.000000,0.000000,0.000000,0.000000,3.450000,0.550000,2.400000,0.600000,,0.700000
4.852166,hover,-1.450000,-0.900000,0.700000,0.000000,0.000000,0.000000,0.000000,0.000000,3.450000,0.550000,2.400000,0.600000,,0.700000
4.961875,hover,-1.450000,-0.900000,0.700000,0.000000,0.000000,0.000000,0.000000,0.000000,3.450000,0.550000,2.400000,0.600000,,0.700000
5.079764,hover,-1.450000,-0.900000,0.700000,0.000000,0.000000,0.000000,0.000000,0.000000,3.450000,0.550000,2.400000,0.600000,,0.700000
5.174529,hover,-1.450000,-0.900000,0.700000,0.000000,0.000000,0.000000,0.000000,0.000000,3.450000,0.550000,2.400000,0.600000,,0.700000
5.291842,hover,-1.450000,-0.900000,0.700000,0.000000,0.000000,0.000000,0.000000,0.000000,3.450000,0.550000,2.400000,0.600000,,0.700000
5.390666,hover,-1.450000,-0.900000,0.700000,0.000000,0.000000,0.000000,0.000000,0.000000,3.450000,0.550000,2.400000,0.600000,,0.700000
5.499986,hover,-1.450000,-0.900000,0.700000,0.000000,0.000000,0.000000,0.000000,0.000000,3.450000,0.550000,2.400000,0.600000,,0.700000
5.607010,hover,-1.450000,-0.900000,0.700000,0.000000,0.000000,0.000000,0.000000,0.000000,3.450000,0.550000,2.400000,0.600000,,0.700000
5.724533,hover,-1.450000,-0.900000,0.700000,0.000000,0.000000,0.000000,0.000000,0.000000,3.450000,0.550000,2.400000,0.600000,,0.700000
5.817406,hover,-1.450000,-0.900000,0.700000,0.000000,0.000000,0.000000,0.000000,0.000000,3.450000,0.550000,2.400000,0.600000,,0.700000
5.933221,hover,-1.450000,-0.900000,0.700000,0.000000,0.000000,0.000000,0.000000,0.000000,3.450000,0.550000,2.400000,0.600000,,0.700000
6.049764,hover,-1.450000,-0.900000,0.700000,0.000000,0.000000,0.000000,0.000000,0.000000,3.450000,0.550000,2.400000,0.600000,,0.700000
6.163624,hover,-1.450000,-0.900000,0.700000,0.000000,0.000000,0.000000,0.000000,0.000000,3.450000,0.550000,2.400000,0.600000,,0.700000
6.274862,hover,-1.450000,-0.900000,0.700000,0.000000,0.000000,0.000000,0.000000,0.000000,3.450000,0.550000,2.400000,0.600000,,0.700000
6.392586,hover,-1.450000,-0.900000,0.700000,0.000000,0.000000,0.000000,0.000000,0.000000,3.450000,0.550000,2.400000,0.600000,,0.700000
6.488335,hover,-1.450000,-0.900000,0.700000,0.000000,0.000000,0.000000,0.000000,0.000000,3.450000,0.550000,2.400000,0.600000,,0.700000
6.598959,hover,-1.450000,-0.900000,0.700000,0.000000,0.000000,0.000000,0.000000,0.000000,3.450000,0.550000,2.400000,0.600000,,0.700000
6.718091,hover,-1.450000,-0.900000,0.700000,0.000000,0.000000,0.000000,0.000000,0.000000,3.450000,0.550000,2.400000,0.600000,,0.700000
6.806538,hover,-1.450000,-0.900000,0.700000,0.000000,0.000000,0.000000,0.000000,0.000000,3.450000,0.550000,2.400000,0.600000,,0.700000
6.912367,hover,-1.450000,-0.900000,0.700000,0.000000,0.000000,0.000000,0.000000,0.000000,3.450000,0.550000,2.400000,0.600000,,0.700000
7.019763,hover,-1.450000,-0.900000,0.700000,0.000000,0.000000,0.000000,0.000000,0.000000,3.450000,0.550000,2.400000,0.600000,,0.700000
7.128539,hover,-1.450000,-0.900000,0.700000,0.000000,0.000000,0.000000,0.000000,0.000000,3.450000,0.550000,2.400000,0.600000,,0.700000
7.246868,hover,-1.450000,-0.900000,0.700000,0.000000,0.000000,0.000000,0.000000,0.000000,3.450000,0.550000,2.400000,0.600000,,0.700000
7.337586,hover,-1.450000,-0.900000,0.700000,0.000000,0.000000,0.000000,0.000000,0.000000,3.450000,0.550000,2.400000,0.600000,,0.700000
7.453591,hover,-1.450000,-0.900000,0.700000,0.000000,0.000000,0.000000,0.000000,0.000000,3.450000,0.550000,2.400000,0.600000,,0.700000
7.571070,hover,-1.450000,-0.900000,0.700000,0.000000,0.000000,0.000000,0.000000,0.000000,3.450000,0.550000,2.400000,0.600000,,0.700000
7.668683,hover,-1.450000,-0.900000,0.700000,0.000000,0.000000,0.000000,0.000000,0.000000,3.450000,0.550000,2.400000,0.600000,,0.700000
7.774114,hover,-1.450000,-0.900000,0.700000,0.000000,0.000000,0.000000,0.000000,0.000000,3.450000,0.550000,2.400000,0.600000,,0.700000
7.884027,hover,-1.450000,-0.900000,0.700000,0.000000,0.000000,0.000000,0.000000,0.000000,3.450000,0.550000,2.400000,0.600000,,0.700000
7.998579,hover,-1.450000,-0.900000,0.700000,0.000000,0.000000,0.000000,0.000000,0.000000,3.450000,0.550000,2.400000,0.600000,,0.700000
8.105785,hover,-1.450000,-0.900000,0.700000,0.000000,0.000000,0.000000,0.000000,0.000000,3.450000,0.550000,2.400000,0.600000,,0.700000
8.215300,hover,-1.450000,-0.900000,0.700000,0.000000,0.000000,0.000000,0.000000,0.000000,3.450000,0.550000,2.400000,0.600000,,0.700000
8.328139,hover,-1.450000,-0.900000,0.700000,0.000000,0.000000,0.000000,0.000000,0.000000,3.450000,0.550000,2.400000,0.600000,,0.700000
8.435296,hover,-1.450000,-0.900000,0.700000,0.000000,0.000000,0.000000,0.000000,0.000000,3.450000,0.550000,2.400000,0.600000,,0.700000
8.548792,hover,-1.450000,-0.900000,0.700000,0.000000,0.000000,0.000000,0.000000,0.000000,3.450000,0.550000,2.400000,0.600000,,0.700000
8.670799,hover,-1.450000,-0.900000,0.700000,0.000000,0.000000,0.000000,0.000000,0.000000,3.450000,0.550000,2.400000,0.600000,,0.700000
8.768321,hover,-1.450000,-0.900000,0.700000,0.000000,0.000000,0.000000,0.000000,0.000000,3.450000,0.550000,2.400000,0.600000,,0.700000
8.883199,hover,-1.450000,-0.900000,0.700000,0.000000,0.000000,0.000000,0.000000,0.000000,3.450000,0.550000,2.400000,0.600000,,0.700000
8.995034,hover,-1.450000,-0.900000,0.700000,0.000000,0.000000,0.000000,0.000000,0.000000,3.450000,0.550000,2.400000,0.600000,,0.700000
9.110213,hover,-1.450000,-0.900000,0.700000,0.000000,0.000000,0.000000,0.000000,0.000000,3.450000,0.550000,2.400000,0.600000,,0.700000
9.220329,hover,-1.450000,-0.900000,0.700000,0.000000,0.000000,0.000000,0.000000,0.000000,3.450000,0.550000,2.400000,0.600000,,0.700000
9.341888,hover,-1.450000,-0.900000,0.700000,0.000000,0.000000,0.000000,0.000000,0.000000,3.450000,0.550000,2.400000,0.600000,,0.700000
9.434974,hover,-1.450000,-0.900000,0.700000,0.000000,0.000000,0.000000,0.000000,0.000000,3.450000,0.550000,2.400000,0.600000,,0.700000
9.543735,hover,-1.450000,-0.900000,0.700000,0.000000,0.000000,0.000000,0.000000,0.000000,3.450000,0.550000,2.400000,0.600000,,0.700000
9.656705,hover,-1.450000,-0.900000,0.700000,0.000000,0.000000,0.000000,0.000000,0.000000,3.450000,0.550000,2.400000,0.600000,,0.700000
9.767501,hover,-1.450000,-0.900000,0.700000,0.000000,0.000000,0.000000,0.000000,0.000000,3.450000,0.550000,2.400000,0.600000,,0.700000
9.885603,hover,-1.450000,-0.900000,0.700000,0.000000,0.000000,0.000000,0.000000,0.000000,3.450000,0.550000,2.400000,0.600000,,0.700000
9.981655,hover,-1.450000,-0.900000,0.700000,0.000000,0.000000,0.000000,0.000000,0.000000,3.450000,0.550000,2.400000,0.600000,,0.700000
10.096397,hover,-1.450000,-0.900000,0.700000,0.000000,0.000000,0.000000,0.000000,0.000000,3.450000,0.550000,2.400000,0.600000,,0.700000
10.209352,hover,-1.450000,-0.900000,0.700000,0.000000,0.000000,0.000000,0.000000,0.000000,3.450000,0.550000,2.400000,0.600000,,0.700000
10.317169,hover,-1.450000,-0.900000,0.700000,0.000000,0.000000,0.000000,0.000000,0.000000,3.450000,0.550000,2.400000,0.600000,,0.700000
10.427846,hover,-1.450000,-0.900000,0.700000,0.000000,0.000000,0.000000,0.000000,0.000000,3.450000,0.550000,2.400000,0.600000,,0.700000
10.533324,hover,-1.450000,-0.900000,0.700000,0.000000,0.000000,0.000000,0.000000,0.000000,3.450000,0.550000,2.400000,0.600000,,0.700000
10.638117,hover,-1.450000,-0.900000,0.700000,0.000000,0.000000,0.000000,0.000000,0.000000,3.450000,0.550000,2.400000,0.600000,,0.700000
10.756017,hover,-1.450000,-0.900000,0.700000,0.000000,0.000000,0.000000,0.000000,0.000000,3.450000,0.550000,2.400000,0.600000,,0.700000
10.845129,hover,-1.450000,-0.900000,0.700000,0.000000,0.000000,0.000000,0.000000,0.000000,3.450000,0.550000,2.400000,0.600000,,0.700000
10.956032,hover,-1.450000,-0.900000,0.700000,0.000000,0.000000,0.000000,0.000000,0.000000,3.450000,0.550000,2.400000,0.600000,,0.700000
11.069235,hover,-1.450000,-0.900000,0.700000,0.000000,0.000000,0.000000,0.000000,0.000000,3.450000,0.550000,2.400000,0.600000,,0.700000
11.177330,hover,-1.450000,-0.900000,0.700000,0.000000,0.000000,0.000000,0.000000,0.000000,3.450000,0.550000,2.400000,0.600000,,0.700000
11.284670,hover,-1.450000,-0.900000,0.700000,0.000000,0.000000,0.000000,0.000000,0.000000,3.450000,0.550000,2.400000,0.600000,,0.700000
11.392610,hover,-1.450000,-0.900000,0.700000,0.000000,0.000000,0.000000,0.000000,0.000000,3.450000,0.550000,2.400000,0.600000,,0.700000
11.503503,hover,-1.450000,-0.900000,0.700000,0.000000,0.000000,0.000000,0.000000,0.000000,3.450000,0.550000,2.400000,0.600000,,0.700000
11.608336,hover,-1.450000,-0.900000,0.700000,0.000000,0.000000,0.000000,0.000000,0.000000,3.450000,0.550000,2.400000,0.600000,,0.700000
11.723747,hover,-1.450000,-0.900000,0.700000,0.000000,0.000000,0.000000,0.000000,0.000000,3.450000,0.550000,2.400000,0.600000,,0.700000
11.840439,hover,-1.450000,-0.900000,0.700000,0.000000,0.000000,0.000000,0.000000,0.000000,3.450000,0.550000,2.400000,0.600000,,0.700000
11.947311,hover,-1.450000,-0.900000,0.700000,0.000000,0.000000,0.000000,0.000000,0.000000,3.450000,0.550000,2.400000,0.600000,,0.700000
12.058317,hover,-1.450000,-0.900000,0.700000,0.000000,0.000000,0.000000,0.000000,0.000000,3.450000,0.550000,2.400000,0.600000,,0.700000
12.168448,hover,-1.450000,-0.900000,0.700000,0.000000,0.000000,0.000000,0.000000,0.000000,3.450000,0.550000,2.400000,0.600000,,0.700000
12.278115,hover,-1.450000,-0.900000,0.700000,0.000000,0.000000,0.000000,0.000000,0.000000,3.450000,0.550000,2.400000,0.600000,,0.700000
12.388513,hover,-1.450000,-0.900000,0.700000,0.000000,0.000000,0.000000,0.000000,0.000000,3.450000,0.550000,2.400000,0.600000,,0.700000
12.496651,hover,-1.450000,-0.900000,0.700000,0.000000,0.000000,0.000000,0.000000,0.000000,3.450000,0.550000,2.400000,0.600000,,0.700000
12.608495,hover,-1.450000,-0.900000,0.700000,0.000000,0.000000,0.000000,0.000000,0.000000,3.450000,0.550000,2.400000,0.600000,,0.700000
12.718189,hover,-1.450000,-0.900000,0.700000,0.000000,0.000000,0.000000,0.000000,0.000000,3.450000,0.550000,2.400000,0.600000,,0.700000
12.824542,hover,-1.450000,-0.900000,0.700000,0.000000,0.000000,0.000000,0.000000,0.000000,3.450000,0.550000,2.400000,0.600000,,0.700000
12.927630,hover,-1.450000,-0.900000,0.700000,0.000000,0.000000,0.000000,0.000000,0.000000,3.450000,0.550000,2.400000,0.600000,,0.700000
13.032239,hover,-1.450000,-0.900000,0.700000,0.000000,0.000000,0.000000,0.000000,0.000000,3.450000,0.550000,2.400000,0.600000,,0.700000
13.138224,hover,-1.450000,-0.900000,0.700000,0.000000,0.000000,0.000000,0.000000,0.000000,3.450000,0.550000,2.400000,0.600000,,0.700000
13.244390,hover,-1.450000,-0.900000,0.700000,0.000000,0.000000,0.000000,0.000000,0.000000,3.450000,0.550000,2.400000,0.600000,,0.700000
13.350673,hover,-1.450000,-0.900000,0.700000,0.000000,0.000000,0.000000,0.000000,0.000000,3.450000,0.550000,2.400000,0.600000,,0.700000
13.456243,hover,-1.450000,-0.900000,0.700000,0.000000,0.000000,0.000000,0.000000,0.000000,3.450000,0.550000,2.400000,0.600000,,0.700000
13.560620,hover,-1.450000,-0.900000,0.700000,0.000000,0.000000,0.000000,0.000000,0.000000,3.450000,0.550000,2.400000,0.600000,,0.700000
13.672142,hover,-1.450000,-0.900000,0.700000,0.000000,0.000000,0.000000,0.000000,0.000000,3.450000,0.550000,2.400000,0.600000,,0.700000
13.783308,hover,-1.450000,-0.900000,0.700000,0.000000,0.000000,0.000000,0.000000,0.000000,3.450000,0.550000,2.400000,0.600000,,0.700000
13.895662,hover,-1.450000,-0.900000,0.700000,0.000000,0.000000,0.000000,0.000000,0.000000,3.450000,0.550000,2.400000,0.600000,,0.700000
14.011119,hover,-1.450000,-0.900000,0.700000,0.000000,0.000000,0.000000,0.000000,0.000000,3.450000,0.550000,2.400000,0.600000,,0.700000
14.121775,hover,-1.450000,-0.900000,0.700000,0.000000,0.000000,0.000000,0.000000,0.000000,3.450000,0.550000,2.400000,0.600000,,0.700000
14.228257,hover,-1.450000,-0.900000,0.700000,0.000000,0.000000,0.000000,0.000000,0.000000,3.450000,0.550000,2.400000,0.600000,,0.700000
14.340042,hover,-1.450000,-0.900000,0.700000,0.000000,0.000000,0.000000,0.000000,0.000000,3.450000,0.550000,2.400000,0.600000,,0.700000
14.447278,hover,-1.450000,-0.900000,0.700000,0.000000,0.000000,0.000000,0.000000,0.000000,3.450000,0.550000,2.400000,0.600000,,0.700000
14.549497,hover,-1.450000,-0.900000,0.700000,0.000000,0.000000,0.000000,0.000000,0.000000,3.450000,0.550000,2.400000,0.600000,,0.700000
17.888849,forward,-1.444167,-0.900000,0.700000,0.000000,0.350000,0.000000,0.000000,0.000000,3.444167,0.555833,2.400000,0.600000,,0.700000
17.968959,forward,-1.438333,-0.900000,0.700000,0.000000,0.350000,0.000000,0.000000,0.000000,3.438333,0.561667,2.400000,0.600000,,0.700000
18.079315,forward,-1.420833,-0.900000,0.700000,0.000000,0.350000,0.000000,0.000000,0.000000,3.420833,0.579167,2.400000,0.600000,,0.700000
18.192758,hover,-1.409167,-0.900000,0.700000,0.000000,0.000000,0.000000,0.000000,0.000000,3.409167,0.590833,2.400000,0.600000,,0.700000
18.300597,hover,-1.409167,-0.900000,0.700000,0.000000,0.000000,0.000000,0.000000,0.000000,3.409167,0.590833,2.400000,0.600000,,0.700000
18.409289,forward,-1.403333,-0.900000,0.700000,0.000000,0.350000,0.000000,0.000000,0.000000,3.403333,0.596667,2.400000,0.600000,,0.700000
18.522023,forward,-1.385833,-0.900000,0.700000,0.000000,0.350000,0.000000,0.000000,0.000000,3.385833,0.614167,2.400000,0.600000,,0.700000
18.632772,forward,-1.368333,-0.900000,0.700000,0.000000,0.350000,0.000000,0.000000,0.000000,3.368333,0.631667,2.400000,0.600000,,0.700000
18.742938,forward,-1.350833,-0.900000,0.700000,0.000000,0.350000,0.000000,0.000000,0.000000,3.350833,0.649167,2.400000,0.600000,,0.700000
18.858927,forward,-1.333333,-0.900000,0.700000,0.000000,0.350000,0.000000,0.000000,0.000000,3.333333,0.666667,2.400000,0.600000,,0.700000
18.966897,left,-1.321667,-0.895833,0.700000,0.000000,0.000000,0.250000,0.000000,0.000000,3.321667,0.678333,2.395833,0.604167,,0.700000
19.075057,left,-1.321667,-0.883333,0.700000,0.000000,0.000000,0.250000,0.000000,0.000000,3.321667,0.678333,2.383333,0.616667,,0.700000
19.188074,left,-1.321667,-0.870833,0.700000,0.000000,0.000000,0.250000,0.000000,0.000000,3.321667,0.678333,2.370833,0.629167,,0.700000
19.296064,hover,-1.321667,-0.862500,0.700000,0.000000,0.000000,0.000000,0.000000,0.000000,3.321667,0.678333,2.362500,0.637500,,0.700000
19.402477,hover,-1.321667,-0.862500,0.700000,0.000000,0.000000,0.000000,0.000000,0.000000,3.321667,0.678333,2.362500,0.637500,,0.700000
19.515443,left,-1.321667,-0.858333,0.700000,0.000000,0.000000,0.250000,0.000000,0.000000,3.321667,0.678333,2.358333,0.641667,,0.700000
19.624138,left,-1.321667,-0.845833,0.700000,0.000000,0.000000,0.250000,0.000000,0.000000,3.321667,0.678333,2.345833,0.654167,,0.700000
19.737937,left,-1.321667,-0.833333,0.700000,0.000000,0.000000,0.250000,0.000000,0.000000,3.321667,0.678333,2.333333,0.666667,,0.700000
19.850210,left,-1.321667,-0.820833,0.700000,0.000000,0.000000,0.250000,0.000000,0.000000,3.321667,0.678333,2.320833,0.679167,,0.700000
19.958176,left,-1.321667,-0.808333,0.700000,0.000000,0.000000,0.250000,0.000000,0.000000,3.321667,0.678333,2.308333,0.691667,,0.700000
20.063802,left,-1.321667,-0.795833,0.700000,0.000000,0.000000,0.250000,0.000000,0.000000,3.321667,0.678333,2.295833,0.704167,,0.700000
20.176320,left,-1.321667,-0.783333,0.700000,0.000000,0.000000,0.250000,0.000000,0.000000,3.321667,0.678333,2.283333,0.716667,,0.700000
20.296917,left,-1.321667,-0.770833,0.700000,0.000000,0.000000,0.250000,0.000000,0.000000,3.321667,0.678333,2.270833,0.729167,,0.700000
20.392520,left,-1.321667,-0.762500,0.700000,0.000000,0.000000,0.250000,0.000000,0.000000,3.321667,0.678333,2.262500,0.737500,,0.700000
20.512815,left,-1.321667,-0.750000,0.700000,0.000000,0.000000,0.250000,0.000000,0.000000,3.321667,0.678333,2.250000,0.750000,,0.700000
20.603432,left,-1.321667,-0.741667,0.700000,0.000000,0.000000,0.250000,0.000000,0.000000,3.321667,0.678333,2.241667,0.758333,,0.700000
20.715457,left,-1.321667,-0.729167,0.700000,0.000000,0.000000,0.250000,0.000000,0.000000,3.321667,0.678333,2.229167,0.770833,,0.700000
20.826662,left,-1.321667,-0.716667,0.700000,0.000000,0.000000,0.250000,0.000000,0.000000,3.321667,0.678333,2.216667,0.783333,,0.700000
20.933664,left,-1.321667,-0.704167,0.700000,0.000000,0.000000,0.250000,0.000000,0.000000,3.321667,0.678333,2.204167,0.795833,,0.700000
21.041584,left,-1.321667,-0.691667,0.700000,0.000000,0.000000,0.250000,0.000000,0.000000,3.321667,0.678333,2.191667,0.808333,,0.700000
21.152365,left,-1.321667,-0.679167,0.700000,0.000000,0.000000,0.250000,0.000000,0.000000,3.321667,0.678333,2.179167,0.820833,,0.700000
21.260144,left,-1.321667,-0.666667,0.700000,0.000000,0.000000,0.250000,0.000000,0.000000,3.321667,0.678333,2.166667,0.833333,,0.700000
21.374406,left,-1.321667,-0.654167,0.700000,0.000000,0.000000,0.250000,0.000000,0.000000,3.321667,0.678333,2.154167,0.845833,,0.700000
21.489180,left,-1.321667,-0.641667,0.700000,0.000000,0.000000,0.250000,0.000000,0.000000,3.321667,0.678333,2.141667,0.858333,,0.700000
21.601338,left,-1.321667,-0.629167,0.700000,0.000000,0.000000,0.250000,0.000000,0.000000,3.321667,0.678333,2.129167,0.870833,,0.700000
21.720448,left,-1.321667,-0.616667,0.700000,0.000000,0.000000,0.250000,0.000000,0.000000,3.321667,0.678333,2.116667,0.883333,,0.700000
21.815391,left,-1.321667,-0.608333,0.700000,0.000000,0.000000,0.250000,0.000000,0.000000,3.321667,0.678333,2.108333,0.891667,,0.700000
21.930842,left,-1.321667,-0.595833,0.700000,0.000000,0.000000,0.250000,0.000000,0.000000,3.321667,0.678333,2.095833,0.904167,,0.700000
22.045280,left,-1.321667,-0.583333,0.700000,0.000000,0.000000,0.250000,0.000000,0.000000,3.321667,0.678333,2.083333,0.916667,,0.700000
22.152543,left,-1.321667,-0.570833,0.700000,0.000000,0.000000,0.250000,0.000000,0.000000,3.321667,0.678333,2.070833,0.929167,,0.700000
22.264568,left,-1.321667,-0.558333,0.700000,0.000000,0.000000,0.250000,0.000000,0.000000,3.321667,0.678333,2.058333,0.941667,,0.700000
22.375629,left,-1.321667,-0.545833,0.700000,0.000000,0.000000,0.250000,0.000000,0.000000,3.321667,0.678333,2.045833,0.954167,,0.700000
22.489238,left,-1.321667,-0.533333,0.700000,0.000000,0.000000,0.250000,0.000000,0.000000,3.321667,0.678333,2.033333,0.966667,,0.700000
22.601783,left,-1.321667,-0.520833,0.700000,0.000000,0.000000,0.250000,0.000000,0.000000,3.321667,0.678333,2.020833,0.979167,,0.700000
22.717920,left,-1.321667,-0.508333,0.700000,0.000000,0.000000,0.250000,0.000000,0.000000,3.321667,0.678333,2.008333,0.991667,,0.700000
22.832184,left,-1.321667,-0.495833,0.700000,0.000000,0.000000,0.250000,0.000000,0.000000,3.321667,0.678333,1.995833,1.004167,,0.700000
22.947706,left,-1.321667,-0.483333,0.700000,0.000000,0.000000,0.250000,0.000000,0.000000,3.321667,0.678333,1.983333,1.016667,,0.700000
23.066308,left,-1.321667,-0.470833,0.700000,0.000000,0.000000,0.250000,0.000000,0.000000,3.321667,0.678333,1.970833,1.029167,,0.700000
23.160281,left,-1.321667,-0.462500,0.700000,0.000000,0.000000,0.250000,0.000000,0.000000,3.321667,0.678333,1.962500,1.037500,,0.700000
23.273495,left,-1.321667,-0.450000,0.700000,0.000000,0.000000,0.250000,0.000000,0.000000,3.321667,0.678333,1.950000,1.050000,,0.700000
23.388106,left,-1.321667,-0.437500,0.700000,0.000000,0.000000,0.250000,0.000000,0.000000,3.321667,0.678333,1.937500,1.062500,,0.700000
23.501344,left,-1.321667,-0.425000,0.700000,0.000000,0.000000,0.250000,0.000000,0.000000,3.321667,0.678333,1.925000,1.075000,,0.700000
23.611415,left,-1.321667,-0.412500,0.700000,0.000000,0.000000,0.250000,0.000000,0.000000,3.321667,0.678333,1.912500,1.087500,,0.700000
23.725681,left,-1.321667,-0.400000,0.700000,0.000000,0.000000,0.250000,0.000000,0.000000,3.321667,0.678333,1.900000,1.100000,,0.700000
23.844122,left,-1.321667,-0.387500,0.700000,0.000000,0.000000,0.250000,0.000000,0.000000,3.321667,0.678333,1.887500,1.112500,,0.700000
23.938821,left,-1.321667,-0.379167,0.700000,0.000000,0.000000,0.250000,0.000000,0.000000,3.321667,0.678333,1.879167,1.120833,,0.700000
24.050887,left,-1.321667,-0.366667,0.700000,0.000000,0.000000,0.250000,0.000000,0.000000,3.321667,0.678333,1.866667,1.133333,,0.700000
24.163982,left,-1.321667,-0.354167,0.700000,0.000000,0.000000,0.250000,0.000000,0.000000,3.321667,0.678333,1.854167,1.145833,,0.700000
24.274187,left,-1.321667,-0.341667,0.700000,0.000000,0.000000,0.250000,0.000000,0.000000,3.321667,0.678333,1.841667,1.158333,,0.700000
24.385519,left,-1.321667,-0.329167,0.700000,0.000000,0.000000,0.250000,0.000000,0.000000,3.321667,0.678333,1.829167,1.170833,,0.700000
24.494999,left,-1.321667,-0.316667,0.700000,0.000000,0.000000,0.250000,0.000000,0.000000,3.321667,0.678333,1.816667,1.183333,,0.700000
24.611924,left,-1.321667,-0.304167,0.700000,0.000000,0.000000,0.250000,0.000000,0.000000,3.321667,0.678333,1.804167,1.195833,,0.700000
24.727322,left,-1.321667,-0.291667,0.700000,0.000000,0.000000,0.250000,0.000000,0.000000,3.321667,0.678333,1.791667,1.208333,,0.700000
24.845540,left,-1.321667,-0.279167,0.700000,0.000000,0.000000,0.250000,0.000000,0.000000,3.321667,0.678333,1.779167,1.220833,,0.700000
24.945168,left,-1.321667,-0.270833,0.700000,0.000000,0.000000,0.250000,0.000000,0.000000,3.321667,0.678333,1.770833,1.229167,,0.700000
25.067664,left,-1.321667,-0.258333,0.700000,0.000000,0.000000,0.250000,0.000000,0.000000,3.321667,0.678333,1.758333,1.241667,,0.700000
25.161808,left,-1.321667,-0.250000,0.700000,0.000000,0.000000,0.250000,0.000000,0.000000,3.321667,0.678333,1.750000,1.250000,,0.700000
25.275131,left,-1.321667,-0.237500,0.700000,0.000000,0.000000,0.250000,0.000000,0.000000,3.321667,0.678333,1.737500,1.262500,,0.700000
25.388742,left,-1.321667,-0.225000,0.700000,0.000000,0.000000,0.250000,0.000000,0.000000,3.321667,0.678333,1.725000,1.275000,,0.700000
25.501444,left,-1.321667,-0.212500,0.700000,0.000000,0.000000,0.250000,0.000000,0.000000,3.321667,0.678333,1.712500,1.287500,,0.700000
25.615704,left,-1.321667,-0.200000,0.700000,0.000000,0.000000,0.250000,0.000000,0.000000,3.321667,0.678333,1.700000,1.300000,,0.700000
25.727440,left,-1.321667,-0.187500,0.700000,0.000000,0.000000,0.250000,0.000000,0.000000,3.321667,0.678333,1.687500,1.312500,,0.700000
25.839910,left,-1.321667,-0.175000,0.700000,0.000000,0.000000,0.250000,0.000000,0.000000,3.321667,0.678333,1.675000,1.325000,,0.700000
25.949148,left,-1.321667,-0.162500,0.700000,0.000000,0.000000,0.250000,0.000000,0.000000,1.546667,0.678333,1.662500,1.337500,,0.700000
26.057319,left,-1.321667,-0.150000,0.700000,0.000000,0.000000,0.250000,0.000000,0.000000,1.546667,0.678333,1.650000,1.350000,,0.700000
26.171185,left,-1.321667,-0.137500,0.700000,0.000000,0.000000,0.250000,0.000000,0.000000,1.546667,0.678333,1.637500,1.362500,,0.700000
26.290894,left,-1.321667,-0.125000,0.700000,0.000000,0.000000,0.250000,0.000000,0.000000,1.546667,0.678333,1.625000,1.375000,,0.700000
26.389075,left,-1.321667,-0.116667,0.700000,0.000000,0.000000,0.250000,0.000000,0.000000,1.546667,0.678333,1.616667,1.383333,,0.700000
26.509967,left,-1.321667,-0.104167,0.700000,0.000000,0.000000,0.250000,0.000000,0.000000,1.546667,0.678333,1.604167,1.395833,,0.700000
26.603406,left,-1.321667,-0.095833,0.700000,0.000000,0.000000,0.250000,0.000000,0.000000,1.546667,0.678333,1.595833,1.404167,,0.700000
26.723410,hover,-1.321667,-0.087500,0.700000,0.000000,0.000000,0.000000,0.000000,0.000000,1.546667,0.678333,1.587500,1.412500,,0.700000
26.818991,hover,-1.321667,-0.087500,0.700000,0.000000,0.000000,0.000000,0.000000,0.000000,1.546667,0.678333,1.587500,1.412500,,0.700000
26.932376,hover,-1.321667,-0.087500,0.700000,0.000000,0.000000,0.000000,0.000000,0.000000,1.546667,0.678333,1.587500,1.412500,,0.700000
27.052605,hover,-1.321667,-0.087500,0.700000,0.000000,0.000000,0.000000,0.000000,0.000000,1.546667,0.678333,1.587500,1.412500,,0.700000
27.145198,hover,-1.321667,-0.087500,0.700000,0.000000,0.000000,0.000000,0.000000,0.000000,1.546667,0.678333,1.587500,1.412500,,0.700000
27.259872,forward,-1.304167,-0.087500,0.700000,0.000000,0.350000,0.000000,0.000000,0.000000,1.529167,0.695833,1.587500,1.412500,,0.700000
27.372373,forward,-1.286667,-0.087500,0.700000,0.000000,0.350000,0.000000,0.000000,0.000000,1.511667,0.713333,1.587500,1.412500,,0.700000
27.483713,hover,-1.275000,-0.087500,0.700000,0.000000,0.000000,0.000000,0.000000,0.000000,1.500000,0.725000,1.587500,1.412500,,0.700000
27.590318,hover,-1.275000,-0.087500,0.700000,0.000000,0.000000,0.000000,0.000000,0.000000,1.500000,0.725000,1.587500,1.412500,,0.700000
27.702608,forward,-1.269167,-0.087500,0.700000,0.000000,0.350000,0.000000,0.000000,0.000000,1.494167,0.730833,1.587500,1.412500,,0.700000
27.809121,forward,-1.251667,-0.087500,0.700000,0.000000,0.350000,0.000000,0.000000,0.000000,1.476667,0.748333,1.587500,1.412500,,0.700000
27.914698,forward,-1.234167,-0.087500,0.700000,0.000000,0.350000,0.000000,0.000000,0.000000,1.459167,0.765833,1.587500,1.412500,,0.700000
28.025586,forward,-1.216667,-0.087500,0.700000,0.000000,0.350000,0.000000,0.000000,0.000000,1.441667,0.783333,1.587500,1.412500,,0.700000
28.132047,forward,-1.199167,-0.087500,0.700000,0.000000,0.350000,0.000000,0.000000,0.000000,1.424167,0.800833,1.587500,1.412500,,0.700000
28.249651,forward,-1.181667,-0.087500,0.700000,0.000000,0.350000,0.000000,0.000000,0.000000,1.406667,0.818333,1.587500,1.412500,,0.700000
28.338536,forward,-1.170000,-0.087500,0.700000,0.000000,0.350000,0.000000,0.000000,0.000000,1.395000,0.830000,1.587500,1.412500,,0.700000
28.444222,forward,-1.152500,-0.087500,0.700000,0.000000,0.350000,0.000000,0.000000,0.000000,1.377500,0.847500,1.587500,1.412500,,0.700000
28.554400,forward,-1.135000,-0.087500,0.700000,0.000000,0.350000,0.000000,0.000000,0.000000,1.360000,0.865000,1.587500,1.412500,,0.700000
28.663488,forward,-1.117500,-0.087500,0.700000,0.000000,0.350000,0.000000,0.000000,0.000000,1.342500,0.882500,1.587500,1.412500,,0.700000
28.772134,forward,-1.100000,-0.087500,0.700000,0.000000,0.350000,0.000000,0.000000,0.000000,1.325000,0.900000,1.587500,1.412500,,0.700000
28.877827,forward,-1.082500,-0.087500,0.700000,0.000000,0.350000,0.000000,0.000000,0.000000,1.307500,0.917500,1.587500,1.412500,,0.700000
28.985167,forward,-1.065000,-0.087500,0.700000,0.000000,0.350000,0.000000,0.000000,0.000000,1.290000,0.935000,1.587500,1.412500,,0.700000
29.101963,forward,-1.047500,-0.087500,0.700000,0.000000,0.350000,0.000000,0.000000,0.000000,1.272500,0.952500,1.587500,1.412500,,0.700000
29.192539,forward,-1.035833,-0.087500,0.700000,0.000000,0.350000,0.000000,0.000000,0.000000,1.260833,0.964167,1.587500,1.412500,,0.700000
29.313523,forward,-1.018333,-0.087500,0.700000,0.000000,0.350000,0.000000,0.000000,0.000000,1.243333,0.981667,1.587500,1.412500,,0.700000
29.407194,forward,-1.006667,-0.087500,0.700000,0.000000,0.350000,0.000000,0.000000,0.000000,1.231667,0.993333,1.587500,1.412500,,0.700000
29.524162,forward,-0.989167,-0.087500,0.700000,0.000000,0.350000,0.000000,0.000000,0.000000,1.214167,1.010833,1.587500,1.412500,,0.700000
29.635336,forward,-0.971667,-0.087500,0.700000,0.000000,0.350000,0.000000,0.000000,0.000000,1.196667,1.028333,1.587500,1.412500,,0.700000
29.742274,forward,-0.954167,-0.087500,0.700000,0.000000,0.350000,0.000000,0.000000,0.000000,1.179167,1.045833,1.587500,1.412500,,0.700000
29.848848,right,-0.954167,-0.100000,0.700000,0.000000,0.000000,-0.250000,0.000000,0.000000,1.179167,1.045833,1.600000,1.400000,,0.700000
29.953672,right,-0.954167,-0.112500,0.700000,0.000000,0.000000,-0.250000,0.000000,0.000000,1.179167,1.045833,1.612500,1.387500,,0.700000
30.060246,hover,-0.954167,-0.120833,0.700000,0.000000,0.000000,0.000000,0.000000,0.000000,1.179167,1.045833,1.620833,1.379167,,0.700000
30.172525,hover,-0.954167,-0.120833,0.700000,0.000000,0.000000,0.000000,0.000000,0.000000,1.179167,1.045833,1.620833,1.379167,,0.700000
30.280517,forward,-0.942500,-0.120833,0.700000,0.000000,0.350000,0.000000,0.000000,0.000000,1.167500,1.057500,1.620833,1.379167,,0.700000
30.389758,forward,-0.925000,-0.120833,0.700000,0.000000,0.350000,0.000000,0.000000,0.000000,1.150000,1.075000,1.620833,1.379167,,0.700000
30.503000,forward,-0.907500,-0.120833,0.700000,0.000000,0.350000,0.000000,0.000000,0.000000,1.132500,1.092500,1.620833,1.379167,,0.700000
30.615732,hover,-0.907500,-0.120833,0.700000,0.000000,0.000000,0.000000,0.000000,0.000000,1.132500,1.092500,1.620833,1.379167,,0.700000
30.726224,hover,-0.907500,-0.120833,0.700000,0.000000,0.000000,0.000000,0.000000,0.000000,1.132500,1.092500,1.620833,1.379167,,0.700000
30.839545,forward,-0.901667,-0.120833,0.700000,0.000000,0.350000,0.000000,0.000000,0.000000,1.126667,1.098333,1.620833,1.379167,,0.700000
30.955339,forward,-0.884167,-0.120833,0.700000,0.000000,0.350000,0.000000,0.000000,0.000000,1.109167,1.115833,1.620833,1.379167,,0.700000
31.065259,forward,-0.866667,-0.120833,0.700000,0.000000,0.350000,0.000000,0.000000,0.000000,1.091667,1.133333,1.620833,1.379167,,0.700000
31.173600,forward,-0.849167,-0.120833,0.700000,0.000000,0.350000,0.000000,0.000000,0.000000,1.074167,1.150833,1.620833,1.379167,,0.700000
31.285611,forward,-0.831667,-0.120833,0.700000,0.000000,0.350000,0.000000,0.000000,0.000000,1.056667,1.168333,1.620833,1.379167,,0.700000
31.396532,forward,-0.814167,-0.120833,0.700000,0.000000,0.350000,0.000000,0.000000,0.000000,1.039167,1.185833,1.620833,1.379167,,0.700000
31.512413,forward,-0.796667,-0.120833,0.700000,0.000000,0.350000,0.000000,0.000000,0.000000,1.021667,1.203333,1.620833,1.379167,,0.700000
31.623758,forward,-0.779167,-0.120833,0.700000,0.000000,0.350000,0.000000,0.000000,0.000000,1.004167,1.220833,1.620833,1.379167,,0.700000
31.747504,left,-0.767500,-0.116667,0.700000,0.000000,0.000000,0.250000,0.000000,0.000000,0.992500,1.232500,1.616667,1.383333,,0.700000
31.844015,left,-0.767500,-0.108333,0.700000,0.000000,0.000000,0.250000,0.000000,0.000000,0.992500,1.232500,1.608333,1.391667,,0.700000
31.957836,left,-0.767500,-0.095833,0.700000,0.000000,0.000000,0.250000,0.000000,0.000000,0.992500,1.232500,1.595833,1.404167,,0.700000
32.073711,hover,-0.767500,-0.087500,0.700000,0.000000,0.000000,0.000000,0.000000,0.000000,0.992500,1.232500,1.587500,1.412500,,0.700000
32.191282,hover,-0.767500,-0.087500,0.700000,0.000000,0.000000,0.000000,0.000000,0.000000,0.992500,1.232500,1.587500,1.412500,,0.700000
32.290147,left,-0.767500,-0.079167,0.700000,0.000000,0.000000,0.250000,0.000000,0.000000,0.992500,1.232500,1.579167,1.420833,,0.700000
32.404919,left,-0.767500,-0.066667,0.700000,0.000000,0.000000,0.250000,0.000000,0.000000,0.992500,1.232500,1.566667,1.433333,,0.700000
32.520752,left,-0.767500,-0.054167,0.700000,0.000000,0.000000,0.250000,0.000000,0.000000,0.992500,1.232500,1.554167,1.445833,,0.700000
32.637728,left,-0.767500,-0.041667,0.700000,0.000000,0.000000,0.250000,0.000000,0.000000,0.992500,1.232500,1.541667,1.458333,,0.700000
32.758066,left,-0.767500,-0.029167,0.700000,0.000000,0.000000,0.250000,0.000000,0.000000,0.992500,1.232500,1.529167,1.470833,,0.700000
32.856205,left,-0.767500,-0.020833,0.700000,0.000000,0.000000,0.250000,0.000000,0.000000,0.992500,1.232500,1.520833,1.479167,,0.700000
32.974113,left,-0.767500,-0.008333,0.700000,0.000000,0.000000,0.250000,0.000000,0.000000,0.992500,1.232500,1.508333,1.491667,,0.700000
33.069656,left,-0.767500,-0.000000,0.700000,0.000000,0.000000,0.250000,0.000000,0.000000,0.992500,1.232500,1.500000,1.500000,,0.700000
33.182363,left,-0.767500,0.012500,0.700000,0.000000,0.000000,0.250000,0.000000,0.000000,0.992500,1.232500,1.487500,1.512500,,0.700000
33.290903,left,-0.767500,0.025000,0.700000,0.000000,0.000000,0.250000,0.000000,0.000000,0.992500,1.232500,1.475000,1.525000,,0.700000
33.399289,left,-0.767500,0.037500,0.700000,0.000000,0.000000,0.250000,0.000000,0.000000,0.992500,1.232500,1.462500,1.537500,,0.700000
33.517749,left,-0.767500,0.050000,0.700000,0.000000,0.000000,0.250000,0.000000,0.000000,0.992500,1.232500,1.450000,1.550000,,0.700000
33.611125,left,-0.767500,0.058333,0.700000,0.000000,0.000000,0.250000,0.000000,0.000000,0.992500,1.232500,1.441667,1.558333,,0.700000
33.723216,left,-0.767500,0.070833,0.700000,0.000000,0.000000,0.250000,0.000000,0.000000,0.992500,1.232500,1.429167,1.570833,,0.700000
33.837891,left,-0.767500,0.083333,0.700000,0.000000,0.000000,0.250000,0.000000,0.000000,0.992500,1.232500,1.416667,1.583333,,0.700000
33.947745,left,-0.767500,0.095833,0.700000,0.000000,0.000000,0.250000,0.000000,0.000000,0.992500,1.232500,1.404167,1.595833,,0.700000
34.064653,left,-0.767500,0.108333,0.700000,0.000000,0.000000,0.250000,0.000000,0.000000,0.992500,1.232500,1.391667,1.608333,,0.700000
34.158259,left,-0.767500,0.116667,0.700000,0.000000,0.000000,0.250000,0.000000,0.000000,0.992500,1.232500,1.383333,1.616667,,0.700000
34.273919,left,-0.767500,0.129167,0.700000,0.000000,0.000000,0.250000,0.000000,0.000000,0.992500,1.232500,1.370833,1.629167,,0.700000
34.387808,left,-0.767500,0.141667,0.700000,0.000000,0.000000,0.250000,0.000000,0.000000,0.992500,1.232500,1.358333,1.641667,,0.700000
34.504418,left,-0.767500,0.154167,0.700000,0.000000,0.000000,0.250000,0.000000,0.000000,0.992500,1.232500,1.345833,1.654167,,0.700000
34.620679,left,-0.767500,0.166667,0.700000,0.000000,0.000000,0.250000,0.000000,0.000000,0.992500,1.232500,1.333333,1.666667,,0.700000
34.735632,left,-0.767500,0.179167,0.700000,0.000000,0.000000,0.250000,0.000000,0.000000,2.767500,1.232500,1.320833,1.679167,,0.700000
34.852825,left,-0.767500,0.191667,0.700000,0.000000,0.000000,0.250000,0.000000,0.000000,2.767500,1.232500,1.308333,1.691667,,0.700000
34.949432,left,-0.767500,0.200000,0.700000,0.000000,0.000000,0.250000,0.000000,0.000000,2.767500,1.232500,1.300000,1.700000,,0.700000
35.060709,left,-0.767500,0.212500,0.700000,0.000000,0.000000,0.250000,0.000000,0.000000,2.767500,1.232500,1.287500,1.712500,,0.700000
35.176591,left,-0.767500,0.225000,0.700000,0.000000,0.000000,0.250000,0.000000,0.000000,2.767500,1.232500,1.275000,1.725000,,0.700000
35.286303,left,-0.767500,0.237500,0.700000,0.000000,0.000000,0.250000,0.000000,0.000000,2.767500,1.232500,1.262500,1.737500,,0.700000
35.390045,left,-0.767500,0.245833,0.700000,0.000000,0.000000,0.250000,0.000000,0.000000,2.767500,1.232500,1.254167,1.745833,,0.700000
35.512472,forward,-0.761667,0.254167,0.700000,0.000000,0.350000,0.000000,0.000000,0.000000,2.761667,1.238333,1.245833,1.754167,,0.700000
35.608012,forward,-0.750000,0.254167,0.700000,0.000000,0.350000,0.000000,0.000000,0.000000,2.750000,1.250000,1.245833,1.754167,,0.700000
35.726336,forward,-0.732500,0.254167,0.700000,0.000000,0.350000,0.000000,0.000000,0.000000,2.732500,1.267500,1.245833,1.754167,,0.700000
35.819194,hover,-0.726667,0.254167,0.700000,0.000000,0.000000,0.000000,0.000000,0.000000,2.726667,1.273333,1.245833,1.754167,,0.700000
35.931335,hover,-0.726667,0.254167,0.700000,0.000000,0.000000,0.000000,0.000000,0.000000,2.726667,1.273333,1.245833,1.754167,,0.700000
36.043491,forward,-0.720833,0.254167,0.700000,0.000000,0.350000,0.000000,0.000000,0.000000,2.720833,1.279167,1.245833,1.754167,,0.700000
36.157598,forward,-0.703333,0.254167,0.700000,0.000000,0.350000,0.000000,0.000000,0.000000,2.703333,1.296667,1.245833,1.754167,,0.700000
36.276776,forward,-0.685833,0.254167,0.700000,0.000000,0.350000,0.000000,0.000000,0.000000,2.685833,1.314167,1.245833,1.754167,,0.700000
36.366177,forward,-0.674167,0.254167,0.700000,0.000000,0.350000,0.000000,0.000000,0.000000,2.674167,1.325833,1.245833,1.754167,,0.700000
36.473001,forward,-0.656667,0.254167,0.700000,0.000000,0.350000,0.000000,0.000000,0.000000,2.656667,1.343333,1.245833,1.754167,,0.700000
36.591506,forward,-0.639167,0.254167,0.700000,0.000000,0.350000,0.000000,0.000000,0.000000,2.639167,1.360833,1.245833,1.754167,,0.700000
36.689173,forward,-0.627500,0.254167,0.700000,0.000000,0.350000,0.000000,0.000000,0.000000,2.627500,1.372500,1.245833,1.754167,,0.700000
36.803716,forward,-0.610000,0.254167,0.700000,0.000000,0.350000,0.000000,0.000000,0.000000,2.610000,1.390000,1.245833,1.754167,,0.700000
36.915343,forward,-0.592500,0.254167,0.700000,0.000000,0.350000,0.000000,0.000000,0.000000,2.592500,1.407500,1.245833,1.754167,,0.700000
37.031925,forward,-0.575000,0.254167,0.700000,0.000000,0.350000,0.000000,0.000000,0.000000,2.575000,1.425000,1.245833,1.754167,,0.700000
37.147451,forward,-0.557500,0.254167,0.700000,0.000000,0.350000,0.000000,0.000000,0.000000,2.557500,1.442500,1.245833,1.754167,,0.700000
37.263444,forward,-0.540000,0.254167,0.700000,0.000000,0.350000,0.000000,0.000000,0.000000,2.540000,1.460000,1.245833,1.754167,,0.700000
37.380318,forward,-0.522500,0.254167,0.700000,0.000000,0.350000,0.000000,0.000000,0.000000,2.522500,1.477500,1.245833,1.754167,,0.700000
37.499373,forward,-0.505000,0.254167,0.700000,0.000000,0.350000,0.000000,0.000000,0.000000,2.505000,1.495000,1.245833,1.754167,,0.700000
37.594880,forward,-0.493333,0.254167,0.700000,0.000000,0.350000,0.000000,0.000000,0.000000,2.493333,1.506667,1.245833,1.754167,,0.700000
37.713247,forward,-0.475833,0.254167,0.700000,0.000000,0.350000,0.000000,0.000000,0.000000,2.475833,1.524167,1.245833,1.754167,,0.700000
37.808418,forward,-0.464167,0.254167,0.700000,0.000000,0.350000,0.000000,0.000000,0.000000,2.464167,1.535833,1.245833,1.754167,,0.700000
37.920303,forward,-0.446667,0.254167,0.700000,0.000000,0.350000,0.000000,0.000000,0.000000,2.446667,1.553333,1.245833,1.754167,,0.700000
38.038289,forward,-0.429167,0.254167,0.700000,0.000000,0.350000,0.000000,0.000000,0.000000,2.429167,1.570833,1.245833,1.754167,,0.700000
38.133707,forward,-0.417500,0.254167,0.700000,0.000000,0.350000,0.000000,0.000000,0.000000,2.417500,1.582500,1.245833,1.754167,,0.700000
38.250963,forward,-0.400000,0.254167,0.700000,0.000000,0.350000,0.000000,0.000000,0.000000,2.400000,1.600000,1.245833,1.754167,,0.700000
38.341174,right,-0.394167,0.250000,0.700000,0.000000,0.000000,-0.250000,0.000000,0.000000,2.394167,1.605833,1.250000,1.750000,,0.700000
38.449341,right,-0.394167,0.237500,0.700000,0.000000,0.000000,-0.250000,0.000000,0.000000,2.394167,1.605833,1.262500,1.737500,,0.700000
38.559220,right,-0.394167,0.225000,0.700000,0.000000,0.000000,-0.250000,0.000000,0.000000,2.394167,1.605833,1.275000,1.725000,,0.700000
38.671383,hover,-0.394167,0.216667,0.700000,0.000000,0.000000,0.000000,0.000000,0.000000,2.394167,1.605833,1.283333,1.716667,,0.700000
38.787471,hover,-0.394167,0.216667,0.700000,0.000000,0.000000,0.000000,0.000000,0.000000,2.394167,1.605833,1.283333,1.716667,,0.700000
38.897380,hover,-0.394167,0.216667,0.700000,0.000000,0.000000,0.000000,0.000000,0.000000,2.394167,1.605833,1.283333,1.716667,,0.700000
39.012874,right,-0.394167,0.212500,0.700000,0.000000,0.000000,-0.250000,0.000000,0.000000,2.394167,1.605833,1.287500,1.712500,,0.700000
39.136422,right,-0.394167,0.200000,0.700000,0.000000,0.000000,-0.250000,0.000000,0.000000,2.394167,1.605833,1.300000,1.700000,,0.700000
39.236389,right,-0.394167,0.191667,0.700000,0.000000,0.000000,-0.250000,0.000000,0.000000,2.394167,1.605833,1.308333,1.691667,,0.700000
39.331920,right,-0.394167,0.183333,0.700000,0.000000,0.000000,-0.250000,0.000000,0.000000,2.394167,1.605833,1.316667,1.683333,,0.700000
39.448164,right,-0.394167,0.170833,0.700000,0.000000,0.000000,-0.250000,0.000000,0.000000,0.619167,1.605833,1.329167,1.670833,,0.700000
39.560540,right,-0.394167,0.158333,0.700000,0.000000,0.000000,-0.250000,0.000000,0.000000,0.619167,1.605833,1.341667,1.658333,,0.700000
39.674339,forward,-0.382500,0.154167,0.700000,0.000000,0.350000,0.000000,0.000000,0.000000,0.607500,1.617500,1.345833,1.654167,,0.700000
39.785013,forward,-0.365000,0.154167,0.700000,0.000000,0.350000,0.000000,0.000000,0.000000,0.590000,1.635000,1.345833,1.654167,,0.700000
39.896147,hover,-0.353333,0.154167,0.700000,0.000000,0.000000,0.000000,0.000000,0.000000,0.578333,1.646667,1.345833,1.654167,,0.700000
40.004298,hover,-0.353333,0.154167,0.700000,0.000000,0.000000,0.000000,0.000000,0.000000,0.578333,1.646667,1.345833,1.654167,,0.700000
40.115321,hover,-0.353333,0.154167,0.700000,0.000000,0.000000,0.000000,0.000000,0.000000,0.578333,1.646667,1.345833,1.654167,,0.700000
40.230898,forward,-0.335833,0.154167,0.700000,0.000000,0.350000,0.000000,0.000000,0.000000,0.560833,1.664167,1.345833,1.654167,,0.700000
40.350522,forward,-0.318333,0.154167,0.700000,0.000000,0.350000,0.000000,0.000000,0.000000,0.543333,1.681667,1.345833,1.654167,,0.700000
40.450126,forward,-0.306667,0.154167,0.700000,0.000000,0.350000,0.000000,0.000000,0.000000,0.531667,1.693333,1.345833,1.654167,,0.700000
40.565361,forward,-0.289167,0.154167,0.700000,0.000000,0.350000,0.000000,0.000000,0.000000,0.514167,1.710833,1.345833,1.654167,,0.700000
40.681629,forward,-0.271667,0.154167,0.700000,0.000000,0.350000,0.000000,0.000000,0.000000,0.496667,1.728333,1.345833,1.654167,,0.700000
40.797264,forward,-0.254167,0.154167,0.700000,0.000000,0.350000,0.000000,0.000000,0.000000,0.479167,1.745833,1.345833,1.654167,,0.700000
40.907062,forward,-0.236667,0.154167,0.700000,0.000000,0.350000,0.000000,0.000000,0.000000,0.461667,1.763333,1.345833,1.654167,,0.700000
41.018128,forward,-0.219167,0.154167,0.700000,0.000000,0.350000,0.000000,0.000000,0.000000,0.444167,1.780833,1.345833,1.654167,,0.700000
41.130280,forward,-0.201667,0.154167,0.700000,0.000000,0.350000,0.000000,0.000000,0.000000,0.426667,1.798333,1.345833,1.654167,,0.700000
41.242268,forward,-0.184167,0.154167,0.700000,0.000000,0.350000,0.000000,0.000000,0.000000,0.409167,1.815833,1.345833,1.654167,,0.700000
41.353361,forward,-0.166667,0.154167,0.700000,0.000000,0.350000,0.000000,0.000000,0.000000,0.391667,1.833333,1.345833,1.654167,,0.700000
41.465721,forward,-0.149167,0.154167,0.700000,0.000000,0.350000,0.000000,0.000000,0.000000,0.374167,1.850833,1.345833,1.654167,,0.700000
42.750513,forward,-0.131667,0.154167,0.700000,0.000000,0.350000,0.000000,0.000000,0.000000,0.356667,1.868333,1.345833,1.654167,,0.700000
42.833366,forward,-0.125833,0.154167,0.700000,0.000000,0.350000,0.000000,0.000000,0.000000,0.350833,1.874167,1.345833,1.654167,,0.700000
42.944906,forward,-0.108333,0.154167,0.700000,0.000000,0.350000,0.000000,0.000000,0.000000,0.333333,1.891667,1.345833,1.654167,,0.700000
43.056229,hover,-0.096667,0.154167,0.700000,0.000000,0.000000,0.000000,0.000000,0.000000,0.321667,1.903333,1.345833,1.654167,,0.700000
43.167298,hover,-0.096667,0.154167,0.700000,0.000000,0.000000,0.000000,0.000000,0.000000,0.321667,1.903333,1.345833,1.654167,,0.700000
43.280255,hover,-0.096667,0.154167,0.700000,0.000000,0.000000,0.000000,0.000000,0.000000,0.321667,1.903333,1.345833,1.654167,,0.700000
43.393956,hover,-0.096667,0.154167,0.700000,0.000000,0.000000,0.000000,0.000000,0.000000,0.321667,1.903333,1.345833,1.654167,,0.700000
43.506727,hover,-0.096667,0.154167,0.700000,0.000000,0.000000,0.000000,0.000000,0.000000,0.321667,1.903333,1.345833,1.654167,,0.700000
43.623050,hover,-0.096667,0.154167,0.700000,0.000000,0.000000,0.000000,0.000000,0.000000,0.321667,1.903333,1.345833,1.654167,,0.700000
43.734965,hover,-0.096667,0.154167,0.700000,0.000000,0.000000,0.000000,0.000000,0.000000,0.321667,1.903333,1.345833,1.654167,,0.700000
43.849539,hover,-0.096667,0.154167,0.700000,0.000000,0.000000,0.000000,0.000000,0.000000,0.321667,1.903333,1.345833,1.654167,,0.700000
43.968671,hover,-0.096667,0.154167,0.700000,0.000000,0.000000,0.000000,0.000000,0.000000,0.321667,1.903333,1.345833,1.654167,,0.700000
44.066529,hover,-0.096667,0.154167,0.700000,0.000000,0.000000,0.000000,0.000000,0.000000,0.321667,1.903333,1.345833,1.654167,,0.700000
44.187628,hover,-0.096667,0.154167,0.700000,0.000000,0.000000,0.000000,0.000000,0.000000,0.321667,1.903333,1.345833,1.654167,,0.700000
44.280407,hover,-0.096667,0.154167,0.700000,0.000000,0.000000,0.000000,0.000000,0.000000,0.321667,1.903333,1.345833,1.654167,,0.700000
44.392454,hover,-0.096667,0.154167,0.700000,0.000000,0.000000,0.000000,0.000000,0.000000,0.321667,1.903333,1.345833,1.654167,,0.700000
44.511564,hover,-0.096667,0.154167,0.700000,0.000000,0.000000,0.000000,0.000000,0.000000,0.321667,1.903333,1.345833,1.654167,,0.700000
44.612454,hover,-0.096667,0.154167,0.700000,0.000000,0.000000,0.000000,0.000000,0.000000,0.321667,1.903333,1.345833,1.654167,,0.700000
44.715699,hover,-0.096667,0.154167,0.700000,0.000000,0.000000,0.000000,0.000000,0.000000,0.321667,1.903333,1.345833,1.654167,,0.700000
44.817393,hover,-0.096667,0.154167,0.700000,0.000000,0.000000,0.000000,0.000000,0.000000,0.321667,1.903333,1.345833,1.654167,,0.700000
44.915542,hover,-0.096667,0.154167,0.700000,0.000000,0.000000,0.000000,0.000000,0.000000,0.321667,1.903333,1.345833,1.654167,,0.700000
45.030114,hover,-0.096667,0.154167,0.700000,0.000000,0.000000,0.000000,0.000000,0.000000,0.321667,1.903333,1.345833,1.654167,,0.700000
45.144172,hover,-0.096667,0.154167,0.700000,0.000000,0.000000,0.000000,0.000000,0.000000,0.321667,1.903333,1.345833,1.654167,,0.700000
45.308660,hover,-0.096667,0.154167,0.700000,0.000000,0.000000,0.000000,0.000000,0.000000,0.321667,1.903333,1.345833,1.654167,,0.700000
45.394197,hover,-0.096667,0.154167,0.700000,0.000000,0.000000,0.000000,0.000000,0.000000,0.321667,1.903333,1.345833,1.654167,,0.700000
45.507478,hover,-0.096667,0.154167,0.700000,0.000000,0.000000,0.000000,0.000000,0.000000,0.321667,1.903333,1.345833,1.654167,,0.700000
45.609369,hover,-0.096667,0.154167,0.700000,0.000000,0.000000,0.000000,0.000000,0.000000,0.321667,1.903333,1.345833,1.654167,,0.700000
45.709291,hover,-0.096667,0.154167,0.700000,0.000000,0.000000,0.000000,0.000000,0.000000,0.321667,1.903333,1.345833,1.654167,,0.700000
45.812607,hover,-0.096667,0.154167,0.700000,0.000000,0.000000,0.000000,0.000000,0.000000,0.321667,1.903333,1.345833,1.654167,,0.700000
45.911868,hover,-0.096667,0.154167,0.700000,0.000000,0.000000,0.000000,0.000000,0.000000,0.321667,1.903333,1.345833,1.654167,,0.700000
46.024463,hover,-0.096667,0.154167,0.700000,0.000000,0.000000,0.000000,0.000000,0.000000,0.321667,1.903333,1.345833,1.654167,,0.700000
46.139973,hover,-0.096667,0.154167,0.700000,0.000000,0.000000,0.000000,0.000000,0.000000,0.321667,1.903333,1.345833,1.654167,,0.700000
46.251676,hover,-0.096667,0.154167,0.700000,0.000000,0.000000,0.000000,0.000000,0.000000,0.321667,1.903333,1.345833,1.654167,,0.700000
46.363527,hover,-0.096667,0.154167,0.700000,0.000000,0.000000,0.000000,0.000000,0.000000,0.321667,1.903333,1.345833,1.654167,,0.700000
46.481506,hover,-0.096667,0.154167,0.700000,0.000000,0.000000,0.000000,0.000000,0.000000,0.321667,1.903333,1.345833,1.654167,,0.700000
46.576974,hover,-0.096667,0.154167,0.700000,0.000000,0.000000,0.000000,0.000000,0.000000,0.321667,1.903333,1.345833,1.654167,,0.700000
46.692039,hover,-0.096667,0.154167,0.700000,0.000000,0.000000,0.000000,0.000000,0.000000,0.321667,1.903333,1.345833,1.654167,,0.700000
46.802149,hover,-0.096667,0.154167,0.700000,0.000000,0.000000,0.000000,0.000000,0.000000,0.321667,1.903333,1.345833,1.654167,,0.700000
46.916097,hover,-0.096667,0.154167,0.700000,0.000000,0.000000,0.000000,0.000000,0.000000,0.321667,1.903333,1.345833,1.654167,,0.700000
47.034089,hover,-0.096667,0.154167,0.700000,0.000000,0.000000,0.000000,0.000000,0.000000,0.321667,1.903333,1.345833,1.654167,,0.700000
47.131131,hover,-0.096667,0.154167,0.700000,0.000000,0.000000,0.000000,0.000000,0.000000,0.321667,1.903333,1.345833,1.654167,,0.700000
47.245607,hover,-0.096667,0.154167,0.700000,0.000000,0.000000,0.000000,0.000000,0.000000,0.321667,1.903333,1.345833,1.654167,,0.700000
47.365405,hover,-0.096667,0.154167,0.700000,0.000000,0.000000,0.000000,0.000000,0.000000,0.321667,1.903333,1.345833,1.654167,,0.700000
47.465832,hover,-0.096667,0.154167,0.700000,0.000000,0.000000,0.000000,0.000000,0.000000,0.321667,1.903333,1.345833,1.654167,,0.700000
47.566874,hover,-0.096667,0.154167,0.700000,0.000000,0.000000,0.000000,0.000000,0.000000,0.321667,1.903333,1.345833,1.654167,,0.700000
47.664377,hover,-0.096667,0.154167,0.700000,0.000000,0.000000,0.000000,0.000000,0.000000,0.321667,1.903333,1.345833,1.654167,,0.700000
47.785858,hover,-0.096667,0.154167,0.700000,0.000000,0.000000,0.000000,0.000000,0.000000,0.321667,1.903333,1.345833,1.654167,,0.700000
47.890776,hover,-0.096667,0.154167,0.700000,0.000000,0.000000,0.000000,0.000000,0.000000,0.321667,1.903333,1.345833,1.654167,,0.700000
47.990448,hover,-0.096667,0.154167,0.700000,0.000000,0.000000,0.000000,0.000000,0.000000,0.321667,1.903333,1.345833,1.654167,,0.700000
48.106753,hover,-0.096667,0.154167,0.700000,0.000000,0.000000,0.000000,0.000000,0.000000,0.321667,1.903333,1.345833,1.654167,,0.700000
48.224934,hover,-0.096667,0.154167,0.700000,0.000000,0.000000,0.000000,0.000000,0.000000,0.321667,1.903333,1.345833,1.654167,,0.700000
48.323126,hover,-0.096667,0.154167,0.700000,0.000000,0.000000,0.000000,0.000000,0.000000,0.321667,1.903333,1.345833,1.654167,,0.700000
48.437990,hover,-0.096667,0.154167,0.700000,0.000000,0.000000,0.000000,0.000000,0.000000,0.321667,1.903333,1.345833,1.654167,,0.700000
48.549823,hover,-0.096667,0.154167,0.700000,0.000000,0.000000,0.000000,0.000000,0.000000,0.321667,1.903333,1.345833,1.654167,,0.700000
48.665132,hover,-0.096667,0.154167,0.700000,0.000000,0.000000,0.000000,0.000000,0.000000,0.321667,1.903333,1.345833,1.654167,,0.700000
48.773035,hover,-0.096667,0.154167,0.700000,0.000000,0.000000,0.000000,0.000000,0.000000,0.321667,1.903333,1.345833,1.654167,,0.700000
48.884658,hover,-0.096667,0.154167,0.700000,0.000000,0.000000,0.000000,0.000000,0.000000,0.321667,1.903333,1.345833,1.654167,,0.700000
48.991854,hover,-0.096667,0.154167,0.700000,0.000000,0.000000,0.000000,0.000000,0.000000,0.321667,1.903333,1.345833,1.654167,,0.700000
49.112241,hover,-0.096667,0.154167,0.700000,0.000000,0.000000,0.000000,0.000000,0.000000,0.321667,1.903333,1.345833,1.654167,,0.700000
49.204617,hover,-0.096667,0.154167,0.700000,0.000000,0.000000,0.000000,0.000000,0.000000,0.321667,1.903333,1.345833,1.654167,,0.700000
49.312567,hover,-0.096667,0.154167,0.700000,0.000000,0.000000,0.000000,0.000000,0.000000,0.321667,1.903333,1.345833,1.654167,,0.700000
49.424093,hover,-0.096667,0.154167,0.700000,0.000000,0.000000,0.000000,0.000000,0.000000,0.321667,1.903333,1.345833,1.654167,,0.700000
49.533951,hover,-0.096667,0.154167,0.700000,0.000000,0.000000,0.000000,0.000000,0.000000,0.321667,1.903333,1.345833,1.654167,,0.700000
49.651879,hover,-0.096667,0.154167,0.700000,0.000000,0.000000,0.000000,0.000000,0.000000,0.321667,1.903333,1.345833,1.654167,,0.700000
49.740680,hover,-0.096667,0.154167,0.700000,0.000000,0.000000,0.000000,0.000000,0.000000,0.321667,1.903333,1.345833,1.654167,,0.700000
49.849574,hover,-0.096667,0.154167,0.700000,0.000000,0.000000,0.000000,0.000000,0.000000,0.321667,1.903333,1.345833,1.654167,,0.700000
49.957783,hover,-0.096667,0.154167,0.700000,0.000000,0.000000,0.000000,0.000000,0.000000,0.321667,1.903333,1.345833,1.654167,,0.700000
50.063352,hover,-0.096667,0.154167,0.700000,0.000000,0.000000,0.000000,0.000000,0.000000,0.321667,1.903333,1.345833,1.654167,,0.700000
50.170607,hover,-0.096667,0.154167,0.700000,0.000000,0.000000,0.000000,0.000000,0.000000,0.321667,1.903333,1.345833,1.654167,,0.700000
50.277984,hover,-0.096667,0.154167,0.700000,0.000000,0.000000,0.000000,0.000000,0.000000,0.321667,1.903333,1.345833,1.654167,,0.700000
50.393460,hover,-0.096667,0.154167,0.700000,0.000000,0.000000,0.000000,0.000000,0.000000,0.321667,1.903333,1.345833,1.654167,,0.700000
50.499017,hover,-0.096667,0.154167,0.700000,0.000000,0.000000,0.000000,0.000000,0.000000,0.321667,1.903333,1.345833,1.654167,,0.700000
50.607435,hover,-0.096667,0.154167,0.700000,0.000000,0.000000,0.000000,0.000000,0.000000,0.321667,1.903333,1.345833,1.654167,,0.700000
50.716579,hover,-0.096667,0.154167,0.700000,0.000000,0.000000,0.000000,0.000000,0.000000,0.321667,1.903333,1.345833,1.654167,,0.700000
50.824122,hover,-0.096667,0.154167,0.700000,0.000000,0.000000,0.000000,0.000000,0.000000,0.321667,1.903333,1.345833,1.654167,,0.700000
50.932243,hover,-0.096667,0.154167,0.700000,0.000000,0.000000,0.000000,0.000000,0.000000,0.321667,1.903333,1.345833,1.654167,,0.700000
51.037905,hover,-0.096667,0.154167,0.700000,0.000000,0.000000,0.000000,0.000000,0.000000,0.321667,1.903333,1.345833,1.654167,,0.700000
51.148909,hover,-0.096667,0.154167,0.700000,0.000000,0.000000,0.000000,0.000000,0.000000,0.321667,1.903333,1.345833,1.654167,,0.700000
51.257472,hover,-0.096667,0.154167,0.700000,0.000000,0.000000,0.000000,0.000000,0.000000,0.321667,1.903333,1.345833,1.654167,,0.700000
51.370822,hover,-0.096667,0.154167,0.700000,0.000000,0.000000,0.000000,0.000000,0.000000,0.321667,1.903333,1.345833,1.654167,,0.700000
51.477384,hover,-0.096667,0.154167,0.700000,0.000000,0.000000,0.000000,0.000000,0.000000,0.321667,1.903333,1.345833,1.654167,,0.700000
51.583095,hover,-0.096667,0.154167,0.700000,0.000000,0.000000,0.000000,0.000000,0.000000,0.321667,1.903333,1.345833,1.654167,,0.700000
51.696519,hover,-0.096667,0.154167,0.700000,0.000000,0.000000,0.000000,0.000000,0.000000,0.321667,1.903333,1.345833,1.654167,,0.700000
51.802620,hover,-0.096667,0.154167,0.700000,0.000000,0.000000,0.000000,0.000000,0.000000,0.321667,1.903333,1.345833,1.654167,,0.700000
51.909217,hover,-0.096667,0.154167,0.700000,0.000000,0.000000,0.000000,0.000000,0.000000,0.321667,1.903333,1.345833,1.654167,,0.700000
52.012354,hover,-0.096667,0.154167,0.700000,0.000000,0.000000,0.000000,0.000000,0.000000,0.321667,1.903333,1.345833,1.654167,,0.700000
52.122282,hover,-0.096667,0.154167,0.700000,0.000000,0.000000,0.000000,0.000000,0.000000,0.321667,1.903333,1.345833,1.654167,,0.700000
52.229725,hover,-0.096667,0.154167,0.700000,0.000000,0.000000,0.000000,0.000000,0.000000,0.321667,1.903333,1.345833,1.654167,,0.700000
52.336179,hover,-0.096667,0.154167,0.700000,0.000000,0.000000,0.000000,0.000000,0.000000,0.321667,1.903333,1.345833,1.654167,,0.700000
52.445442,hover,-0.096667,0.154167,0.700000,0.000000,0.000000,0.000000,0.000000,0.000000,0.321667,1.903333,1.345833,1.654167,,0.700000
52.558541,hover,-0.096667,0.154167,0.700000,0.000000,0.000000,0.000000,0.000000,0.000000,0.321667,1.903333,1.345833,1.654167,,0.700000
52.664371,hover,-0.096667,0.154167,0.700000,0.000000,0.000000,0.000000,0.000000,0.000000,0.321667,1.903333,1.345833,1.654167,,0.700000
52.771739,hover,-0.096667,0.154167,0.700000,0.000000,0.000000,0.000000,0.000000,0.000000,0.321667,1.903333,1.345833,1.654167,,0.700000
52.878873,hover,-0.096667,0.154167,0.700000,0.000000,0.000000,0.000000,0.000000,0.000000,0.321667,1.903333,1.345833,1.654167,,0.700000
52.995275,hover,-0.096667,0.154167,0.700000,0.000000,0.000000,0.000000,0.000000,0.000000,0.321667,1.903333,1.345833,1.654167,,0.700000
53.101320,hover,-0.096667,0.154167,0.700000,0.000000,0.000000,0.000000,0.000000,0.000000,0.321667,1.903333,1.345833,1.654167,,0.700000
53.216089,hover,-0.096667,0.154167,0.700000,0.000000,0.000000,0.000000,0.000000,0.000000,0.321667,1.903333,1.345833,1.654167,,0.700000
53.322833,hover,-0.096667,0.154167,0.700000,0.000000,0.000000,0.000000,0.000000,0.000000,0.321667,1.903333,1.345833,1.654167,,0.700000
53.432363,hover,-0.096667,0.154167,0.700000,0.000000,0.000000,0.000000,0.000000,0.000000,0.321667,1.903333,1.345833,1.654167,,0.700000
53.536583,hover,-0.096667,0.154167,0.700000,0.000000,0.000000,0.000000,0.000000,0.000000,0.321667,1.903333,1.345833,1.654167,,0.700000
53.644133,hover,-0.096667,0.154167,0.700000,0.000000,0.000000,0.000000,0.000000,0.000000,0.321667,1.903333,1.345833,1.654167,,0.700000
53.750328,hover,-0.096667,0.154167,0.700000,0.000000,0.000000,0.000000,0.000000,0.000000,0.321667,1.903333,1.345833,1.654167,,0.700000
53.865683,hover,-0.096667,0.154167,0.700000,0.000000,0.000000,0.000000,0.000000,0.000000,0.321667,1.903333,1.345833,1.654167,,0.700000
53.972327,hover,-0.096667,0.154167,0.700000,0.000000,0.000000,0.000000,0.000000,0.000000,0.321667,1.903333,1.345833,1.654167,,0.700000
54.080311,hover,-0.096667,0.154167,0.700000,0.000000,0.000000,0.000000,0.000000,0.000000,0.321667,1.903333,1.345833,1.654167,,0.700000
54.187970,hover,-0.096667,0.154167,0.700000,0.000000,0.000000,0.000000,0.000000,0.000000,0.321667,1.903333,1.345833,1.654167,,0.700000
54.303860,hover,-0.096667,0.154167,0.700000,0.000000,0.000000,0.000000,0.000000,0.000000,0.321667,1.903333,1.345833,1.654167,,0.700000
54.417779,hover,-0.096667,0.154167,0.700000,0.000000,0.000000,0.000000,0.000000,0.000000,0.321667,1.903333,1.345833,1.654167,,0.700000
54.526551,hover,-0.096667,0.154167,0.700000,0.000000,0.000000,0.000000,0.000000,0.000000,0.321667,1.903333,1.345833,1.654167,,0.700000
54.637328,hover,-0.096667,0.154167,0.700000,0.000000,0.000000,0.000000,0.000000,0.000000,0.321667,1.903333,1.345833,1.654167,,0.700000
54.747427,hover,-0.096667,0.154167,0.700000,0.000000,0.000000,0.000000,0.000000,0.000000,0.321667,1.903333,1.345833,1.654167,,0.700000
54.822686,hover,-0.096667,0.154167,0.700000,0.000000,0.000000,0.000000,0.000000,0.000000,0.321667,1.903333,1.345833,1.654167,,0.700000
54.907862,hover,-0.096667,0.154167,0.700000,0.000000,0.000000,0.000000,0.000000,0.000000,0.321667,1.903333,1.345833,1.654167,,0.700000
55.003166,hover,-0.096667,0.154167,0.700000,0.000000,0.000000,0.000000,0.000000,0.000000,0.321667,1.903333,1.345833,1.654167,,0.700000
55.120967,hover,-0.096667,0.154167,0.700000,0.000000,0.000000,0.000000,0.000000,0.000000,0.321667,1.903333,1.345833,1.654167,,0.700000
55.226282,hover,-0.096667,0.154167,0.700000,0.000000,0.000000,0.000000,0.000000,0.000000,0.321667,1.903333,1.345833,1.654167,,0.700000
55.331774,hover,-0.096667,0.154167,0.700000,0.000000,0.000000,0.000000,0.000000,0.000000,0.321667,1.903333,1.345833,1.654167,,0.700000
55.433875,hover,-0.096667,0.154167,0.700000,0.000000,0.000000,0.000000,0.000000,0.000000,0.321667,1.903333,1.345833,1.654167,,0.700000
55.533532,hover,-0.096667,0.154167,0.700000,0.000000,0.000000,0.000000,0.000000,0.000000,0.321667,1.903333,1.345833,1.654167,,0.700000
55.639068,hover,-0.096667,0.154167,0.700000,0.000000,0.000000,0.000000,0.000000,0.000000,0.321667,1.903333,1.345833,1.654167,,0.700000
55.741764,hover,-0.096667,0.154167,0.700000,0.000000,0.000000,0.000000,0.000000,0.000000,0.321667,1.903333,1.345833,1.654167,,0.700000
55.843171,hover,-0.096667,0.154167,0.700000,0.000000,0.000000,0.000000,0.000000,0.000000,0.321667,1.903333,1.345833,1.654167,,0.700000
55.945499,hover,-0.096667,0.154167,0.700000,0.000000,0.000000,0.000000,0.000000,0.000000,0.321667,1.903333,1.345833,1.654167,,0.700000
56.048091,hover,-0.096667,0.154167,0.700000,0.000000,0.000000,0.000000,0.000000,0.000000,0.321667,1.903333,1.345833,1.654167,,0.700000
56.147917,hover,-0.096667,0.154167,0.700000,0.000000,0.000000,0.000000,0.000000,0.000000,0.321667,1.903333,1.345833,1.654167,,0.700000
56.508080,hover,-0.096667,0.154167,0.700000,0.000000,0.000000,0.000000,0.000000,0.000000,0.321667,1.903333,1.345833,1.654167,,0.700000
56.595687,hover,-0.096667,0.154167,0.700000,0.000000,0.000000,0.000000,0.000000,0.000000,0.321667,1.903333,1.345833,1.654167,,0.700000
56.699736,hover,-0.096667,0.154167,0.700000,0.000000,0.000000,0.000000,0.000000,0.000000,0.321667,1.903333,1.345833,1.654167,,0.700000
56.795883,hover,-0.096667,0.154167,0.700000,0.000000,0.000000,0.000000,0.000000,0.000000,0.321667,1.903333,1.345833,1.654167,,0.700000
56.912037,hover,-0.096667,0.154167,0.700000,0.000000,0.000000,0.000000,0.000000,0.000000,0.321667,1.903333,1.345833,1.654167,,0.700000
57.026329,hover,-0.096667,0.154167,0.700000,0.000000,0.000000,0.000000,0.000000,0.000000,0.321667,1.903333,1.345833,1.654167,,0.700000
57.146324,hover,-0.096667,0.154167,0.700000,0.000000,0.000000,0.000000,0.000000,0.000000,0.321667,1.903333,1.345833,1.654167,,0.700000
57.249796,hover,-0.096667,0.154167,0.700000,0.000000,0.000000,0.000000,0.000000,0.000000,0.321667,1.903333,1.345833,1.654167,,0.700000
57.352669,hover,-0.096667,0.154167,0.700000,0.000000,0.000000,0.000000,0.000000,0.000000,0.321667,1.903333,1.345833,1.654167,,0.700000
57.451032,hover,-0.096667,0.154167,0.700000,0.000000,0.000000,0.000000,0.000000,0.000000,0.321667,1.903333,1.345833,1.654167,,0.700000
57.572463,hover,-0.096667,0.154167,0.700000,0.000000,0.000000,0.000000,0.000000,0.000000,0.321667,1.903333,1.345833,1.654167,,0.700000
58.510103,hover,-0.096667,0.154167,0.700000,0.000000,0.000000,0.000000,0.000000,0.000000,0.321667,1.903333,1.345833,1.654167,,0.700000
58.637565,hover,-0.096667,0.154167,0.700000,0.000000,0.000000,0.000000,0.000000,0.000000,0.321667,1.903333,1.345833,1.654167,,0.700000
58.717602,hover,-0.096667,0.154167,0.700000,0.000000,0.000000,0.000000,0.000000,0.000000,0.321667,1.903333,1.345833,1.654167,,0.700000
58.829920,hover,-0.096667,0.154167,0.700000,0.000000,0.000000,0.000000,0.000000,0.000000,0.321667,1.903333,1.345833,1.654167,,0.700000
58.949155,hover,-0.096667,0.154167,0.700000,0.000000,0.000000,0.000000,0.000000,0.000000,0.321667,1.903333,1.345833,1.654167,,0.700000
59.051745,hover,-0.096667,0.154167,0.700000,0.000000,0.000000,0.000000,0.000000,0.000000,0.321667,1.903333,1.345833,1.654167,,0.700000
59.147635,hover,-0.096667,0.154167,0.700000,0.000000,0.000000,0.000000,0.000000,0.000000,0.321667,1.903333,1.345833,1.654167,,0.700000
59.268606,hover,-0.096667,0.154167,0.700000,0.000000,0.000000,0.000000,0.000000,0.000000,0.321667,1.903333,1.345833,1.654167,,0.700000
59.366664,hover,-0.096667,0.154167,0.700000,0.000000,0.000000,0.000000,0.000000,0.000000,0.321667,1.903333,1.345833,1.654167,,0.700000
59.997886,hover,-0.096667,0.154167,0.700000,0.000000,0.000000,0.000000,0.000000,0.000000,0.321667,1.903333,1.345833,1.654167,,0.700000
60.080043,hover,-0.096667,0.154167,0.700000,0.000000,0.000000,0.000000,0.000000,0.000000,0.321667,1.903333,1.345833,1.654167,,0.700000
60.198815,hover,-0.096667,0.154167,0.700000,0.000000,0.000000,0.000000,0.000000,0.000000,0.321667,1.903333,1.345833,1.654167,,0.700000
60.296685,hover,-0.096667,0.154167,0.700000,0.000000,0.000000,0.000000,0.000000,0.000000,0.321667,1.903333,1.345833,1.654167,,0.700000
60.414764,hover,-0.096667,0.154167,0.700000,0.000000,0.000000,0.000000,0.000000,0.000000,0.321667,1.903333,1.345833,1.654167,,0.700000
60.515105,hover,-0.096667,0.154167,0.700000,0.000000,0.000000,0.000000,0.000000,0.000000,0.321667,1.903333,1.345833,1.654167,,0.700000
60.625931,hover,-0.096667,0.154167,0.700000,0.000000,0.000000,0.000000,0.000000,0.000000,0.321667,1.903333,1.345833,1.654167,,0.700000
60.734149,hover,-0.096667,0.154167,0.700000,0.000000,0.000000,0.000000,0.000000,0.000000,0.321667,1.903333,1.345833,1.654167,,0.700000
60.833825,hover,-0.096667,0.154167,0.700000,0.000000,0.000000,0.000000,0.000000,0.000000,0.321667,1.903333,1.345833,1.654167,,0.700000
60.953622,hover,-0.096667,0.154167,0.700000,0.000000,0.000000,0.000000,0.000000,0.000000,0.321667,1.903333,1.345833,1.654167,,0.700000
61.049813,hover,-0.096667,0.154167,0.700000,0.000000,0.000000,0.000000,0.000000,0.000000,0.321667,1.903333,1.345833,1.654167,,0.700000
61.165202,hover,-0.096667,0.154167,0.700000,0.000000,0.000000,0.000000,0.000000,0.000000,0.321667,1.903333,1.345833,1.654167,,0.700000
61.277570,hover,-0.096667,0.154167,0.700000,0.000000,0.000000,0.000000,0.000000,0.000000,0.321667,1.903333,1.345833,1.654167,,0.700000
61.398094,hover,-0.096667,0.154167,0.700000,0.000000,0.000000,0.000000,0.000000,0.000000,0.321667,1.903333,1.345833,1.654167,,0.700000
61.497418,hover,-0.096667,0.154167,0.700000,0.000000,0.000000,0.000000,0.000000,0.000000,0.321667,1.903333,1.345833,1.654167,,0.700000
61.615300,hover,-0.096667,0.154167,0.700000,0.000000,0.000000,0.000000,0.000000,0.000000,0.321667,1.903333,1.345833,1.654167,,0.700000
61.717329,hover,-0.096667,0.154167,0.700000,0.000000,0.000000,0.000000,0.000000,0.000000,0.321667,1.903333,1.345833,1.654167,,0.700000
61.821027,hover,-0.096667,0.154167,0.700000,0.000000,0.000000,0.000000,0.000000,0.000000,0.321667,1.903333,1.345833,1.654167,,0.700000
61.924811,hover,-0.096667,0.154167,0.700000,0.000000,0.000000,0.000000,0.000000,0.000000,0.321667,1.903333,1.345833,1.654167,,0.700000
62.024011,hover,-0.096667,0.154167,0.700000,0.000000,0.000000,0.000000,0.000000,0.000000,0.321667,1.903333,1.345833,1.654167,,0.700000
62.138558,hover,-0.096667,0.154167,0.700000,0.000000,0.000000,0.000000,0.000000,0.000000,0.321667,1.903333,1.345833,1.654167,,0.700000
62.250494,hover,-0.096667,0.154167,0.700000,0.000000,0.000000,0.000000,0.000000,0.000000,0.321667,1.903333,1.345833,1.654167,,0.700000
62.366402,hover,-0.096667,0.154167,0.700000,0.000000,0.000000,0.000000,0.000000,0.000000,0.321667,1.903333,1.345833,1.654167,,0.700000
62.486734,hover,-0.096667,0.154167,0.700000,0.000000,0.000000,0.000000,0.000000,0.000000,0.321667,1.903333,1.345833,1.654167,,0.700000
62.590391,hover,-0.096667,0.154167,0.700000,0.000000,0.000000,0.000000,0.000000,0.000000,0.321667,1.903333,1.345833,1.654167,,0.700000
62.689143,hover,-0.096667,0.154167,0.700000,0.000000,0.000000,0.000000,0.000000,0.000000,0.321667,1.903333,1.345833,1.654167,,0.700000
62.803795,hover,-0.096667,0.154167,0.700000,0.000000,0.000000,0.000000,0.000000,0.000000,0.321667,1.903333,1.345833,1.654167,,0.700000
62.914688,hover,-0.096667,0.154167,0.700000,0.000000,0.000000,0.000000,0.000000,0.000000,0.321667,1.903333,1.345833,1.654167,,0.700000
63.025477,hover,-0.096667,0.154167,0.700000,0.000000,0.000000,0.000000,0.000000,0.000000,0.321667,1.903333,1.345833,1.654167,,0.700000
63.142541,hover,-0.096667,0.154167,0.700000,0.000000,0.000000,0.000000,0.000000,0.000000,0.321667,1.903333,1.345833,1.654167,,0.700000
63.254899,hover,-0.096667,0.154167,0.700000,0.000000,0.000000,0.000000,0.000000,0.000000,0.321667,1.903333,1.345833,1.654167,,0.700000
63.369149,hover,-0.096667,0.154167,0.700000,0.000000,0.000000,0.000000,0.000000,0.000000,0.321667,1.903333,1.345833,1.654167,,0.700000
63.481876,hover,-0.096667,0.154167,0.700000,0.000000,0.000000,0.000000,0.000000,0.000000,0.321667,1.903333,1.345833,1.654167,,0.700000
63.602647,hover,-0.096667,0.154167,0.700000,0.000000,0.000000,0.000000,0.000000,0.000000,0.321667,1.903333,1.345833,1.654167,,0.700000
63.698579,hover,-0.096667,0.154167,0.700000,0.000000,0.000000,0.000000,0.000000,0.000000,0.321667,1.903333,1.345833,1.654167,,0.700000
63.819295,hover,-0.096667,0.154167,0.700000,0.000000,0.000000,0.000000,0.000000,0.000000,0.321667,1.903333,1.345833,1.654167,,0.700000
63.915681,hover,-0.096667,0.154167,0.700000,0.000000,0.000000,0.000000,0.000000,0.000000,0.321667,1.903333,1.345833,1.654167,,0.700000
64.036678,hover,-0.096667,0.154167,0.700000,0.000000,0.000000,0.000000,0.000000,0.000000,0.321667,1.903333,1.345833,1.654167,,0.700000
64.142866,hover,-0.096667,0.154167,0.700000,0.000000,0.000000,0.000000,0.000000,0.000000,0.321667,1.903333,1.345833,1.654167,,0.700000
64.240807,hover,-0.096667,0.154167,0.700000,0.000000,0.000000,0.000000,0.000000,0.000000,0.321667,1.903333,1.345833,1.654167,,0.700000
64.356283,hover,-0.096667,0.154167,0.700000,0.000000,0.000000,0.000000,0.000000,0.000000,0.321667,1.903333,1.345833,1.654167,,0.700000
64.469144,hover,-0.096667,0.154167,0.700000,0.000000,0.000000,0.000000,0.000000,0.000000,0.321667,1.903333,1.345833,1.654167,,0.700000
64.583758,hover,-0.096667,0.154167,0.700000,0.000000,0.000000,0.000000,0.000000,0.000000,0.321667,1.903333,1.345833,1.654167,,0.700000
64.698801,hover,-0.096667,0.154167,0.700000,0.000000,0.000000,0.000000,0.000000,0.000000,0.321667,1.903333,1.345833,1.654167,,0.700000
64.812096,hover,-0.096667,0.154167,0.700000,0.000000,0.000000,0.000000,0.000000,0.000000,0.321667,1.903333,1.345833,1.654167,,0.700000
64.925459,hover,-0.096667,0.154167,0.700000,0.000000,0.000000,0.000000,0.000000,0.000000,0.321667,1.903333,1.345833,1.654167,,0.700000
65.040153,hover,-0.096667,0.154167,0.700000,0.000000,0.000000,0.000000,0.000000,0.000000,0.321667,1.903333,1.345833,1.654167,,0.700000
65.154150,hover,-0.096667,0.154167,0.700000,0.000000,0.000000,0.000000,0.000000,0.000000,0.321667,1.903333,1.345833,1.654167,,0.700000
65.265894,hover,-0.096667,0.154167,0.700000,0.000000,0.000000,0.000000,0.000000,0.000000,0.321667,1.903333,1.345833,1.654167,,0.700000
65.380270,hover,-0.096667,0.154167,0.700000,0.000000,0.000000,0.000000,0.000000,0.000000,0.321667,1.903333,1.345833,1.654167,,0.700000
65.490408,hover,-0.096667,0.154167,0.700000,0.000000,0.000000,0.000000,0.000000,0.000000,0.321667,1.903333,1.345833,1.654167,,0.700000
65.606685,hover,-0.096667,0.154167,0.700000,0.000000,0.000000,0.000000,0.000000,0.000000,0.321667,1.903333,1.345833,1.654167,,0.700000
65.725803,hover,-0.096667,0.154167,0.700000,0.000000,0.000000,0.000000,0.000000,0.000000,0.321667,1.903333,1.345833,1.654167,,0.700000
65.826743,hover,-0.096667,0.154167,0.700000,0.000000,0.000000,0.000000,0.000000,0.000000,0.321667,1.903333,1.345833,1.654167,,0.700000
65.925676,hover,-0.096667,0.154167,0.700000,0.000000,0.000000,0.000000,0.000000,0.000000,0.321667,1.903333,1.345833,1.654167,,0.700000
66.039710,hover,-0.096667,0.154167,0.700000,0.000000,0.000000,0.000000,0.000000,0.000000,0.321667,1.903333,1.345833,1.654167,,0.700000
66.160460,hover,-0.096667,0.154167,0.700000,0.000000,0.000000,0.000000,0.000000,0.000000,0.321667,1.903333,1.345833,1.654167,,0.700000
66.263017,hover,-0.096667,0.154167,0.700000,0.000000,0.000000,0.000000,0.000000,0.000000,0.321667,1.903333,1.345833,1.654167,,0.700000
66.365440,hover,-0.096667,0.154167,0.700000,0.000000,0.000000,0.000000,0.000000,0.000000,0.321667,1.903333,1.345833,1.654167,,0.700000
66.465533,hover,-0.096667,0.154167,0.700000,0.000000,0.000000,0.000000,0.000000,0.000000,0.321667,1.903333,1.345833,1.654167,,0.700000
66.569565,hover,-0.096667,0.154167,0.700000,0.000000,0.000000,0.000000,0.000000,0.000000,0.321667,1.903333,1.345833,1.654167,,0.700000
66.671341,hover,-0.096667,0.154167,0.700000,0.000000,0.000000,0.000000,0.000000,0.000000,0.321667,1.903333,1.345833,1.654167,,0.700000
66.774264,hover,-0.096667,0.154167,0.700000,0.000000,0.000000,0.000000,0.000000,0.000000,0.321667,1.903333,1.345833,1.654167,,0.700000
66.871704,hover,-0.096667,0.154167,0.700000,0.000000,0.000000,0.000000,0.000000,0.000000,0.321667,1.903333,1.345833,1.654167,,0.700000
66.985108,hover,-0.096667,0.154167,0.700000,0.000000,0.000000,0.000000,0.000000,0.000000,0.321667,1.903333,1.345833,1.654167,,0.700000
67.101868,hover,-0.096667,0.154167,0.700000,0.000000,0.000000,0.000000,0.000000,0.000000,0.321667,1.903333,1.345833,1.654167,,0.700000
67.217825,hover,-0.096667,0.154167,0.700000,0.000000,0.000000,0.000000,0.000000,0.000000,0.321667,1.903333,1.345833,1.654167,,0.700000
67.332995,hover,-0.096667,0.154167,0.700000,0.000000,0.000000,0.000000,0.000000,0.000000,0.321667,1.903333,1.345833,1.654167,,0.700000
67.451552,hover,-0.096667,0.154167,0.700000,0.000000,0.000000,0.000000,0.000000,0.000000,0.321667,1.903333,1.345833,1.654167,,0.700000
67.558631,hover,-0.096667,0.154167,0.700000,0.000000,0.000000,0.000000,0.000000,0.000000,0.321667,1.903333,1.345833,1.654167,,0.700000
67.665984,hover,-0.096667,0.154167,0.700000,0.000000,0.000000,0.000000,0.000000,0.000000,0.321667,1.903333,1.345833,1.654167,,0.700000
67.766630,hover,-0.096667,0.154167,0.700000,0.000000,0.000000,0.000000,0.000000,0.000000,0.321667,1.903333,1.345833,1.654167,,0.700000
67.872152,hover,-0.096667,0.154167,0.700000,0.000000,0.000000,0.000000,0.000000,0.000000,0.321667,1.903333,1.345833,1.654167,,0.700000
67.979644,hover,-0.096667,0.154167,0.700000,0.000000,0.000000,0.000000,0.000000,0.000000,0.321667,1.903333,1.345833,1.654167,,0.700000
68.083134,hover,-0.096667,0.154167,0.700000,0.000000,0.000000,0.000000,0.000000,0.000000,0.321667,1.903333,1.345833,1.654167,,0.700000
68.186792,hover,-0.096667,0.154167,0.700000,0.000000,0.000000,0.000000,0.000000,0.000000,0.321667,1.903333,1.345833,1.654167,,0.700000
68.288243,back,-0.102500,0.154167,0.700000,0.000000,-0.350000,0.000000,0.000000,0.000000,0.327500,1.897500,1.345833,1.654167,,0.700000
68.391646,back,-0.114167,0.154167,0.700000,0.000000,-0.350000,0.000000,0.000000,0.000000,0.339167,1.885833,1.345833,1.654167,,0.700000
68.493124,back,-0.125833,0.154167,0.700000,0.000000,-0.350000,0.000000,0.000000,0.000000,0.350833,1.874167,1.345833,1.654167,,0.700000
68.599214,hover,-0.131667,0.154167,0.700000,0.000000,0.000000,0.000000,0.000000,0.000000,0.356667,1.868333,1.345833,1.654167,,0.700000
68.704705,hover,-0.131667,0.154167,0.700000,0.000000,0.000000,0.000000,0.000000,0.000000,0.356667,1.868333,1.345833,1.654167,,0.700000
68.813273,back,-0.137500,0.154167,0.700000,0.000000,-0.350000,0.000000,0.000000,0.000000,0.362500,1.862500,1.345833,1.654167,,0.700000
68.921909,back,-0.149167,0.154167,0.700000,0.000000,-0.350000,0.000000,0.000000,0.000000,0.374167,1.850833,1.345833,1.654167,,0.700000
69.021274,forward,-0.137500,0.154167,0.700000,0.000000,0.350000,0.000000,0.000000,0.000000,0.362500,1.862500,1.345833,1.654167,,0.700000
69.142182,forward,-0.120000,0.154167,0.700000,0.000000,0.350000,0.000000,0.000000,0.000000,0.345000,1.880000,1.345833,1.654167,,0.700000
69.242605,hover,-0.114167,0.154167,0.700000,0.000000,0.000000,0.000000,0.000000,0.000000,0.339167,1.885833,1.345833,1.654167,,0.700000
69.348758,hover,-0.114167,0.154167,0.700000,0.000000,0.000000,0.000000,0.000000,0.000000,0.339167,1.885833,1.345833,1.654167,,0.700000
69.452739,forward,-0.108333,0.154167,0.700000,0.000000,0.350000,0.000000,0.000000,0.000000,0.333333,1.891667,1.345833,1.654167,,0.700000
69.546690,forward,-0.096667,0.154167,0.700000,0.000000,0.350000,0.000000,0.000000,0.000000,0.321667,1.903333,1.345833,1.654167,,0.700000
69.667190,forward,-0.079167,0.154167,0.700000,0.000000,0.350000,0.000000,0.000000,0.000000,0.304167,1.920833,1.345833,1.654167,,0.700000
69.765976,forward,-0.067500,0.154167,0.700000,0.000000,0.350000,0.000000,0.000000,0.000000,0.292500,1.932500,1.345833,1.654167,,0.700000
69.891682,forward,-0.050000,0.154167,0.700000,0.000000,0.350000,0.000000,0.000000,0.000000,0.275000,1.950000,1.345833,1.654167,,0.700000
69.993754,forward,-0.038333,0.154167,0.700000,0.000000,0.350000,0.000000,0.000000,0.000000,0.263333,1.961667,1.345833,1.654167,,0.700000
70.095864,forward,-0.026667,0.154167,0.700000,0.000000,0.350000,0.000000,0.000000,0.000000,0.251667,1.973333,1.345833,1.654167,,0.700000
70.206742,forward,-0.015000,0.154167,0.700000,0.000000,0.350000,0.000000,0.000000,0.000000,0.240000,1.985000,1.345833,1.654167,,0.700000
70.308375,forward,-0.003333,0.154167,0.700000,0.000000,0.350000,0.000000,0.000000,0.000000,0.228333,1.996667,1.345833,1.654167,,0.700000
70.411864,forward,0.008333,0.154167,0.700000,0.000000,0.350000,0.000000,0.000000,0.000000,0.216667,2.008333,1.345833,1.654167,,0.700000
70.515133,forward,0.020000,0.154167,0.700000,0.000000,0.350000,0.000000,0.000000,0.000000,0.205000,2.020000,1.345833,1.654167,,0.700000
70.616954,forward,0.031667,0.154167,0.700000,0.000000,0.350000,0.000000,0.000000,0.000000,0.193333,2.031667,1.345833,1.654167,,0.700000
70.723947,forward,0.043333,0.154167,0.700000,0.000000,0.350000,0.000000,0.000000,0.000000,0.181667,2.043333,1.345833,1.654167,,0.700000
70.825410,forward,0.055000,0.154167,0.700000,0.000000,0.350000,0.000000,0.000000,0.000000,0.170000,2.055000,1.345833,1.654167,,0.700000
70.926330,forward,0.066667,0.154167,0.700000,0.000000,0.350000,0.000000,0.000000,0.000000,0.158333,2.066667,1.345833,1.654167,,0.700000
71.017631,forward,0.078333,0.154167,0.700000,0.000000,0.350000,0.000000,0.000000,0.000000,0.146667,2.078333,1.345833,1.654167,,0.700000
71.134620,forward,0.095833,0.154167,0.700000,0.000000,0.350000,0.000000,0.000000,0.000000,0.129167,2.095833,1.345833,1.654167,,0.700000
71.237416,forward,0.101667,0.154167,0.700000,0.000000,0.350000,0.000000,0.000000,0.000000,0.123333,2.101667,1.345833,1.654167,,0.700000
71.338379,forward,0.101667,0.154167,0.700000,0.000000,0.350000,0.000000,0.000000,0.000000,0.123333,2.101667,1.345833,1.654167,,0.700000
71.441669,forward,0.101667,0.154167,0.700000,0.000000,0.350000,0.000000,0.000000,0.000000,0.123333,2.101667,1.345833,1.654167,,0.700000
71.542794,forward,0.101667,0.154167,0.700000,0.000000,0.350000,0.000000,0.000000,0.000000,0.123333,2.101667,1.345833,1.654167,,0.700000
71.646664,forward,0.101667,0.154167,0.700000,0.000000,0.350000,0.000000,0.000000,0.000000,0.123333,2.101667,1.345833,1.654167,,0.700000
71.750261,forward,0.101667,0.154167,0.700000,0.000000,0.350000,0.000000,0.000000,0.000000,0.123333,2.101667,1.345833,1.654167,,0.700000
71.855006,forward,0.101667,0.154167,0.700000,0.000000,0.350000,0.000000,0.000000,0.000000,0.123333,2.101667,1.345833,1.654167,,0.700000
71.964754,forward,0.101667,0.154167,0.700000,0.000000,0.350000,0.000000,0.000000,0.000000,0.123333,2.101667,1.345833,1.654167,,0.700000
72.065411,forward,0.101667,0.154167,0.700000,0.000000,0.350000,0.000000,0.000000,0.000000,0.123333,2.101667,1.345833,1.654167,,0.700000
72.171478,forward,0.101667,0.154167,0.700000,0.000000,0.350000,0.000000,0.000000,0.000000,0.123333,2.101667,1.345833,1.654167,,0.700000
72.271532,forward,0.101667,0.154167,0.700000,0.000000,0.350000,0.000000,0.000000,0.000000,0.123333,2.101667,1.345833,1.654167,,0.700000
72.374011,forward,0.101667,0.154167,0.700000,0.000000,0.350000,0.000000,0.000000,0.000000,0.123333,2.101667,1.345833,1.654167,,0.700000
72.475736,hover,0.101667,0.154167,0.700000,0.000000,0.000000,0.000000,0.000000,0.000000,0.123333,2.101667,1.345833,1.654167,,0.700000
72.579337,back,0.095833,0.154167,0.700000,0.000000,-0.350000,0.000000,0.000000,0.000000,0.129167,2.095833,1.345833,1.654167,,0.700000
72.679312,back,0.084167,0.154167,0.700000,0.000000,-0.350000,0.000000,0.000000,0.000000,0.140833,2.084167,1.345833,1.654167,,0.700000
72.785526,back,0.072500,0.154167,0.700000,0.000000,-0.350000,0.000000,0.000000,0.000000,0.152500,2.072500,1.345833,1.654167,,0.700000
72.882888,hover,0.066667,0.154167,0.700000,0.000000,0.000000,0.000000,0.000000,0.000000,0.158333,2.066667,1.345833,1.654167,,0.700000
73.000553,hover,0.066667,0.154167,0.700000,0.000000,0.000000,0.000000,0.000000,0.000000,0.158333,2.066667,1.345833,1.654167,,0.700000
73.099315,forward,0.066667,0.154167,0.700000,0.000000,0.350000,0.000000,0.000000,0.000000,0.158333,2.066667,1.345833,1.654167,,0.700000
73.223250,forward,0.084167,0.154167,0.700000,0.000000,0.350000,0.000000,0.000000,0.000000,0.140833,2.084167,1.345833,1.654167,,0.700000
73.322763,forward,0.095833,0.154167,0.700000,0.000000,0.350000,0.000000,0.000000,0.000000,0.129167,2.095833,1.345833,1.654167,,0.700000
73.439306,hover,0.101667,0.154167,0.700000,0.000000,0.000000,0.000000,0.000000,0.000000,0.123333,2.101667,1.345833,1.654167,,0.700000
73.554705,hover,0.101667,0.154167,0.700000,0.000000,0.000000,0.000000,0.000000,0.000000,0.123333,2.101667,1.345833,1.654167,,0.700000
73.676409,forward,0.101667,0.154167,0.700000,0.000000,0.350000,0.000000,0.000000,0.000000,0.123333,2.101667,1.345833,1.654167,,0.700000
73.773832,forward,0.101667,0.154167,0.700000,0.000000,0.350000,0.000000,0.000000,0.000000,0.123333,2.101667,1.345833,1.654167,,0.700000
73.892950,forward,0.101667,0.154167,0.700000,0.000000,0.350000,0.000000,0.000000,0.000000,0.123333,2.101667,1.345833,1.654167,,0.700000
73.993305,forward,0.101667,0.154167,0.700000,0.000000,0.350000,0.000000,0.000000,0.000000,0.123333,2.101667,1.345833,1.654167,,0.700000
74.100607,forward,0.101667,0.154167,0.700000,0.000000,0.350000,0.000000,0.000000,0.000000,0.123333,2.101667,1.345833,1.654167,,0.700000
74.202312,back,0.095833,0.154167,0.700000,0.000000,-0.350000,0.000000,0.000000,0.000000,0.129167,2.095833,1.345833,1.654167,,0.700000
74.302775,back,0.084167,0.154167,0.700000,0.000000,-0.350000,0.000000,0.000000,0.000000,0.140833,2.084167,1.345833,1.654167,,0.700000
74.402639,back,0.072500,0.154167,0.700000,0.000000,-0.350000,0.000000,0.000000,0.000000,0.152500,2.072500,1.345833,1.654167,,0.700000
74.521927,hover,0.060833,0.154167,0.700000,0.000000,0.000000,0.000000,0.000000,0.000000,0.164167,2.060833,1.345833,1.654167,,0.700000
74.622539,hover,0.060833,0.154167,0.700000,0.000000,0.000000,0.000000,0.000000,0.000000,0.164167,2.060833,1.345833,1.654167,,0.700000
74.730209,back,0.055000,0.154167,0.700000,0.000000,-0.350000,0.000000,0.000000,0.000000,0.170000,2.055000,1.345833,1.654167,,0.700000
74.829697,forward,0.055000,0.154167,0.700000,0.000000,0.350000,0.000000,0.000000,0.000000,0.170000,2.055000,1.345833,1.654167,,0.700000
74.944281,forward,0.072500,0.154167,0.700000,0.000000,0.350000,0.000000,0.000000,0.000000,0.152500,2.072500,1.345833,1.654167,,0.700000
75.065874,forward,0.090000,0.154167,0.700000,0.000000,0.350000,0.000000,0.000000,0.000000,0.135000,2.090000,1.345833,1.654167,,0.700000
75.162140,hover,0.095833,0.154167,0.700000,0.000000,0.000000,0.000000,0.000000,0.000000,0.129167,2.095833,1.345833,1.654167,,0.700000
75.282499,hover,0.095833,0.154167,0.700000,0.000000,0.000000,0.000000,0.000000,0.000000,0.129167,2.095833,1.345833,1.654167,,0.700000
75.382425,forward,0.101667,0.154167,0.700000,0.000000,0.350000,0.000000,0.000000,0.000000,0.123333,2.101667,1.345833,1.654167,,0.700000
75.489675,forward,0.101667,0.154167,0.700000,0.000000,0.350000,0.000000,0.000000,0.000000,0.123333,2.101667,1.345833,1.654167,,0.700000
75.595272,forward,0.101667,0.154167,0.700000,0.000000,0.350000,0.000000,0.000000,0.000000,0.123333,2.101667,1.345833,1.654167,,0.700000
75.699238,forward,0.101667,0.154167,0.700000,0.000000,0.350000,0.000000,0.000000,0.000000,0.123333,2.101667,1.345833,1.654167,,0.700000
75.800964,forward,0.101667,0.154167,0.700000,0.000000,0.350000,0.000000,0.000000,0.000000,0.123333,2.101667,1.345833,1.654167,,0.700000
75.901445,forward,0.101667,0.154167,0.700000,0.000000,0.350000,0.000000,0.000000,0.000000,0.123333,2.101667,1.345833,1.654167,,0.700000
76.002640,forward,0.101667,0.154167,0.700000,0.000000,0.350000,0.000000,0.000000,0.000000,0.123333,2.101667,1.345833,1.654167,,0.700000
76.102440,forward,0.101667,0.154167,0.700000,0.000000,0.350000,0.000000,0.000000,0.000000,0.123333,2.101667,1.345833,1.654167,,0.700000
76.219563,forward,0.101667,0.154167,0.700000,0.000000,0.350000,0.000000,0.000000,0.000000,0.123333,2.101667,1.345833,1.654167,,0.700000
76.323918,forward,0.101667,0.154167,0.700000,0.000000,0.350000,0.000000,0.000000,0.000000,0.123333,2.101667,1.345833,1.654167,,0.700000
76.429343,forward,0.101667,0.154167,0.700000,0.000000,0.350000,0.000000,0.000000,0.000000,0.123333,2.101667,1.345833,1.654167,,0.700000
76.534312,forward,0.101667,0.154167,0.700000,0.000000,0.350000,0.000000,0.000000,0.000000,0.123333,2.101667,1.345833,1.654167,,0.700000
76.637627,forward,0.101667,0.154167,0.700000,0.000000,0.350000,0.000000,0.000000,0.000000,0.123333,2.101667,1.345833,1.654167,,0.700000
76.741355,forward,0.101667,0.154167,0.700000,0.000000,0.350000,0.000000,0.000000,0.000000,0.123333,2.101667,1.345833,1.654167,,0.700000
76.851041,forward,0.101667,0.154167,0.700000,0.000000,0.350000,0.000000,0.000000,0.000000,0.123333,2.101667,1.345833,1.654167,,0.700000
76.955580,forward,0.101667,0.154167,0.700000,0.000000,0.350000,0.000000,0.000000,0.000000,0.123333,2.101667,1.345833,1.654167,,0.700000
77.060538,forward,0.101667,0.154167,0.700000,0.000000,0.350000,0.000000,0.000000,0.000000,0.123333,2.101667,1.345833,1.654167,,0.700000
77.162415,forward,0.101667,0.154167,0.700000,0.000000,0.350000,0.000000,0.000000,0.000000,0.123333,2.101667,1.345833,1.654167,,0.700000
77.264187,forward,0.101667,0.154167,0.700000,0.000000,0.350000,0.000000,0.000000,0.000000,0.123333,2.101667,1.345833,1.654167,,0.700000
77.368071,forward,0.101667,0.154167,0.700000,0.000000,0.350000,0.000000,0.000000,0.000000,0.123333,2.101667,1.345833,1.654167,,0.700000
77.475845,forward,0.101667,0.154167,0.700000,0.000000,0.350000,0.000000,0.000000,0.000000,0.123333,2.101667,1.345833,1.654167,,0.700000
77.575994,forward,0.101667,0.154167,0.700000,0.000000,0.350000,0.000000,0.000000,0.000000,0.123333,2.101667,1.345833,1.654167,,0.700000
77.682660,forward,0.101667,0.154167,0.700000,0.000000,0.350000,0.000000,0.000000,0.000000,0.123333,2.101667,1.345833,1.654167,,0.700000
77.787952,hover,0.101667,0.154167,0.700000,0.000000,0.000000,0.000000,0.000000,0.000000,0.123333,2.101667,1.345833,1.654167,,0.700000
77.900484,hover,0.101667,0.154167,0.700000,0.000000,0.000000,0.000000,0.000000,0.000000,0.123333,2.101667,1.345833,1.654167,,0.700000
78.002162,hover,0.101667,0.154167,0.700000,0.000000,0.000000,0.000000,0.000000,0.000000,0.123333,2.101667,1.345833,1.654167,,0.700000
78.102738,hover,0.101667,0.154167,0.700000,0.000000,0.000000,0.000000,0.000000,0.000000,0.123333,2.101667,1.345833,1.654167,,0.700000
78.203077,hover,0.101667,0.154167,0.700000,0.000000,0.000000,0.000000,0.000000,0.000000,0.123333,2.101667,1.345833,1.654167,,0.700000
78.301656,hover,0.101667,0.154167,0.700000,0.000000,0.000000,0.000000,0.000000,0.000000,0.123333,2.101667,1.345833,1.654167,,0.700000
78.418679,hover,0.101667,0.154167,0.700000,0.000000,0.000000,0.000000,0.000000,0.000000,0.123333,2.101667,1.345833,1.654167,,0.700000
78.536429,hover,0.101667,0.154167,0.700000,0.000000,0.000000,0.000000,0.000000,0.000000,0.123333,2.101667,1.345833,1.654167,,0.700000
78.637713,hover,0.101667,0.154167,0.700000,0.000000,0.000000,0.000000,0.000000,0.000000,0.123333,2.101667,1.345833,1.654167,,0.700000
78.739005,hover,0.101667,0.154167,0.700000,0.000000,0.000000,0.000000,0.000000,0.000000,0.123333,2.101667,1.345833,1.654167,,0.700000
78.844431,hover,0.101667,0.154167,0.700000,0.000000,0.000000,0.000000,0.000000,0.000000,0.123333,2.101667,1.345833,1.654167,,0.700000
78.946197,hover,0.101667,0.154167,0.700000,0.000000,0.000000,0.000000,0.000000,0.000000,0.123333,2.101667,1.345833,1.654167,,0.700000
79.048832,hover,0.101667,0.154167,0.700000,0.000000,0.000000,0.000000,0.000000,0.000000,0.123333,2.101667,1.345833,1.654167,,0.700000
79.151347,hover,0.101667,0.154167,0.700000,0.000000,0.000000,0.000000,0.000000,0.000000,0.123333,2.101667,1.345833,1.654167,,0.700000
79.257106,hover,0.101667,0.154167,0.700000,0.000000,0.000000,0.000000,0.000000,0.000000,0.123333,2.101667,1.345833,1.654167,,0.700000
79.358822,hover,0.101667,0.154167,0.700000,0.000000,0.000000,0.000000,0.000000,0.000000,0.123333,2.101667,1.345833,1.654167,,0.700000
79.460143,hover,0.101667,0.154167,0.700000,0.000000,0.000000,0.000000,0.000000,0.000000,0.123333,2.101667,1.345833,1.654167,,0.700000
79.565695,hover,0.101667,0.154167,0.700000,0.000000,0.000000,0.000000,0.000000,0.000000,0.123333,2.101667,1.345833,1.654167,,0.700000
79.677389,hover,0.101667,0.154167,0.700000,0.000000,0.000000,0.000000,0.000000,0.000000,0.123333,2.101667,1.345833,1.654167,,0.700000
79.779554,hover,0.101667,0.154167,0.700000,0.000000,0.000000,0.000000,0.000000,0.000000,0.123333,2.101667,1.345833,1.654167,,0.700000
79.881904,hover,0.101667,0.154167,0.700000,0.000000,0.000000,0.000000,0.000000,0.000000,0.123333,2.101667,1.345833,1.654167,,0.700000
79.982087,hover,0.101667,0.154167,0.700000,0.000000,0.000000,0.000000,0.000000,0.000000,0.123333,2.101667,1.345833,1.654167,,0.700000
80.082830,hover,0.101667,0.154167,0.700000,0.000000,0.000000,0.000000,0.000000,0.000000,0.123333,2.101667,1.345833,1.654167,,0.700000
80.184178,hover,0.101667,0.154167,0.700000,0.000000,0.000000,0.000000,0.000000,0.000000,0.123333,2.101667,1.345833,1.654167,,0.700000
80.284548,hover,0.101667,0.154167,0.700000,0.000000,0.000000,0.000000,0.000000,0.000000,0.123333,2.101667,1.345833,1.654167,,0.700000
80.389117,hover,0.101667,0.154167,0.700000,0.000000,0.000000,0.000000,0.000000,0.000000,0.123333,2.101667,1.345833,1.654167,,0.700000
80.492925,hover,0.101667,0.154167,0.700000,0.000000,0.000000,0.000000,0.000000,0.000000,0.123333,2.101667,1.345833,1.654167,,0.700000
80.598112,hover,0.101667,0.154167,0.700000,0.000000,0.000000,0.000000,0.000000,0.000000,0.123333,2.101667,1.345833,1.654167,,0.700000
80.699420,hover,0.101667,0.154167,0.700000,0.000000,0.000000,0.000000,0.000000,0.000000,0.123333,2.101667,1.345833,1.654167,,0.700000
80.801509,hover,0.101667,0.154167,0.700000,0.000000,0.000000,0.000000,0.000000,0.000000,0.123333,2.101667,1.345833,1.654167,,0.700000
80.904863,hover,0.101667,0.154167,0.700000,0.000000,0.000000,0.000000,0.000000,0.000000,0.123333,2.101667,1.345833,1.654167,,0.700000
81.002233,hover,0.101667,0.154167,0.700000,0.000000,0.000000,0.000000,0.000000,0.000000,0.123333,2.101667,1.345833,1.654167,,0.700000
81.119620,hover,0.101667,0.154167,0.700000,0.000000,0.000000,0.000000,0.000000,0.000000,0.123333,2.101667,1.345833,1.654167,,0.700000
81.219366,hover,0.101667,0.154167,0.700000,0.000000,0.000000,0.000000,0.000000,0.000000,0.123333,2.101667,1.345833,1.654167,,0.700000
81.336328,hover,0.101667,0.154167,0.700000,0.000000,0.000000,0.000000,0.000000,0.000000,0.123333,2.101667,1.345833,1.654167,,0.700000
81.437979,hover,0.101667,0.154167,0.700000,0.000000,0.000000,0.000000,0.000000,0.000000,0.123333,2.101667,1.345833,1.654167,,0.700000
81.539321,hover,0.101667,0.154167,0.700000,0.000000,0.000000,0.000000,0.000000,0.000000,0.123333,2.101667,1.345833,1.654167,,0.700000
81.647292,hover,0.101667,0.154167,0.700000,0.000000,0.000000,0.000000,0.000000,0.000000,0.123333,2.101667,1.345833,1.654167,,0.700000
81.750921,hover,0.101667,0.154167,0.700000,0.000000,0.000000,0.000000,0.000000,0.000000,0.123333,2.101667,1.345833,1.654167,,0.700000
81.858955,hover,0.101667,0.154167,0.700000,0.000000,0.000000,0.000000,0.000000,0.000000,0.123333,2.101667,1.345833,1.654167,,0.700000
81.962545,hover,0.101667,0.154167,0.700000,0.000000,0.000000,0.000000,0.000000,0.000000,0.123333,2.101667,1.345833,1.654167,,0.700000
82.065855,hover,0.101667,0.154167,0.700000,0.000000,0.000000,0.000000,0.000000,0.000000,0.123333,2.101667,1.345833,1.654167,,0.700000
82.167707,hover,0.101667,0.154167,0.700000,0.000000,0.000000,0.000000,0.000000,0.000000,0.123333,2.101667,1.345833,1.654167,,0.700000
82.271864,hover,0.101667,0.154167,0.700000,0.000000,0.000000,0.000000,0.000000,0.000000,0.123333,2.101667,1.345833,1.654167,,0.700000
82.372784,hover,0.101667,0.154167,0.700000,0.000000,0.000000,0.000000,0.000000,0.000000,0.123333,2.101667,1.345833,1.654167,,0.700000
82.473915,hover,0.101667,0.154167,0.700000,0.000000,0.000000,0.000000,0.000000,0.000000,0.123333,2.101667,1.345833,1.654167,,0.700000
82.578602,hover,0.101667,0.154167,0.700000,0.000000,0.000000,0.000000,0.000000,0.000000,0.123333,2.101667,1.345833,1.654167,,0.700000
82.679743,hover,0.101667,0.154167,0.700000,0.000000,0.000000,0.000000,0.000000,0.000000,0.123333,2.101667,1.345833,1.654167,,0.700000
82.780318,hover,0.101667,0.154167,0.700000,0.000000,0.000000,0.000000,0.000000,0.000000,0.123333,2.101667,1.345833,1.654167,,0.700000
82.880277,hover,0.101667,0.154167,0.700000,0.000000,0.000000,0.000000,0.000000,0.000000,0.123333,2.101667,1.345833,1.654167,,0.700000
82.980321,hover,0.101667,0.154167,0.700000,0.000000,0.000000,0.000000,0.000000,0.000000,0.123333,2.101667,1.345833,1.654167,,0.700000
83.078417,hover,0.101667,0.154167,0.700000,0.000000,0.000000,0.000000,0.000000,0.000000,0.123333,2.101667,1.345833,1.654167,,0.700000
83.203272,hover,0.101667,0.154167,0.700000,0.000000,0.000000,0.000000,0.000000,0.000000,0.123333,2.101667,1.345833,1.654167,,0.700000
83.299863,hover,0.101667,0.154167,0.700000,0.000000,0.000000,0.000000,0.000000,0.000000,0.123333,2.101667,1.345833,1.654167,,0.700000
83.420724,hover,0.101667,0.154167,0.700000,0.000000,0.000000,0.000000,0.000000,0.000000,0.123333,2.101667,1.345833,1.654167,,0.700000
83.519580,hover,0.101667,0.154167,0.700000,0.000000,0.000000,0.000000,0.000000,0.000000,0.123333,2.101667,1.345833,1.654167,,0.700000
83.633142,hover,0.101667,0.154167,0.700000,0.000000,0.000000,0.000000,0.000000,0.000000,0.123333,2.101667,1.345833,1.654167,,0.700000
83.749195,hover,0.101667,0.154167,0.700000,0.000000,0.000000,0.000000,0.000000,0.000000,0.123333,2.101667,1.345833,1.654167,,0.700000
83.860820,hover,0.101667,0.154167,0.700000,0.000000,0.000000,0.000000,0.000000,0.000000,0.123333,2.101667,1.345833,1.654167,,0.700000
83.974868,hover,0.101667,0.154167,0.700000,0.000000,0.000000,0.000000,0.000000,0.000000,0.123333,2.101667,1.345833,1.654167,,0.700000
84.086637,hover,0.101667,0.154167,0.700000,0.000000,0.000000,0.000000,0.000000,0.000000,0.123333,2.101667,1.345833,1.654167,,0.700000
84.198658,hover,0.101667,0.154167,0.700000,0.000000,0.000000,0.000000,0.000000,0.000000,0.123333,2.101667,1.345833,1.654167,,0.700000
84.317869,hover,0.101667,0.154167,0.700000,0.000000,0.000000,0.000000,0.000000,0.000000,0.123333,2.101667,1.345833,1.654167,,0.700000
84.415929,hover,0.101667,0.154167,0.700000,0.000000,0.000000,0.000000,0.000000,0.000000,0.123333,2.101667,1.345833,1.654167,,0.700000
84.534802,hover,0.101667,0.154167,0.700000,0.000000,0.000000,0.000000,0.000000,0.000000,0.123333,2.101667,1.345833,1.654167,,0.700000
84.636487,hover,0.101667,0.154167,0.700000,0.000000,0.000000,0.000000,0.000000,0.000000,0.123333,2.101667,1.345833,1.654167,,0.700000
84.735172,hover,0.101667,0.154167,0.700000,0.000000,0.000000,0.000000,0.000000,0.000000,0.123333,2.101667,1.345833,1.654167,,0.700000
84.853580,hover,0.101667,0.154167,0.700000,0.000000,0.000000,0.000000,0.000000,0.000000,0.123333,2.101667,1.345833,1.654167,,0.700000
84.949322,hover,0.101667,0.154167,0.700000,0.000000,0.000000,0.000000,0.000000,0.000000,0.123333,2.101667,1.345833,1.654167,,0.700000
85.068404,hover,0.101667,0.154167,0.700000,0.000000,0.000000,0.000000,0.000000,0.000000,0.123333,2.101667,1.345833,1.654167,,0.700000
85.167297,hover,0.101667,0.154167,0.700000,0.000000,0.000000,0.000000,0.000000,0.000000,0.123333,2.101667,1.345833,1.654167,,0.700000
85.281236,hover,0.101667,0.154167,0.700000,0.000000,0.000000,0.000000,0.000000,0.000000,0.123333,2.101667,1.345833,1.654167,,0.700000
85.390439,hover,0.101667,0.154167,0.700000,0.000000,0.000000,0.000000,0.000000,0.000000,0.123333,2.101667,1.345833,1.654167,,0.700000
85.502975,hover,0.101667,0.154167,0.700000,0.000000,0.000000,0.000000,0.000000,0.000000,0.123333,2.101667,1.345833,1.654167,,0.700000
85.618933,back,0.090000,0.154167,0.700000,0.000000,-0.350000,0.000000,0.000000,0.000000,0.135000,2.090000,1.345833,1.654167,,0.700000
85.755410,back,0.072500,0.154167,0.700000,0.000000,-0.350000,0.000000,0.000000,0.000000,0.152500,2.072500,1.345833,1.654167,,0.700000
85.839966,hover,0.072500,0.154167,0.700000,0.000000,0.000000,0.000000,0.000000,0.000000,0.152500,2.072500,1.345833,1.654167,,0.700000
85.931591,hover,0.072500,0.154167,0.700000,0.000000,0.000000,0.000000,0.000000,0.000000,0.152500,2.072500,1.345833,1.654167,,0.700000
86.045909,back,0.066667,0.154167,0.700000,0.000000,-0.350000,0.000000,0.000000,0.000000,0.158333,2.066667,1.345833,1.654167,,0.700000
86.154371,back,0.049167,0.154167,0.700000,0.000000,-0.350000,0.000000,0.000000,0.000000,0.175833,2.049167,1.345833,1.654167,,0.700000
86.267109,back,0.031667,0.154167,0.700000,0.000000,-0.350000,0.000000,0.000000,0.000000,0.193333,2.031667,1.345833,1.654167,,0.700000
86.379404,back,0.014167,0.154167,0.700000,0.000000,-0.350000,0.000000,0.000000,0.000000,0.210833,2.014167,1.345833,1.654167,,0.700000
86.490681,back,-0.003333,0.154167,0.700000,0.000000,-0.350000,0.000000,0.000000,0.000000,0.228333,1.996667,1.345833,1.654167,,0.700000
86.604807,back,-0.020833,0.154167,0.700000,0.000000,-0.350000,0.000000,0.000000,0.000000,0.245833,1.979167,1.345833,1.654167,,0.700000
86.715909,back,-0.038333,0.154167,0.700000,0.000000,-0.350000,0.000000,0.000000,0.000000,0.263333,1.961667,1.345833,1.654167,,0.700000
86.831488,back,-0.055833,0.154167,0.700000,0.000000,-0.350000,0.000000,0.000000,0.000000,0.280833,1.944167,1.345833,1.654167,,0.700000
86.940347,back,-0.073333,0.154167,0.700000,0.000000,-0.350000,0.000000,0.000000,0.000000,0.298333,1.926667,1.345833,1.654167,,0.700000
87.055686,back,-0.090833,0.154167,0.700000,0.000000,-0.350000,0.000000,0.000000,0.000000,0.315833,1.909167,1.345833,1.654167,,0.700000
87.169999,forward,-0.096667,0.154167,0.700000,0.000000,0.350000,0.000000,0.000000,0.000000,0.321667,1.903333,1.345833,1.654167,,0.700000
87.280308,forward,-0.079167,0.154167,0.700000,0.000000,0.350000,0.000000,0.000000,0.000000,0.304167,1.920833,1.345833,1.654167,,0.700000
87.392187,forward,-0.061667,0.154167,0.700000,0.000000,0.350000,0.000000,0.000000,0.000000,0.286667,1.938333,1.345833,1.654167,,0.700000
87.502232,hover,-0.050000,0.154167,0.700000,0.000000,0.000000,0.000000,0.000000,0.000000,0.275000,1.950000,1.345833,1.654167,,0.700000
87.612792,hover,-0.050000,0.154167,0.700000,0.000000,0.000000,0.000000,0.000000,0.000000,0.275000,1.950000,1.345833,1.654167,,0.700000
87.726420,forward,-0.038333,0.154167,0.700000,0.000000,0.350000,0.000000,0.000000,0.000000,0.263333,1.961667,1.345833,1.654167,,0.700000
87.843566,forward,-0.020833,0.154167,0.700000,0.000000,0.350000,0.000000,0.000000,0.000000,0.245833,1.979167,1.345833,1.654167,,0.700000
87.941700,forward,-0.009167,0.154167,0.700000,0.000000,0.350000,0.000000,0.000000,0.000000,0.234167,1.990833,1.345833,1.654167,,0.700000
88.061146,forward,0.008333,0.154167,0.700000,0.000000,0.350000,0.000000,0.000000,0.000000,0.216667,2.008333,1.345833,1.654167,,0.700000
88.157572,forward,0.020000,0.154167,0.700000,0.000000,0.350000,0.000000,0.000000,0.000000,0.205000,2.020000,1.345833,1.654167,,0.700000
88.276779,forward,0.037500,0.154167,0.700000,0.000000,0.350000,0.000000,0.000000,0.000000,0.187500,2.037500,1.345833,1.654167,,0.700000
88.374658,forward,0.049167,0.154167,0.700000,0.000000,0.350000,0.000000,0.000000,0.000000,0.175833,2.049167,1.345833,1.654167,,0.700000
88.495250,forward,0.066667,0.154167,0.700000,0.000000,0.350000,0.000000,0.000000,0.000000,0.158333,2.066667,1.345833,1.654167,,0.700000
88.601800,forward,0.078333,0.154167,0.700000,0.000000,0.350000,0.000000,0.000000,0.000000,0.146667,2.078333,1.345833,1.654167,,0.700000
88.703992,forward,0.090000,0.154167,0.700000,0.000000,0.350000,0.000000,0.000000,0.000000,0.135000,2.090000,1.345833,1.654167,,0.700000
88.802319,forward,0.101667,0.154167,0.700000,0.000000,0.350000,0.000000,0.000000,0.000000,0.123333,2.101667,1.345833,1.654167,,0.700000
88.922721,forward,0.101667,0.154167,0.700000,0.000000,0.350000,0.000000,0.000000,0.000000,0.123333,2.101667,1.345833,1.654167,,0.700000
89.020729,forward,0.101667,0.154167,0.700000,0.000000,0.350000,0.000000,0.000000,0.000000,0.123333,2.101667,1.345833,1.654167,,0.700000
89.143294,forward,0.101667,0.154167,0.700000,0.000000,0.350000,0.000000,0.000000,0.000000,0.123333,2.101667,1.345833,1.654167,,0.700000
89.239662,forward,0.101667,0.154167,0.700000,0.000000,0.350000,0.000000,0.000000,0.000000,0.123333,2.101667,1.345833,1.654167,,0.700000
89.360424,forward,0.101667,0.154167,0.700000,0.000000,0.350000,0.000000,0.000000,0.000000,0.123333,2.101667,1.345833,1.654167,,0.700000
89.459563,forward,0.101667,0.154167,0.700000,0.000000,0.350000,0.000000,0.000000,0.000000,0.123333,2.101667,1.345833,1.654167,,0.700000
89.577753,forward,0.101667,0.154167,0.700000,0.000000,0.350000,0.000000,0.000000,0.000000,0.123333,2.101667,1.345833,1.654167,,0.700000
89.678993,forward,0.101667,0.154167,0.700000,0.000000,0.350000,0.000000,0.000000,0.000000,0.123333,2.101667,1.345833,1.654167,,0.700000
89.780926,forward,0.101667,0.154167,0.700000,0.000000,0.350000,0.000000,0.000000,0.000000,0.123333,2.101667,1.345833,1.654167,,0.700000
89.880597,forward,0.101667,0.154167,0.700000,0.000000,0.350000,0.000000,0.000000,0.000000,0.123333,2.101667,1.345833,1.654167,,0.700000
89.982726,back,0.095833,0.154167,0.700000,0.000000,-0.350000,0.000000,0.000000,0.000000,0.129167,2.095833,1.345833,1.654167,,0.700000
90.083688,back,0.084167,0.154167,0.700000,0.000000,-0.350000,0.000000,0.000000,0.000000,0.140833,2.084167,1.345833,1.654167,,0.700000
90.181863,back,0.072500,0.154167,0.700000,0.000000,-0.350000,0.000000,0.000000,0.000000,0.152500,2.072500,1.345833,1.654167,,0.700000
90.299728,hover,0.060833,0.154167,0.700000,0.000000,0.000000,0.000000,0.000000,0.000000,0.164167,2.060833,1.345833,1.654167,,0.700000
90.396575,hover,0.060833,0.154167,0.700000,0.000000,0.000000,0.000000,0.000000,0.000000,0.164167,2.060833,1.345833,1.654167,,0.700000
90.520179,back,0.049167,0.154167,0.700000,0.000000,-0.350000,0.000000,0.000000,0.000000,0.175833,2.049167,1.345833,1.654167,,0.700000
90.620047,back,0.037500,0.154167,0.700000,0.000000,-0.350000,0.000000,0.000000,0.000000,0.187500,2.037500,1.345833,1.654167,,0.700000
90.741649,back,0.020000,0.154167,0.700000,0.000000,-0.350000,0.000000,0.000000,0.000000,0.205000,2.020000,1.345833,1.654167,,0.700000
90.842461,back,0.008333,0.154167,0.700000,0.000000,-0.350000,0.000000,0.000000,0.000000,0.216667,2.008333,1.345833,1.654167,,0.700000
90.943294,back,-0.003333,0.154167,0.700000,0.000000,-0.350000,0.000000,0.000000,0.000000,0.228333,1.996667,1.345833,1.654167,,0.700000
91.044673,back,-0.015000,0.154167,0.700000,0.000000,-0.350000,0.000000,0.000000,0.000000,0.240000,1.985000,1.345833,1.654167,,0.700000
91.145528,back,-0.026667,0.154167,0.700000,0.000000,-0.350000,0.000000,0.000000,0.000000,0.251667,1.973333,1.345833,1.654167,,0.700000
91.243590,forward,-0.026667,0.154167,0.700000,0.000000,0.350000,0.000000,0.000000,0.000000,0.251667,1.973333,1.345833,1.654167,,0.700000
91.360200,forward,-0.009167,0.154167,0.700000,0.000000,0.350000,0.000000,0.000000,0.000000,0.234167,1.990833,1.345833,1.654167,,0.700000
91.474221,forward,0.008333,0.154167,0.700000,0.000000,0.350000,0.000000,0.000000,0.000000,0.216667,2.008333,1.345833,1.654167,,0.700000
91.591747,hover,0.020000,0.154167,0.700000,0.000000,0.000000,0.000000,0.000000,0.000000,0.205000,2.020000,1.345833,1.654167,,0.700000
91.693180,hover,0.020000,0.154167,0.700000,0.000000,0.000000,0.000000,0.000000,0.000000,0.205000,2.020000,1.345833,1.654167,,0.700000
91.793204,forward,0.025833,0.154167,0.700000,0.000000,0.350000,0.000000,0.000000,0.000000,0.199167,2.025833,1.345833,1.654167,,0.700000
91.893643,forward,0.037500,0.154167,0.700000,0.000000,0.350000,0.000000,0.000000,0.000000,0.187500,2.037500,1.345833,1.654167,,0.700000
91.994787,forward,0.049167,0.154167,0.700000,0.000000,0.350000,0.000000,0.000000,0.000000,0.175833,2.049167,1.345833,1.654167,,0.700000
92.093748,forward,0.060833,0.154167,0.700000,0.000000,0.350000,0.000000,0.000000,0.000000,0.164167,2.060833,1.345833,1.654167,,0.700000
92.211792,forward,0.078333,0.154167,0.700000,0.000000,0.350000,0.000000,0.000000,0.000000,0.146667,2.078333,1.345833,1.654167,,0.700000
92.311300,forward,0.090000,0.154167,0.700000,0.000000,0.350000,0.000000,0.000000,0.000000,0.135000,2.090000,1.345833,1.654167,,0.700000
92.431093,forward,0.101667,0.154167,0.700000,0.000000,0.350000,0.000000,0.000000,0.000000,0.123333,2.101667,1.345833,1.654167,,0.700000
92.539306,forward,0.101667,0.154167,0.700000,0.000000,0.350000,0.000000,0.000000,0.000000,0.123333,2.101667,1.345833,1.654167,,0.700000
92.640859,forward,0.101667,0.154167,0.700000,0.000000,0.350000,0.000000,0.000000,0.000000,0.123333,2.101667,1.345833,1.654167,,0.700000
92.741390,forward,0.101667,0.154167,0.700000,0.000000,0.350000,0.000000,0.000000,0.000000,0.123333,2.101667,1.345833,1.654167,,0.700000
92.844607,forward,0.101667,0.154167,0.700000,0.000000,0.350000,0.000000,0.000000,0.000000,0.123333,2.101667,1.345833,1.654167,,0.700000
92.947739,forward,0.101667,0.154167,0.700000,0.000000,0.350000,0.000000,0.000000,0.000000,0.123333,2.101667,1.345833,1.654167,,0.700000
93.049212,back,0.095833,0.154167,0.700000,0.000000,-0.350000,0.000000,0.000000,0.000000,0.129167,2.095833,1.345833,1.654167,,0.700000
93.140674,back,0.084167,0.154167,0.700000,0.000000,-0.350000,0.000000,0.000000,0.000000,0.140833,2.084167,1.345833,1.654167,,0.700000
93.252953,back,0.066667,0.154167,0.700000,0.000000,-0.350000,0.000000,0.000000,0.000000,0.158333,2.066667,1.345833,1.654167,,0.700000
93.372352,forward,0.060833,0.154167,0.700000,0.000000,0.350000,0.000000,0.000000,0.000000,0.164167,2.060833,1.345833,1.654167,,0.700000
93.474540,forward,0.072500,0.154167,0.700000,0.000000,0.350000,0.000000,0.000000,0.000000,0.152500,2.072500,1.345833,1.654167,,0.700000
93.578053,forward,0.084167,0.154167,0.700000,0.000000,0.350000,0.000000,0.000000,0.000000,0.140833,2.084167,1.345833,1.654167,,0.700000
93.680334,hover,0.090000,0.154167,0.700000,0.000000,0.000000,0.000000,0.000000,0.000000,0.135000,2.090000,1.345833,1.654167,,0.700000
93.782897,hover,0.090000,0.154167,0.700000,0.000000,0.000000,0.000000,0.000000,0.000000,0.135000,2.090000,1.345833,1.654167,,0.700000
93.888730,hover,0.090000,0.154167,0.700000,0.000000,0.000000,0.000000,0.000000,0.000000,0.135000,2.090000,1.345833,1.654167,,0.700000
93.985849,hover,0.090000,0.154167,0.700000,0.000000,0.000000,0.000000,0.000000,0.000000,0.135000,2.090000,1.345833,1.654167,,0.700000
94.100954,hover,0.090000,0.154167,0.700000,0.000000,0.000000,0.000000,0.000000,0.000000,0.135000,2.090000,1.345833,1.654167,,0.700000
94.212023,hover,0.090000,0.154167,0.700000,0.000000,0.000000,0.000000,0.000000,0.000000,0.135000,2.090000,1.345833,1.654167,,0.700000
94.329951,hover,0.090000,0.154167,0.700000,0.000000,0.000000,0.000000,0.000000,0.000000,0.135000,2.090000,1.345833,1.654167,,0.700000
94.425550,hover,0.090000,0.154167,0.700000,0.000000,0.000000,0.000000,0.000000,0.000000,0.135000,2.090000,1.345833,1.654167,,0.700000
94.540374,hover,0.090000,0.154167,0.700000,0.000000,0.000000,0.000000,0.000000,0.000000,0.135000,2.090000,1.345833,1.654167,,0.700000
94.656499,back,0.084167,0.154167,0.700000,0.000000,-0.350000,0.000000,0.000000,0.000000,0.140833,2.084167,1.345833,1.654167,,0.700000
94.764770,back,0.066667,0.154167,0.700000,0.000000,-0.350000,0.000000,0.000000,0.000000,0.158333,2.066667,1.345833,1.654167,,0.700000
94.876845,forward,0.060833,0.154167,0.700000,0.000000,0.350000,0.000000,0.000000,0.000000,0.164167,2.060833,1.345833,1.654167,,0.700000
94.989607,forward,0.078333,0.154167,0.700000,0.000000,0.350000,0.000000,0.000000,0.000000,0.146667,2.078333,1.345833,1.654167,,0.700000
95.100672,forward,0.095833,0.154167,0.700000,0.000000,0.350000,0.000000,0.000000,0.000000,0.129167,2.095833,1.345833,1.654167,,0.700000
95.216483,forward,0.101667,0.154167,0.700000,0.000000,0.350000,0.000000,0.000000,0.000000,0.123333,2.101667,1.345833,1.654167,,0.700000
95.327047,forward,0.101667,0.154167,0.700000,0.000000,0.350000,0.000000,0.000000,0.000000,0.123333,2.101667,1.345833,1.654167,,0.700000
95.441291,forward,0.101667,0.154167,0.700000,0.000000,0.350000,0.000000,0.000000,0.000000,0.123333,2.101667,1.345833,1.654167,,0.700000
95.552499,forward,0.101667,0.154167,0.700000,0.000000,0.350000,0.000000,0.000000,0.000000,0.123333,2.101667,1.345833,1.654167,,0.700000
95.666638,back,0.095833,0.154167,0.700000,0.000000,-0.350000,0.000000,0.000000,0.000000,0.129167,2.095833,1.345833,1.654167,,0.700000
95.784640,back,0.078333,0.154167,0.700000,0.000000,-0.350000,0.000000,0.000000,0.000000,0.146667,2.078333,1.345833,1.654167,,0.700000
95.882460,back,0.066667,0.154167,0.700000,0.000000,-0.350000,0.000000,0.000000,0.000000,0.158333,2.066667,1.345833,1.654167,,0.700000
95.996924,hover,0.055000,0.154167,0.700000,0.000000,0.000000,0.000000,0.000000,0.000000,0.170000,2.055000,1.345833,1.654167,,0.700000
96.112667,hover,0.055000,0.154167,0.700000,0.000000,0.000000,0.000000,0.000000,0.000000,0.170000,2.055000,1.345833,1.654167,,0.700000
96.228263,back,0.049167,0.154167,0.700000,0.000000,-0.350000,0.000000,0.000000,0.000000,0.175833,2.049167,1.345833,1.654167,,0.700000
96.342082,back,0.031667,0.154167,0.700000,0.000000,-0.350000,0.000000,0.000000,0.000000,0.193333,2.031667,1.345833,1.654167,,0.700000
96.456669,forward,0.025833,0.154167,0.700000,0.000000,0.350000,0.000000,0.000000,0.000000,0.199167,2.025833,1.345833,1.654167,,0.700000
96.570239,forward,0.043333,0.154167,0.700000,0.000000,0.350000,0.000000,0.000000,0.000000,0.181667,2.043333,1.345833,1.654167,,0.700000
96.688579,forward,0.060833,0.154167,0.700000,0.000000,0.350000,0.000000,0.000000,0.000000,0.164167,2.060833,1.345833,1.654167,,0.700000
96.787860,hover,0.066667,0.154167,0.700000,0.000000,0.000000,0.000000,0.000000,0.000000,0.158333,2.066667,1.345833,1.654167,,0.700000
96.910041,hover,0.066667,0.154167,0.700000,0.000000,0.000000,0.000000,0.000000,0.000000,0.158333,2.066667,1.345833,1.654167,,0.700000
97.017843,forward,0.078333,0.154167,0.700000,0.000000,0.350000,0.000000,0.000000,0.000000,0.146667,2.078333,1.345833,1.654167,,0.700000
97.116618,left,0.084167,0.158333,0.700000,0.000000,0.000000,0.250000,0.000000,0.000000,0.140833,2.084167,1.341667,1.658333,,0.700000
97.239095,left,0.084167,0.170833,0.700000,0.000000,0.000000,0.250000,0.000000,0.000000,0.140833,2.084167,1.329167,1.670833,,0.700000
97.337232,left,0.084167,0.179167,0.700000,0.000000,0.000000,0.250000,0.000000,0.000000,1.915833,2.084167,1.320833,1.679167,,0.700000
97.454047,hover,0.084167,0.187500,0.700000,0.000000,0.000000,0.000000,0.000000,0.000000,1.915833,2.084167,1.312500,1.687500,,0.700000
97.572241,hover,0.084167,0.187500,0.700000,0.000000,0.000000,0.000000,0.000000,0.000000,1.915833,2.084167,1.312500,1.687500,,0.700000
97.672536,left,0.084167,0.191667,0.700000,0.000000,0.000000,0.250000,0.000000,0.000000,1.915833,2.084167,1.308333,1.691667,,0.700000
97.771713,left,0.084167,0.200000,0.700000,0.000000,0.000000,0.250000,0.000000,0.000000,1.915833,2.084167,1.300000,1.700000,,0.700000
97.883371,right,0.084167,0.195833,0.700000,0.000000,0.000000,-0.250000,0.000000,0.000000,1.915833,2.084167,1.304167,1.695833,,0.700000
97.999517,right,0.084167,0.183333,0.700000,0.000000,0.000000,-0.250000,0.000000,0.000000,1.915833,2.084167,1.316667,1.683333,,0.700000
98.111415,hover,0.084167,0.175000,0.700000,0.000000,0.000000,0.000000,0.000000,0.000000,0.140833,2.084167,1.325000,1.675000,,0.700000
98.224222,hover,0.084167,0.175000,0.700000,0.000000,0.000000,0.000000,0.000000,0.000000,0.140833,2.084167,1.325000,1.675000,,0.700000
98.335842,right,0.084167,0.170833,0.700000,0.000000,0.000000,-0.250000,0.000000,0.000000,0.140833,2.084167,1.329167,1.670833,,0.700000
98.453687,left,0.084167,0.166667,0.700000,0.000000,0.000000,0.250000,0.000000,0.000000,0.140833,2.084167,1.333333,1.666667,,0.700000
98.559244,left,0.084167,0.175000,0.700000,0.000000,0.000000,0.250000,0.000000,0.000000,0.140833,2.084167,1.325000,1.675000,,0.700000
98.667032,left,0.084167,0.183333,0.700000,0.000000,0.000000,0.250000,0.000000,0.000000,1.915833,2.084167,1.316667,1.683333,,0.700000
98.770902,hover,0.084167,0.187500,0.700000,0.000000,0.000000,0.000000,0.000000,0.000000,1.915833,2.084167,1.312500,1.687500,,0.700000
98.874240,hover,0.084167,0.187500,0.700000,0.000000,0.000000,0.000000,0.000000,0.000000,1.915833,2.084167,1.312500,1.687500,,0.700000
98.973167,right,0.084167,0.183333,0.700000,0.000000,0.000000,-0.250000,0.000000,0.000000,1.915833,2.084167,1.316667,1.683333,,0.700000
99.091842,right,0.084167,0.170833,0.700000,0.000000,0.000000,-0.250000,0.000000,0.000000,0.140833,2.084167,1.329167,1.670833,,0.700000
99.193467,right,0.084167,0.162500,0.700000,0.000000,0.000000,-0.250000,0.000000,0.000000,0.140833,2.084167,1.337500,1.662500,,0.700000
99.293397,hover,0.084167,0.158333,0.700000,0.000000,0.000000,0.000000,0.000000,0.000000,0.140833,2.084167,1.341667,1.658333,,0.700000
99.399619,hover,0.084167,0.158333,0.700000,0.000000,0.000000,0.000000,0.000000,0.000000,0.140833,2.084167,1.341667,1.658333,,0.700000
99.504306,right,0.084167,0.154167,0.700000,0.000000,0.000000,-0.250000,0.000000,0.000000,0.140833,2.084167,1.345833,1.654167,,0.700000
99.606527,right,0.084167,0.145833,0.700000,0.000000,0.000000,-0.250000,0.000000,0.000000,0.140833,2.084167,1.354167,1.645833,,0.700000
99.701704,left,0.084167,0.145833,0.700000,0.000000,0.000000,0.250000,0.000000,0.000000,0.140833,2.084167,1.354167,1.645833,,0.700000
99.820415,left,0.084167,0.158333,0.700000,0.000000,0.000000,0.250000,0.000000,0.000000,0.140833,2.084167,1.341667,1.658333,,0.700000
99.919648,left,0.084167,0.166667,0.700000,0.000000,0.000000,0.250000,0.000000,0.000000,0.140833,2.084167,1.333333,1.666667,,0.700000
100.037905,hover,0.084167,0.175000,0.700000,0.000000,0.000000,0.000000,0.000000,0.000000,0.140833,2.084167,1.325000,1.675000,,0.700000
100.140806,hover,0.084167,0.175000,0.700000,0.000000,0.000000,0.000000,0.000000,0.000000,0.140833,2.084167,1.325000,1.675000,,0.700000
100.241778,left,0.084167,0.179167,0.700000,0.000000,0.000000,0.250000,0.000000,0.000000,1.915833,2.084167,1.320833,1.679167,,0.700000
100.346635,right,0.084167,0.179167,0.700000,0.000000,0.000000,-0.250000,0.000000,0.000000,1.915833,2.084167,1.320833,1.679167,,0.700000
100.447322,right,0.084167,0.170833,0.700000,0.000000,0.000000,-0.250000,0.000000,0.000000,0.140833,2.084167,1.329167,1.670833,,0.700000
100.545956,right,0.084167,0.162500,0.700000,0.000000,0.000000,-0.250000,0.000000,0.000000,0.140833,2.084167,1.337500,1.662500,,0.700000
100.670786,hover,0.084167,0.154167,0.700000,0.000000,0.000000,0.000000,0.000000,0.000000,0.140833,2.084167,1.345833,1.654167,,0.700000
100.774719,hover,0.084167,0.154167,0.700000,0.000000,0.000000,0.000000,0.000000,0.000000,0.140833,2.084167,1.345833,1.654167,,0.700000
100.877027,right,0.084167,0.150000,0.700000,0.000000,0.000000,-0.250000,0.000000,0.000000,0.140833,2.084167,1.350000,1.650000,,0.700000
100.978512,right,0.084167,0.141667,0.700000,0.000000,0.000000,-0.250000,0.000000,0.000000,0.140833,2.084167,1.358333,1.641667,,0.700000
101.084267,right,0.084167,0.133333,0.700000,0.000000,0.000000,-0.250000,0.000000,0.000000,0.140833,2.084167,1.366667,1.633333,,0.700000
101.187117,left,0.084167,0.133333,0.700000,0.000000,0.000000,0.250000,0.000000,0.000000,0.140833,2.084167,1.366667,1.633333,,0.700000
101.293539,left,0.084167,0.141667,0.700000,0.000000,0.000000,0.250000,0.000000,0.000000,0.140833,2.084167,1.358333,1.641667,,0.700000
101.393071,left,0.084167,0.150000,0.700000,0.000000,0.000000,0.250000,0.000000,0.000000,0.140833,2.084167,1.350000,1.650000,,0.700000
101.514747,hover,0.084167,0.158333,0.700000,0.000000,0.000000,0.000000,0.000000,0.000000,0.140833,2.084167,1.341667,1.658333,,0.700000
101.615939,hover,0.084167,0.158333,0.700000,0.000000,0.000000,0.000000,0.000000,0.000000,0.140833,2.084167,1.341667,1.658333,,0.700000
101.717123,left,0.084167,0.162500,0.700000,0.000000,0.000000,0.250000,0.000000,0.000000,0.140833,2.084167,1.337500,1.662500,,0.700000
101.818328,left,0.084167,0.170833,0.700000,0.000000,0.000000,0.250000,0.000000,0.000000,0.140833,2.084167,1.329167,1.670833,,0.700000
101.918765,left,0.084167,0.179167,0.700000,0.000000,0.000000,0.250000,0.000000,0.000000,1.915833,2.084167,1.320833,1.679167,,0.700000
102.019630,left,0.084167,0.187500,0.700000,0.000000,0.000000,0.250000,0.000000,0.000000,1.915833,2.084167,1.312500,1.687500,,0.700000
102.122381,left,0.084167,0.195833,0.700000,0.000000,0.000000,0.250000,0.000000,0.000000,1.915833,2.084167,1.304167,1.695833,,0.700000
102.226058,left,0.084167,0.204167,0.700000,0.000000,0.000000,0.250000,0.000000,0.000000,1.915833,2.084167,1.295833,1.704167,,0.700000
102.324707,left,0.084167,0.212500,0.700000,0.000000,0.000000,0.250000,0.000000,0.000000,1.915833,2.084167,1.287500,1.712500,,0.700000
102.448107,right,0.084167,0.216667,0.700000,0.000000,0.000000,-0.250000,0.000000,0.000000,1.915833,2.084167,1.283333,1.716667,,0.700000
102.547549,right,0.084167,0.208333,0.700000,0.000000,0.000000,-0.250000,0.000000,0.000000,1.915833,2.084167,1.291667,1.708333,,0.700000
102.671072,right,0.084167,0.195833,0.700000,0.000000,0.000000,-0.250000,0.000000,0.000000,1.915833,2.084167,1.304167,1.695833,,0.700000
102.773548,hover,0.084167,0.191667,0.700000,0.000000,0.000000,0.000000,0.000000,0.000000,1.915833,2.084167,1.308333,1.691667,,0.700000
102.878543,hover,0.084167,0.191667,0.700000,0.000000,0.000000,0.000000,0.000000,0.000000,1.915833,2.084167,1.308333,1.691667,,0.700000
102.973100,right,0.084167,0.187500,0.700000,0.000000,0.000000,-0.250000,0.000000,0.000000,1.915833,2.084167,1.312500,1.687500,,0.700000
103.088991,right,0.084167,0.175000,0.700000,0.000000,0.000000,-0.250000,0.000000,0.000000,0.140833,2.084167,1.325000,1.675000,,0.700000
103.209128,right,0.084167,0.162500,0.700000,0.000000,0.000000,-0.250000,0.000000,0.000000,0.140833,2.084167,1.337500,1.662500,,0.700000
103.310234,right,0.084167,0.154167,0.700000,0.000000,0.000000,-0.250000,0.000000,0.000000,0.140833,2.084167,1.345833,1.654167,,0.700000
103.411105,right,0.084167,0.145833,0.700000,0.000000,0.000000,-0.250000,0.000000,0.000000,0.140833,2.084167,1.354167,1.645833,,0.700000
103.512929,right,0.084167,0.137500,0.700000,0.000000,0.000000,-0.250000,0.000000,0.000000,0.140833,2.084167,1.362500,1.637500,,0.700000
103.615649,left,0.084167,0.137500,0.700000,0.000000,0.000000,0.250000,0.000000,0.000000,0.140833,2.084167,1.362500,1.637500,,0.700000
103.718020,left,0.084167,0.145833,0.700000,0.000000,0.000000,0.250000,0.000000,0.000000,0.140833,2.084167,1.354167,1.645833,,0.700000
103.817726,left,0.084167,0.154167,0.700000,0.000000,0.000000,0.250000,0.000000,0.000000,0.140833,2.084167,1.345833,1.654167,,0.700000
103.936895,hover,0.084167,0.162500,0.700000,0.000000,0.000000,0.000000,0.000000,0.000000,0.140833,2.084167,1.337500,1.662500,,0.700000
104.033855,hover,0.084167,0.162500,0.700000,0.000000,0.000000,0.000000,0.000000,0.000000,0.140833,2.084167,1.337500,1.662500,,0.700000
104.151825,left,0.084167,0.170833,0.700000,0.000000,0.000000,0.250000,0.000000,0.000000,0.140833,2.084167,1.329167,1.670833,,0.700000
104.249807,left,0.084167,0.179167,0.700000,0.000000,0.000000,0.250000,0.000000,0.000000,1.915833,2.084167,1.320833,1.679167,,0.700000
104.366012,left,0.084167,0.191667,0.700000,0.000000,0.000000,0.250000,0.000000,0.000000,1.915833,2.084167,1.308333,1.691667,,0.700000
104.483064,left,0.084167,0.204167,0.700000,0.000000,0.000000,0.250000,0.000000,0.000000,1.915833,2.084167,1.295833,1.704167,,0.700000
104.581674,left,0.084167,0.212500,0.700000,0.000000,0.000000,0.250000,0.000000,0.000000,1.915833,2.084167,1.287500,1.712500,,0.700000
104.706054,left,0.084167,0.225000,0.700000,0.000000,0.000000,0.250000,0.000000,0.000000,1.915833,2.084167,1.275000,1.725000,,0.700000
104.804756,left,0.084167,0.233333,0.700000,0.000000,0.000000,0.250000,0.000000,0.000000,1.915833,2.084167,1.266667,1.733333,,0.700000
104.919997,right,0.084167,0.229167,0.700000,0.000000,0.000000,-0.250000,0.000000,0.000000,1.915833,2.084167,1.270833,1.729167,,0.700000
105.030778,right,0.084167,0.216667,0.700000,0.000000,0.000000,-0.250000,0.000000,0.000000,1.915833,2.084167,1.283333,1.716667,,0.700000
105.144953,hover,0.084167,0.208333,0.700000,0.000000,0.000000,0.000000,0.000000,0.000000,1.915833,2.084167,1.291667,1.708333,,0.700000
105.260925,hover,0.084167,0.208333,0.700000,0.000000,0.000000,0.000000,0.000000,0.000000,1.915833,2.084167,1.291667,1.708333,,0.700000
105.379360,right,0.084167,0.204167,0.700000,0.000000,0.000000,-0.250000,0.000000,0.000000,1.915833,2.084167,1.295833,1.704167,,0.700000
105.479399,forward,0.090000,0.200000,0.700000,0.000000,0.350000,0.000000,0.000000,0.000000,1.910000,2.090000,1.300000,1.700000,,0.700000
105.577820,forward,0.101667,0.200000,0.700000,0.000000,0.350000,0.000000,0.000000,0.000000,1.898333,2.101667,1.300000,1.700000,,0.700000
105.704199,forward,0.101667,0.200000,0.700000,0.000000,0.350000,0.000000,0.000000,0.000000,1.898333,2.101667,1.300000,1.700000,,0.700000
105.801233,hover,0.101667,0.200000,0.700000,0.000000,0.000000,0.000000,0.000000,0.000000,1.898333,2.101667,1.300000,1.700000,,0.700000
105.918232,hover,0.101667,0.200000,0.700000,0.000000,0.000000,0.000000,0.000000,0.000000,1.898333,2.101667,1.300000,1.700000,,0.700000
106.020688,forward,0.101667,0.200000,0.700000,0.000000,0.350000,0.000000,0.000000,0.000000,1.898333,2.101667,1.300000,1.700000,,0.700000
106.122288,forward,0.101667,0.200000,0.700000,0.000000,0.350000,0.000000,0.000000,0.000000,1.898333,2.101667,1.300000,1.700000,,0.700000
106.223839,forward,0.101667,0.200000,0.700000,0.000000,0.350000,0.000000,0.000000,0.000000,1.898333,2.101667,1.300000,1.700000,,0.700000
106.326913,right,0.101667,0.195833,0.700000,0.000000,0.000000,-0.250000,0.000000,0.000000,1.898333,2.101667,1.304167,1.695833,,0.700000
106.425413,right,0.101667,0.187500,0.700000,0.000000,0.000000,-0.250000,0.000000,0.000000,1.898333,2.101667,1.312500,1.687500,,0.700000
106.547678,right,0.101667,0.175000,0.700000,0.000000,0.000000,-0.250000,0.000000,0.000000,0.123333,2.101667,1.325000,1.675000,,0.700000
106.651132,forward,0.101667,0.170833,0.700000,0.000000,0.350000,0.000000,0.000000,0.000000,0.123333,2.101667,1.329167,1.670833,,0.700000
106.751832,forward,0.101667,0.170833,0.700000,0.000000,0.350000,0.000000,0.000000,0.000000,0.123333,2.101667,1.329167,1.670833,,0.700000
106.851821,forward,0.101667,0.170833,0.700000,0.000000,0.350000,0.000000,0.000000,0.000000,0.123333,2.101667,1.329167,1.670833,,0.700000
106.952060,hover,0.101667,0.170833,0.700000,0.000000,0.000000,0.000000,0.000000,0.000000,0.123333,2.101667,1.329167,1.670833,,0.700000
107.057595,hover,0.101667,0.170833,0.700000,0.000000,0.000000,0.000000,0.000000,0.000000,0.123333,2.101667,1.329167,1.670833,,0.700000
107.159902,right,0.101667,0.166667,0.700000,0.000000,0.000000,-0.250000,0.000000,0.000000,0.123333,2.101667,1.333333,1.666667,,0.700000
107.261537,right,0.101667,0.158333,0.700000,0.000000,0.000000,-0.250000,0.000000,0.000000,0.123333,2.101667,1.341667,1.658333,,0.700000
107.360522,back,0.095833,0.154167,0.700000,0.000000,-0.350000,0.000000,0.000000,0.000000,0.129167,2.095833,1.345833,1.654167,,0.700000
107.473490,back,0.078333,0.154167,0.700000,0.000000,-0.350000,0.000000,0.000000,0.000000,0.146667,2.078333,1.345833,1.654167,,0.700000
107.587070,back,0.060833,0.154167,0.700000,0.000000,-0.350000,0.000000,0.000000,0.000000,0.164167,2.060833,1.345833,1.654167,,0.700000
107.707522,hover,0.049167,0.154167,0.700000,0.000000,0.000000,0.000000,0.000000,0.000000,0.175833,2.049167,1.345833,1.654167,,0.700000
107.809923,hover,0.049167,0.154167,0.700000,0.000000,0.000000,0.000000,0.000000,0.000000,0.175833,2.049167,1.345833,1.654167,,0.700000
107.918739,forward,0.060833,0.154167,0.700000,0.000000,0.350000,0.000000,0.000000,0.000000,0.164167,2.060833,1.345833,1.654167,,0.700000
108.014449,forward,0.072500,0.154167,0.700000,0.000000,0.350000,0.000000,0.000000,0.000000,0.152500,2.072500,1.345833,1.654167,,0.700000
108.126268,forward,0.090000,0.154167,0.700000,0.000000,0.350000,0.000000,0.000000,0.000000,0.135000,2.090000,1.345833,1.654167,,0.700000
108.240576,hover,0.090000,0.154167,0.700000,0.000000,0.000000,0.000000,0.000000,0.000000,0.135000,2.090000,1.345833,1.654167,,0.700000
108.369927,forward,0.095833,0.154167,0.700000,0.000000,0.350000,0.000000,0.000000,0.000000,0.129167,2.095833,1.345833,1.654167,,0.700000
108.471161,forward,0.101667,0.154167,0.700000,0.000000,0.350000,0.000000,0.000000,0.000000,0.123333,2.101667,1.345833,1.654167,,0.700000
108.572322,forward,0.101667,0.154167,0.700000,0.000000,0.350000,0.000000,0.000000,0.000000,0.123333,2.101667,1.345833,1.654167,,0.700000
108.671751,back,0.090000,0.154167,0.700000,0.000000,-0.350000,0.000000,0.000000,0.000000,0.135000,2.090000,1.345833,1.654167,,0.700000
108.785924,back,0.072500,0.154167,0.700000,0.000000,-0.350000,0.000000,0.000000,0.000000,0.152500,2.072500,1.345833,1.654167,,0.700000
108.897637,hover,0.060833,0.154167,0.700000,0.000000,0.000000,0.000000,0.000000,0.000000,0.164167,2.060833,1.345833,1.654167,,0.700000
109.018011,forward,0.066667,0.154167,0.700000,0.000000,0.350000,0.000000,0.000000,0.000000,0.158333,2.066667,1.345833,1.654167,,0.700000
109.122092,forward,0.078333,0.154167,0.700000,0.000000,0.350000,0.000000,0.000000,0.000000,0.146667,2.078333,1.345833,1.654167,,0.700000
109.214839,forward,0.090000,0.154167,0.700000,0.000000,0.350000,0.000000,0.000000,0.000000,0.135000,2.090000,1.345833,1.654167,,0.700000
109.331622,hover,0.101667,0.154167,0.700000,0.000000,0.000000,0.000000,0.000000,0.000000,0.123333,2.101667,1.345833,1.654167,,0.700000
109.447989,hover,0.101667,0.154167,0.700000,0.000000,0.000000,0.000000,0.000000,0.000000,0.123333,2.101667,1.345833,1.654167,,0.700000
109.566169,forward,0.101667,0.154167,0.700000,0.000000,0.350000,0.000000,0.000000,0.000000,0.123333,2.101667,1.345833,1.654167,,0.700000
109.667555,forward,0.101667,0.154167,0.700000,0.000000,0.350000,0.000000,0.000000,0.000000,0.123333,2.101667,1.345833,1.654167,,0.700000
109.774230,forward,0.101667,0.154167,0.700000,0.000000,0.350000,0.000000,0.000000,0.000000,0.123333,2.101667,1.345833,1.654167,,0.700000
109.881094,forward,0.101667,0.154167,0.700000,0.000000,0.350000,0.000000,0.000000,0.000000,0.123333,2.101667,1.345833,1.654167,,0.700000
109.983969,forward,0.101667,0.154167,0.700000,0.000000,0.350000,0.000000,0.000000,0.000000,0.123333,2.101667,1.345833,1.654167,,0.700000
110.091140,back,0.090000,0.154167,0.700000,0.000000,-0.350000,0.000000,0.000000,0.000000,0.135000,2.090000,1.345833,1.654167,,0.700000
110.196885,back,0.078333,0.154167,0.700000,0.000000,-0.350000,0.000000,0.000000,0.000000,0.146667,2.078333,1.345833,1.654167,,0.700000
110.297808,back,0.066667,0.154167,0.700000,0.000000,-0.350000,0.000000,0.000000,0.000000,0.158333,2.066667,1.345833,1.654167,,0.700000
110.398170,hover,0.066667,0.154167,0.700000,0.000000,0.000000,0.000000,0.000000,0.000000,0.158333,2.066667,1.345833,1.654167,,0.700000
110.501393,back,0.060833,0.154167,0.700000,0.000000,-0.350000,0.000000,0.000000,0.000000,0.164167,2.060833,1.345833,1.654167,,0.700000
110.601479,back,0.049167,0.154167,0.700000,0.000000,-0.350000,0.000000,0.000000,0.000000,0.175833,2.049167,1.345833,1.654167,,0.700000
110.701909,back,0.037500,0.154167,0.700000,0.000000,-0.350000,0.000000,0.000000,0.000000,0.187500,2.037500,1.345833,1.654167,,0.700000
110.800874,back,0.025833,0.154167,0.700000,0.000000,-0.350000,0.000000,0.000000,0.000000,0.199167,2.025833,1.345833,1.654167,,0.700000
110.915891,forward,0.020000,0.154167,0.700000,0.000000,0.350000,0.000000,0.000000,0.000000,0.205000,2.020000,1.345833,1.654167,,0.700000
111.030099,forward,0.037500,0.154167,0.700000,0.000000,0.350000,0.000000,0.000000,0.000000,0.187500,2.037500,1.345833,1.654167,,0.700000
111.147002,forward,0.055000,0.154167,0.700000,0.000000,0.350000,0.000000,0.000000,0.000000,0.170000,2.055000,1.345833,1.654167,,0.700000
111.246364,hover,0.060833,0.154167,0.700000,0.000000,0.000000,0.000000,0.000000,0.000000,0.164167,2.060833,1.345833,1.654167,,0.700000
111.372825,forward,0.066667,0.154167,0.700000,0.000000,0.350000,0.000000,0.000000,0.000000,0.158333,2.066667,1.345833,1.654167,,0.700000
111.474573,forward,0.078333,0.154167,0.700000,0.000000,0.350000,0.000000,0.000000,0.000000,0.146667,2.078333,1.345833,1.654167,,0.700000
111.572650,forward,0.090000,0.154167,0.700000,0.000000,0.350000,0.000000,0.000000,0.000000,0.135000,2.090000,1.345833,1.654167,,0.700000
111.692339,right,0.101667,0.150000,0.700000,0.000000,0.000000,-0.250000,0.000000,0.000000,0.123333,2.101667,1.350000,1.650000,,0.700000
111.793002,right,0.101667,0.141667,0.700000,0.000000,0.000000,-0.250000,0.000000,0.000000,0.123333,2.101667,1.358333,1.641667,,0.700000
111.897466,right,0.101667,0.133333,0.700000,0.000000,0.000000,-0.250000,0.000000,0.000000,0.123333,2.101667,1.366667,1.633333,,0.700000
112.000216,hover,0.101667,0.129167,0.700000,0.000000,0.000000,0.000000,0.000000,0.000000,0.123333,2.101667,1.370833,1.629167,,0.700000
112.103235,hover,0.101667,0.129167,0.700000,0.000000,0.000000,0.000000,0.000000,0.000000,0.123333,2.101667,1.370833,1.629167,,0.700000
112.207519,right,0.101667,0.125000,0.700000,0.000000,0.000000,-0.250000,0.000000,0.000000,0.123333,2.101667,1.375000,1.625000,,0.700000
112.302952,right,0.101667,0.116667,0.700000,0.000000,0.000000,-0.250000,0.000000,0.000000,0.123333,2.101667,1.383333,1.616667,,0.700000
112.419691,right,0.101667,0.104167,0.700000,0.000000,0.000000,-0.250000,0.000000,0.000000,0.123333,2.101667,1.395833,1.604167,,0.700000
112.532890,forward,0.101667,0.100000,0.700000,0.000000,0.350000,0.000000,0.000000,0.000000,0.123333,2.101667,1.400000,1.600000,,0.700000
112.661585,forward,0.101667,0.100000,0.700000,0.000000,0.350000,0.000000,0.000000,0.000000,0.123333,2.101667,1.400000,1.600000,,0.700000
112.763346,forward,0.101667,0.100000,0.700000,0.000000,0.350000,0.000000,0.000000,0.000000,0.123333,2.101667,1.400000,1.600000,,0.700000
112.866687,forward,0.101667,0.100000,0.700000,0.000000,0.350000,0.000000,0.000000,0.000000,0.123333,2.101667,1.400000,1.600000,,0.700000
112.970250,hover,0.101667,0.100000,0.700000,0.000000,0.000000,0.000000,0.000000,0.000000,0.123333,2.101667,1.400000,1.600000,,0.700000
113.079331,hover,0.101667,0.100000,0.700000,0.000000,0.000000,0.000000,0.000000,0.000000,0.123333,2.101667,1.400000,1.600000,,0.700000
113.180439,forward,0.101667,0.100000,0.700000,0.000000,0.350000,0.000000,0.000000,0.000000,0.123333,2.101667,1.400000,1.600000,,0.700000
113.279137,forward,0.101667,0.100000,0.700000,0.000000,0.350000,0.000000,0.000000,0.000000,0.123333,2.101667,1.400000,1.600000,,0.700000
113.397265,forward,0.101667,0.100000,0.700000,0.000000,0.350000,0.000000,0.000000,0.000000,0.123333,2.101667,1.400000,1.600000,,0.700000
113.496424,hover,0.101667,0.100000,0.700000,0.000000,0.000000,0.000000,0.000000,0.000000,0.123333,2.101667,1.400000,1.600000,,0.700000
113.614626,right,0.101667,0.095833,0.700000,0.000000,0.000000,-0.250000,0.000000,0.000000,0.123333,2.101667,1.404167,1.595833,,0.700000
113.714499,right,0.101667,0.087500,0.700000,0.000000,0.000000,-0.250000,0.000000,0.000000,0.123333,2.101667,1.412500,1.587500,,0.700000
113.837810,right,0.101667,0.075000,0.700000,0.000000,0.000000,-0.250000,0.000000,0.000000,0.123333,2.101667,1.425000,1.575000,,0.700000
113.932459,hover,0.101667,0.070833,0.700000,0.000000,0.000000,0.000000,0.000000,0.000000,0.123333,2.101667,1.429167,1.570833,,0.700000
114.047571,hover,0.101667,0.070833,0.700000,0.000000,0.000000,0.000000,0.000000,0.000000,0.123333,2.101667,1.429167,1.570833,,0.700000
114.160603,right,0.101667,0.066667,0.700000,0.000000,0.000000,-0.250000,0.000000,0.000000,0.123333,2.101667,1.433333,1.566667,,0.700000
114.278841,right,0.101667,0.054167,0.700000,0.000000,0.000000,-0.250000,0.000000,0.000000,0.123333,2.101667,1.445833,1.554167,,0.700000
114.382976,right,0.101667,0.045833,0.700000,0.000000,0.000000,-0.250000,0.000000,0.000000,0.123333,2.101667,1.454167,1.545833,,0.700000
114.482788,right,0.101667,0.037500,0.700000,0.000000,0.000000,-0.250000,0.000000,0.000000,0.123333,2.101667,1.462500,1.537500,,0.700000
114.584385,right,0.101667,0.029167,0.700000,0.000000,0.000000,-0.250000,0.000000,0.000000,0.123333,2.101667,1.470833,1.529167,,0.700000
114.684543,right,0.101667,0.020833,0.700000,0.000000,0.000000,-0.250000,0.000000,0.000000,0.123333,2.101667,1.479167,1.520833,,0.700000
114.782275,right,0.101667,0.012500,0.700000,0.000000,0.000000,-0.250000,0.000000,0.000000,0.123333,2.101667,1.487500,1.512500,,0.700000
114.901970,right,0.101667,-0.000000,0.700000,0.000000,0.000000,-0.250000,0.000000,0.000000,0.123333,2.101667,1.500000,1.500000,,0.700000
115.000782,right,0.101667,-0.008333,0.700000,0.000000,0.000000,-0.250000,0.000000,0.000000,0.123333,2.101667,1.508333,1.491667,,0.700000
115.117747,right,0.101667,-0.020833,0.700000,0.000000,0.000000,-0.250000,0.000000,0.000000,0.123333,2.101667,1.520833,1.479167,,0.700000
115.227753,right,0.101667,-0.033333,0.700000,0.000000,0.000000,-0.250000,0.000000,0.000000,0.123333,2.101667,1.533333,1.466667,,0.700000
115.340969,right,0.101667,-0.045833,0.700000,0.000000,0.000000,-0.250000,0.000000,0.000000,0.123333,2.101667,1.545833,1.454167,,0.700000
115.451586,right,0.101667,-0.058333,0.700000,0.000000,0.000000,-0.250000,0.000000,0.000000,0.123333,2.101667,1.558333,1.441667,,0.700000
115.560985,right,0.101667,-0.070833,0.700000,0.000000,0.000000,-0.250000,0.000000,0.000000,0.123333,2.101667,1.570833,1.429167,,0.700000
115.676133,right,0.101667,-0.083333,0.700000,0.000000,0.000000,-0.250000,0.000000,0.000000,0.123333,2.101667,1.583333,1.416667,,0.700000
115.788821,right,0.101667,-0.095833,0.700000,0.000000,0.000000,-0.250000,0.000000,0.000000,0.123333,2.101667,1.595833,1.404167,,0.700000
115.902744,right,0.101667,-0.108333,0.700000,0.000000,0.000000,-0.250000,0.000000,0.000000,0.123333,2.101667,1.608333,1.391667,,0.700000
116.011338,right,0.101667,-0.120833,0.700000,0.000000,0.000000,-0.250000,0.000000,0.000000,0.123333,2.101667,1.620833,1.379167,,0.700000
116.133840,right,0.101667,-0.133333,0.700000,0.000000,0.000000,-0.250000,0.000000,0.000000,0.123333,2.101667,1.633333,1.366667,,0.700000
116.231681,right,0.101667,-0.141667,0.700000,0.000000,0.000000,-0.250000,0.000000,0.000000,0.123333,2.101667,1.641667,1.358333,,0.700000
116.354144,right,0.101667,-0.154167,0.700000,0.000000,0.000000,-0.250000,0.000000,0.000000,0.123333,2.101667,1.654167,1.345833,,0.700000
116.455389,right,0.101667,-0.162500,0.700000,0.000000,0.000000,-0.250000,0.000000,0.000000,0.123333,2.101667,1.662500,1.337500,,0.700000
116.556730,right,0.101667,-0.170833,0.700000,0.000000,0.000000,-0.250000,0.000000,0.000000,0.123333,2.101667,1.670833,1.329167,,0.700000
116.659744,left,0.101667,-0.170833,0.700000,0.000000,0.000000,0.250000,0.000000,0.000000,0.123333,2.101667,1.670833,1.329167,,0.700000
116.760316,left,0.101667,-0.162500,0.700000,0.000000,0.000000,0.250000,0.000000,0.000000,0.123333,2.101667,1.662500,1.337500,,0.700000
116.863354,left,0.101667,-0.154167,0.700000,0.000000,0.000000,0.250000,0.000000,0.000000,0.123333,2.101667,1.654167,1.345833,,0.700000
116.965682,hover,0.101667,-0.150000,0.700000,0.000000,0.000000,0.000000,0.000000,0.000000,0.123333,2.101667,1.650000,1.350000,,0.700000
117.064070,hover,0.101667,-0.150000,0.700000,0.000000,0.000000,0.000000,0.000000,0.000000,0.123333,2.101667,1.650000,1.350000,,0.700000
117.180840,right,0.101667,-0.154167,0.700000,0.000000,0.000000,-0.250000,0.000000,0.000000,0.123333,2.101667,1.654167,1.345833,,0.700000
117.294087,right,0.101667,-0.166667,0.700000,0.000000,0.000000,-0.250000,0.000000,0.000000,0.123333,2.101667,1.666667,1.333333,,0.700000
117.407676,right,0.101667,-0.179167,0.700000,0.000000,0.000000,-0.250000,0.000000,0.000000,1.898333,2.101667,1.679167,1.320833,,0.700000
117.521835,hover,0.101667,-0.187500,0.700000,0.000000,0.000000,0.000000,0.000000,0.000000,1.898333,2.101667,1.687500,1.312500,,0.700000
117.635547,hover,0.101667,-0.187500,0.700000,0.000000,0.000000,0.000000,0.000000,0.000000,1.898333,2.101667,1.687500,1.312500,,0.700000
117.754305,right,0.101667,-0.200000,0.700000,0.000000,0.000000,-0.250000,0.000000,0.000000,1.898333,2.101667,1.700000,1.300000,,0.700000
117.852277,right,0.101667,-0.208333,0.700000,0.000000,0.000000,-0.250000,0.000000,0.000000,1.898333,2.101667,1.708333,1.291667,,0.700000
117.968029,right,0.101667,-0.220833,0.700000,0.000000,0.000000,-0.250000,0.000000,0.000000,1.898333,2.101667,1.720833,1.279167,,0.700000
118.078902,right,0.101667,-0.233333,0.700000,0.000000,0.000000,-0.250000,0.000000,0.000000,1.898333,2.101667,1.733333,1.266667,,0.700000
118.192849,right,0.101667,-0.245833,0.700000,0.000000,0.000000,-0.250000,0.000000,0.000000,1.898333,2.101667,1.745833,1.254167,,0.700000
118.312866,right,0.101667,-0.258333,0.700000,0.000000,0.000000,-0.250000,0.000000,0.000000,1.898333,2.101667,1.758333,1.241667,,0.700000
118.409467,left,0.101667,-0.258333,0.700000,0.000000,0.000000,0.250000,0.000000,0.000000,1.898333,2.101667,1.758333,1.241667,,0.700000
118.532335,left,0.101667,-0.245833,0.700000,0.000000,0.000000,0.250000,0.000000,0.000000,1.898333,2.101667,1.745833,1.254167,,0.700000
118.633779,left,0.101667,-0.237500,0.700000,0.000000,0.000000,0.250000,0.000000,0.000000,1.898333,2.101667,1.737500,1.262500,,0.700000
118.733810,hover,0.101667,-0.233333,0.700000,0.000000,0.000000,0.000000,0.000000,0.000000,1.898333,2.101667,1.733333,1.266667,,0.700000
118.835222,hover,0.101667,-0.233333,0.700000,0.000000,0.000000,0.000000,0.000000,0.000000,1.898333,2.101667,1.733333,1.266667,,0.700000
118.936778,left,0.101667,-0.225000,0.700000,0.000000,0.000000,0.250000,0.000000,0.000000,1.898333,2.101667,1.725000,1.275000,,0.700000
119.037729,left,0.101667,-0.216667,0.700000,0.000000,0.000000,0.250000,0.000000,0.000000,1.898333,2.101667,1.716667,1.283333,,0.700000
119.138767,left,0.101667,-0.208333,0.700000,0.000000,0.000000,0.250000,0.000000,0.000000,1.898333,2.101667,1.708333,1.291667,,0.700000
119.243199,left,0.101667,-0.200000,0.700000,0.000000,0.000000,0.250000,0.000000,0.000000,1.898333,2.101667,1.700000,1.300000,,0.700000
119.346085,left,0.101667,-0.191667,0.700000,0.000000,0.000000,0.250000,0.000000,0.000000,1.898333,2.101667,1.691667,1.308333,,0.700000
119.448913,left,0.101667,-0.183333,0.700000,0.000000,0.000000,0.250000,0.000000,0.000000,1.898333,2.101667,1.683333,1.316667,,0.700000
119.550359,left,0.101667,-0.175000,0.700000,0.000000,0.000000,0.250000,0.000000,0.000000,1.898333,2.101667,1.675000,1.325000,,0.700000
119.653628,left,0.101667,-0.166667,0.700000,0.000000,0.000000,0.250000,0.000000,0.000000,0.123333,2.101667,1.666667,1.333333,,0.700000
119.756226,left,0.101667,-0.158333,0.700000,0.000000,0.000000,0.250000,0.000000,0.000000,0.123333,2.101667,1.658333,1.341667,,0.700000
119.851009,left,0.101667,-0.150000,0.700000,0.000000,0.000000,0.250000,0.000000,0.000000,0.123333,2.101667,1.650000,1.350000,,0.700000
119.962820,left,0.101667,-0.137500,0.700000,0.000000,0.000000,0.250000,0.000000,0.000000,0.123333,2.101667,1.637500,1.362500,,0.700000
120.078697,left,0.101667,-0.125000,0.700000,0.000000,0.000000,0.250000,0.000000,0.000000,0.123333,2.101667,1.625000,1.375000,,0.700000
120.193072,left,0.101667,-0.112500,0.700000,0.000000,0.000000,0.250000,0.000000,0.000000,0.123333,2.101667,1.612500,1.387500,,0.700000
120.314173,hover,0.101667,-0.104167,0.700000,0.000000,0.000000,0.000000,0.000000,0.000000,0.123333,2.101667,1.604167,1.395833,,0.700000
120.416088,hover,0.101667,-0.104167,0.700000,0.000000,0.000000,0.000000,0.000000,0.000000,0.123333,2.101667,1.604167,1.395833,,0.700000
120.523669,right,0.101667,-0.108333,0.700000,0.000000,0.000000,-0.250000,0.000000,0.000000,0.123333,2.101667,1.608333,1.391667,,0.700000
120.627179,right,0.101667,-0.116667,0.700000,0.000000,0.000000,-0.250000,0.000000,0.000000,0.123333,2.101667,1.616667,1.383333,,0.700000
120.731068,right,0.101667,-0.125000,0.700000,0.000000,0.000000,-0.250000,0.000000,0.000000,0.123333,2.101667,1.625000,1.375000,,0.700000
120.832355,hover,0.101667,-0.129167,0.700000,0.000000,0.000000,0.000000,0.000000,0.000000,0.123333,2.101667,1.629167,1.370833,,0.700000
120.934168,hover,0.101667,-0.129167,0.700000,0.000000,0.000000,0.000000,0.000000,0.000000,0.123333,2.101667,1.629167,1.370833,,0.700000
121.033971,right,0.101667,-0.133333,0.700000,0.000000,0.000000,-0.250000,0.000000,0.000000,0.123333,2.101667,1.633333,1.366667,,0.700000
121.133901,right,0.101667,-0.141667,0.700000,0.000000,0.000000,-0.250000,0.000000,0.000000,0.123333,2.101667,1.641667,1.358333,,0.700000
121.258190,right,0.101667,-0.154167,0.700000,0.000000,0.000000,-0.250000,0.000000,0.000000,0.123333,2.101667,1.654167,1.345833,,0.700000
121.362413,right,0.101667,-0.162500,0.700000,0.000000,0.000000,-0.250000,0.000000,0.000000,0.123333,2.101667,1.662500,1.337500,,0.700000
121.470938,right,0.101667,-0.170833,0.700000,0.000000,0.000000,-0.250000,0.000000,0.000000,0.123333,2.101667,1.670833,1.329167,,0.700000
121.567956,right,0.101667,-0.179167,0.700000,0.000000,0.000000,-0.250000,0.000000,0.000000,1.898333,2.101667,1.679167,1.320833,,0.700000
121.695131,right,0.101667,-0.191667,0.700000,0.000000,0.000000,-0.250000,0.000000,0.000000,1.898333,2.101667,1.691667,1.308333,,0.700000
121.793992,right,0.101667,-0.200000,0.700000,0.000000,0.000000,-0.250000,0.000000,0.000000,1.898333,2.101667,1.700000,1.300000,,0.700000
121.916709,hover,0.101667,-0.208333,0.700000,0.000000,0.000000,0.000000,0.000000,0.000000,1.898333,2.101667,1.708333,1.291667,,0.700000
122.018987,hover,0.101667,-0.208333,0.700000,0.000000,0.000000,0.000000,0.000000,0.000000,1.898333,2.101667,1.708333,1.291667,,0.700000
122.120036,hover,0.101667,-0.208333,0.700000,0.000000,0.000000,0.000000,0.000000,0.000000,1.898333,2.101667,1.708333,1.291667,,0.700000
122.220355,hover,0.101667,-0.208333,0.700000,0.000000,0.000000,0.000000,0.000000,0.000000,1.898333,2.101667,1.708333,1.291667,,0.700000
122.318940,hover,0.101667,-0.208333,0.700000,0.000000,0.000000,0.000000,0.000000,0.000000,1.898333,2.101667,1.708333,1.291667,,0.700000
122.436384,hover,0.101667,-0.208333,0.700000,0.000000,0.000000,0.000000,0.000000,0.000000,1.898333,2.101667,1.708333,1.291667,,0.700000
122.535613,hover,0.101667,-0.208333,0.700000,0.000000,0.000000,0.000000,0.000000,0.000000,1.898333,2.101667,1.708333,1.291667,,0.700000
122.659039,hover,0.101667,-0.208333,0.700000,0.000000,0.000000,0.000000,0.000000,0.000000,1.898333,2.101667,1.708333,1.291667,,0.700000
122.758649,hover,0.101667,-0.208333,0.700000,0.000000,0.000000,0.000000,0.000000,0.000000,1.898333,2.101667,1.708333,1.291667,,0.700000
122.879998,right,0.101667,-0.212500,0.700000,0.000000,0.000000,-0.250000,0.000000,0.000000,1.898333,2.101667,1.712500,1.287500,,0.700000
122.978062,right,0.101667,-0.220833,0.700000,0.000000,0.000000,-0.250000,0.000000,0.000000,1.898333,2.101667,1.720833,1.279167,,0.700000
123.095522,right,0.101667,-0.233333,0.700000,0.000000,0.000000,-0.250000,0.000000,0.000000,1.898333,2.101667,1.733333,1.266667,,0.700000
123.194018,hover,0.101667,-0.237500,0.700000,0.000000,0.000000,0.000000,0.000000,0.000000,1.898333,2.101667,1.737500,1.262500,,0.700000
123.317501,hover,0.101667,-0.237500,0.700000,0.000000,0.000000,0.000000,0.000000,0.000000,1.898333,2.101667,1.737500,1.262500,,0.700000
123.417254,hover,0.101667,-0.237500,0.700000,0.000000,0.000000,0.000000,0.000000,0.000000,1.898333,2.101667,1.737500,1.262500,,0.700000
123.536745,forward,0.101667,-0.237500,0.700000,0.000000,0.350000,0.000000,0.000000,0.000000,1.898333,2.101667,1.737500,1.262500,,0.700000
123.635971,forward,0.101667,-0.237500,0.700000,0.000000,0.350000,0.000000,0.000000,0.000000,1.898333,2.101667,1.737500,1.262500,,0.700000
123.765298,forward,0.101667,-0.237500,0.700000,0.000000,0.350000,0.000000,0.000000,0.000000,1.898333,2.101667,1.737500,1.262500,,0.700000
123.863904,hover,0.101667,-0.237500,0.700000,0.000000,0.000000,0.000000,0.000000,0.000000,1.898333,2.101667,1.737500,1.262500,,0.700000
123.982304,hover,0.101667,-0.237500,0.700000,0.000000,0.000000,0.000000,0.000000,0.000000,1.898333,2.101667,1.737500,1.262500,,0.700000
124.086047,forward,0.101667,-0.237500,0.700000,0.000000,0.350000,0.000000,0.000000,0.000000,1.898333,2.101667,1.737500,1.262500,,0.700000
124.186395,right,0.101667,-0.241667,0.700000,0.000000,0.000000,-0.250000,0.000000,0.000000,1.898333,2.101667,1.741667,1.258333,,0.700000
124.285908,right,0.101667,-0.250000,0.700000,0.000000,0.000000,-0.250000,0.000000,0.000000,1.898333,2.101667,1.750000,1.250000,,0.700000
124.402248,right,0.101667,-0.262500,0.700000,0.000000,0.000000,-0.250000,0.000000,0.000000,1.898333,2.101667,1.762500,1.237500,,0.700000
124.521951,hover,0.101667,-0.270833,0.700000,0.000000,0.000000,0.000000,0.000000,0.000000,1.898333,2.101667,1.770833,1.229167,,0.700000
124.618921,hover,0.101667,-0.270833,0.700000,0.000000,0.000000,0.000000,0.000000,0.000000,1.898333,2.101667,1.770833,1.229167,,0.700000
124.739163,right,0.101667,-0.275000,0.700000,0.000000,0.000000,-0.250000,0.000000,0.000000,1.898333,2.101667,1.775000,1.225000,,0.700000
124.841800,right,0.101667,-0.283333,0.700000,0.000000,0.000000,-0.250000,0.000000,0.000000,1.898333,2.101667,1.783333,1.216667,,0.700000
124.942226,right,0.101667,-0.291667,0.700000,0.000000,0.000000,-0.250000,0.000000,0.000000,1.898333,2.101667,1.791667,1.208333,,0.700000
125.042259,right,0.101667,-0.300000,0.700000,0.000000,0.000000,-0.250000,0.000000,0.000000,1.898333,2.101667,1.800000,1.200000,,0.700000
125.157510,right,0.101667,-0.312500,0.700000,0.000000,0.000000,-0.250000,0.000000,0.000000,1.898333,2.101667,1.812500,1.187500,,0.700000
125.269236,right,0.101667,-0.325000,0.700000,0.000000,0.000000,-0.250000,0.000000,0.000000,1.898333,2.101667,1.825000,1.175000,,0.700000
125.383305,right,0.101667,-0.337500,0.700000,0.000000,0.000000,-0.250000,0.000000,0.000000,1.898333,2.101667,1.837500,1.162500,,0.700000
125.502293,hover,0.101667,-0.345833,0.700000,0.000000,0.000000,0.000000,0.000000,0.000000,1.898333,2.101667,1.845833,1.154167,,0.700000
125.594015,hover,0.101667,-0.345833,0.700000,0.000000,0.000000,0.000000,0.000000,0.000000,1.898333,2.101667,1.845833,1.154167,,0.700000
125.708780,right,0.101667,-0.358333,0.700000,0.000000,0.000000,-0.250000,0.000000,0.000000,1.898333,2.101667,1.858333,1.141667,,0.700000
125.818466,right,0.101667,-0.370833,0.700000,0.000000,0.000000,-0.250000,0.000000,0.000000,1.898333,2.101667,1.870833,1.129167,,0.700000
125.930684,right,0.101667,-0.383333,0.700000,0.000000,0.000000,-0.250000,0.000000,0.000000,1.898333,2.101667,1.883333,1.116667,,0.700000
126.047719,hover,0.101667,-0.391667,0.700000,0.000000,0.000000,0.000000,0.000000,0.000000,1.898333,2.101667,1.891667,1.108333,,0.700000
126.142574,hover,0.101667,-0.391667,0.700000,0.000000,0.000000,0.000000,0.000000,0.000000,1.898333,2.101667,1.891667,1.108333,,0.700000
126.253800,hover,0.101667,-0.391667,0.700000,0.000000,0.000000,0.000000,0.000000,0.000000,1.898333,2.101667,1.891667,1.108333,,0.700000
126.361935,hover,0.101667,-0.391667,0.700000,0.000000,0.000000,0.000000,0.000000,0.000000,1.898333,2.101667,1.891667,1.108333,,0.700000
126.474414,right,0.101667,-0.395833,0.700000,0.000000,0.000000,-0.250000,0.000000,0.000000,1.898333,2.101667,1.895833,1.104167,,0.700000
126.584926,right,0.101667,-0.408333,0.700000,0.000000,0.000000,-0.250000,0.000000,0.000000,1.898333,2.101667,1.908333,1.091667,,0.700000
126.697515,right,0.101667,-0.420833,0.700000,0.000000,0.000000,-0.250000,0.000000,0.000000,1.898333,2.101667,1.920833,1.079167,,0.700000
126.810258,forward,0.107500,-0.429167,0.700000,0.000000,0.350000,0.000000,0.000000,0.000000,1.892500,2.107500,1.929167,1.070833,,0.700000
126.916376,forward,0.125000,-0.429167,0.700000,0.000000,0.350000,0.000000,0.000000,0.000000,1.875000,2.125000,1.929167,1.070833,,0.700000
127.024396,forward,0.142500,-0.429167,0.700000,0.000000,0.350000,0.000000,0.000000,0.000000,1.857500,2.142500,1.929167,1.070833,,0.700000
127.131437,hover,0.154167,-0.429167,0.700000,0.000000,0.000000,0.000000,0.000000,0.000000,1.845833,2.154167,1.929167,1.070833,,0.700000
127.240061,yaw_left,0.154167,-0.429167,0.700000,0.916667,0.000000,0.000000,0.000000,55.000000,1.846070,2.154442,1.929414,1.070970,,0.700000
127.357707,yaw_left,0.154167,-0.429167,0.700000,3.666667,0.000000,0.000000,0.000000,55.000000,1.849620,2.158585,1.933124,1.073030,,0.700000
127.452384,yaw_left,0.154167,-0.429167,0.700000,5.500000,0.000000,0.000000,0.000000,55.000000,1.854370,2.164130,1.938089,1.075786,,0.700000
127.565739,hover,0.154167,-0.429167,0.700000,7.333333,0.000000,0.000000,0.000000,0.000000,1.861056,2.171932,1.945077,1.079665,,0.700000
127.685018,hover,0.154167,-0.429167,0.700000,7.333333,0.000000,0.000000,0.000000,0.000000,1.861056,2.171932,1.945077,1.079665,,0.700000
127.782685,hover,0.154167,-0.429167,0.700000,7.333333,0.000000,0.000000,0.000000,0.000000,1.861056,2.171932,1.945077,1.079665,,0.700000
127.900014,hover,0.154167,-0.429167,0.700000,7.333333,0.000000,0.000000,0.000000,0.000000,1.861056,2.171932,1.945077,1.079665,,0.700000
127.999020,forward,0.159952,-0.428422,0.700000,7.333333,0.350000,0.000000,0.000000,0.000000,1.855223,2.177766,1.944326,1.080415,,0.700000
128.115830,forward,0.177309,-0.426188,0.700000,7.333333,0.350000,0.000000,0.000000,0.000000,1.837723,2.195266,1.942074,1.082667,,0.700000
128.228100,forward,0.194666,-0.423955,0.700000,7.333333,0.350000,0.000000,0.000000,0.000000,1.820223,2.212766,1.939822,1.084920,,0.700000
128.341166,hover,0.206237,-0.422465,0.700000,7.333333,0.000000,0.000000,0.000000,0.000000,1.808556,2.224432,1.938320,1.086421,,0.700000
128.453139,yaw_left,0.206237,-0.422465,0.700000,8.250000,0.000000,0.000000,0.000000,55.000000,1.812520,2.229307,1.942568,1.088802,,0.700000
128.564423,yaw_left,0.206237,-0.422465,0.700000,11.000000,0.000000,0.000000,0.000000,55.000000,1.827336,2.247531,1.958448,1.097702,,0.700000
128.680331,forward,0.211925,-0.421170,0.700000,12.833333,0.350000,0.000000,0.000000,0.000000,1.833885,2.268594,1.970390,1.106469,,0.700000
128.790711,forward,0.228988,-0.417283,0.700000,12.833333,0.350000,0.000000,0.000000,0.000000,1.816385,2.286094,1.966403,1.110456,,0.700000
128.900834,forward,0.246051,-0.413396,0.700000,12.833333,0.350000,0.000000,0.000000,0.000000,1.798885,2.303594,1.962416,1.114443,,0.700000
129.013433,forward,0.263113,-0.409509,0.700000,12.833333,0.350000,0.000000,0.000000,0.000000,1.781385,2.321094,1.958430,1.118429,,0.700000
129.125625,forward,0.280176,-0.405622,0.700000,12.833333,0.350000,0.000000,0.000000,0.000000,1.763885,2.338594,0.236530,1.122416,,0.700000
129.239530,forward,0.297239,-0.401735,0.700000,12.833333,0.350000,0.000000,0.000000,0.000000,1.746385,2.356094,0.232544,1.126403,,0.700000
129.360296,forward,0.314302,-0.397848,0.700000,12.833333,0.350000,0.000000,0.000000,0.000000,1.728885,2.373594,0.228557,1.130389,,0.700000
129.456109,forward,0.325677,-0.395256,0.700000,12.833333,0.350000,0.000000,0.000000,0.000000,1.717218,2.385260,0.225899,1.133047,,0.700000
129.574443,forward,0.342740,-0.391369,0.700000,12.833333,0.350000,0.000000,0.000000,0.000000,1.699718,2.402760,0.221913,1.137033,,0.700000
129.673142,forward,0.354115,-0.388778,0.700000,12.833333,0.350000,0.000000,0.000000,0.000000,1.688052,2.414427,0.219255,1.139691,,0.700000
129.788307,forward,0.371178,-0.384891,0.700000,12.833333,0.350000,0.000000,0.000000,0.000000,1.670552,2.431927,0.215268,1.143678,,0.700000
129.904959,forward,0.388241,-0.381004,0.700000,12.833333,0.350000,0.000000,0.000000,0.000000,1.653052,2.449427,0.211282,1.147664,,0.700000
130.017803,yaw_left,0.399616,-0.378413,0.700000,13.750000,0.000000,0.000000,0.000000,55.000000,1.647601,2.470413,0.209414,1.154678,,0.700000
130.130842,yaw_left,0.399616,-0.378413,0.700000,16.500000,0.000000,0.000000,0.000000,55.000000,1.669118,2.502677,0.212149,1.169758,,0.700000
130.242597,forward,0.405154,-0.376578,0.700000,18.333333,0.350000,0.000000,0.000000,0.000000,1.680125,2.533760,0.212356,1.183493,,0.700000
130.356389,forward,0.421765,-0.371073,0.700000,18.333333,0.350000,0.000000,0.000000,0.000000,1.662625,2.551260,0.206557,1.189292,,0.700000
130.475780,forward,0.438377,-0.365569,0.700000,18.333333,0.350000,0.000000,0.000000,0.000000,1.645125,2.568760,0.200759,1.195091,,0.700000
130.575735,yaw_left,0.443914,-0.363734,0.700000,19.250000,0.000000,0.000000,0.000000,55.000000,1.648240,2.588648,0.199911,1.203558,,0.700000
130.677990,yaw_left,0.443914,-0.363734,0.700000,21.083333,0.000000,0.000000,0.000000,55.000000,1.667726,2.619252,0.202274,1.217787,,0.700000
130.772373,yaw_left,0.443914,-0.363734,0.700000,22.916667,0.000000,0.000000,0.000000,55.000000,1.689429,2.653336,0.204907,1.233634,,0.700000
130.891092,yaw_left,0.443914,-0.363734,0.700000,25.666667,0.000000,0.000000,0.000000,55.000000,1.726434,2.623355,0.209395,1.260656,,0.700000
130.988528,yaw_left,0.443914,-0.363734,0.700000,27.500000,0.000000,0.000000,0.000000,55.000000,1.754303,2.460790,0.212775,1.281006,,0.700000
131.104368,yaw_left,0.454263,-0.358347,0.700000,28.416667,0.000000,0.000000,0.000000,55.000000,1.757498,2.399036,0.208465,1.298056,,0.700000
131.212951,forward,0.459302,-0.355408,0.700000,30.250000,0.350000,0.000000,0.000000,0.000000,1.783555,2.272035,0.208845,1.325012,,0.700000
131.332548,forward,0.474419,-0.346592,0.700000,30.250000,0.350000,0.000000,0.000000,0.000000,1.766055,2.289535,0.198640,1.335217,,0.700000
131.426417,yaw_left,0.479458,-0.343653,0.700000,31.166667,0.000000,0.000000,0.000000,55.000000,1.777029,2.234360,0.197102,1.351400,,0.700000
131.545810,yaw_left,0.479458,-0.343653,0.700000,33.916667,0.000000,0.000000,0.000000,55.000000,1.832310,2.072356,0.203233,1.393441,,0.700000
131.649013,yaw_left,0.479458,-0.343653,0.700000,35.750000,0.000000,0.000000,0.000000,55.000000,1.873572,1.979200,0.207810,1.424820,,0.700000
131.752389,forward,0.484137,-0.340170,0.700000,36.666667,0.350000,0.000000,0.000000,0.000000,1.889813,1.942248,0.205916,1.445950,,0.700000
131.850168,forward,0.493495,-0.333203,0.700000,36.666667,0.350000,0.000000,0.000000,0.000000,1.878147,1.953915,0.197230,1.454636,,0.700000
131.966753,forward,0.507532,-0.322753,0.700000,36.666667,0.350000,0.000000,0.000000,0.000000,1.860647,1.971415,0.184202,1.467664,,0.700000
132.081372,forward,0.521569,-0.312302,0.700000,36.666667,0.350000,0.000000,0.000000,0.000000,1.843147,1.988915,0.171174,1.480692,,0.700000
132.190727,forward,0.535607,-0.301852,0.700000,36.666667,0.350000,0.000000,0.000000,0.000000,1.825647,2.006415,0.158146,1.493720,,0.700000
132.305350,forward,0.540286,-0.298369,0.700000,36.666667,0.350000,0.000000,0.000000,0.000000,1.819813,2.012248,0.153803,1.498063,,0.700000
132.422833,yaw_left,0.540286,-0.298369,0.700000,37.583333,0.000000,0.000000,0.000000,55.000000,1.841987,1.970163,0.155677,1.516317,,0.700000
132.521831,forward,0.540286,-0.298369,0.700000,37.583333,0.350000,0.000000,0.000000,0.000000,1.841987,1.970163,0.155677,1.516317,,0.700000
132.637819,forward,0.540286,-0.298369,0.700000,37.583333,0.350000,0.000000,0.000000,0.000000,1.841987,1.970163,0.155677,1.516317,,0.700000
132.761105,forward,0.540286,-0.298369,0.700000,37.583333,0.350000,0.000000,0.000000,0.000000,1.841987,1.970163,0.155677,1.516317,,0.700000
132.856729,yaw_left,0.540286,-0.298369,0.700000,39.416667,0.000000,0.000000,0.000000,55.000000,1.889478,1.892466,0.159691,1.555411,,0.700000
132.976428,forward,0.540286,-0.298369,0.700000,41.250000,0.350000,0.000000,0.000000,0.000000,1.941523,1.822460,0.164089,1.598254,,0.700000
133.076274,forward,0.540286,-0.298369,0.700000,41.250000,0.350000,0.000000,0.000000,0.000000,1.941523,1.822460,0.164089,1.598254,,0.700000
133.173868,yaw_left,0.540286,-0.298369,0.700000,42.166667,0.000000,0.000000,0.000000,55.000000,1.969406,1.790034,0.166446,1.621207,,0.700000
133.291556,yaw_left,0.540286,-0.298369,0.700000,44.916667,0.000000,0.000000,0.000000,55.000000,2.061352,1.701840,0.174217,1.696897,,0.700000
133.388599,forward,0.540286,-0.298369,0.700000,45.833333,0.350000,0.000000,0.000000,0.000000,2.095040,1.675177,0.177064,1.724628,,0.700000
133.510896,forward,0.540286,-0.298369,0.700000,45.833333,0.350000,0.000000,0.000000,0.000000,2.095040,1.675177,0.177064,1.724628,,0.700000
133.608495,forward,0.540286,-0.298369,0.700000,45.833333,0.350000,0.000000,0.000000,0.000000,2.095040,1.675177,0.177064,1.724628,,0.700000
133.732030,hover,0.540286,-0.298369,0.700000,45.833333,0.000000,0.000000,0.000000,0.000000,2.095040,1.675177,0.177064,1.724628,,0.700000
133.828973,forward,0.540286,-0.298369,0.700000,45.833333,0.350000,0.000000,0.000000,0.000000,2.095040,1.675177,0.177064,1.724628,,0.700000
133.948308,forward,0.540286,-0.298369,0.700000,45.833333,0.350000,0.000000,0.000000,0.000000,2.095040,1.675177,0.177064,1.724628,,0.700000
134.052079,forward,0.540286,-0.298369,0.700000,45.833333,0.350000,0.000000,0.000000,0.000000,2.095040,1.675177,0.177064,1.724628,,0.700000
134.151765,hover,0.540286,-0.298369,0.700000,45.833333,0.000000,0.000000,0.000000,0.000000,2.095040,1.675177,0.177064,1.724628,,0.700000
134.266827,yaw_left,0.540286,-0.298369,0.700000,46.750000,0.000000,0.000000,0.000000,55.000000,2.130401,1.649752,0.180052,1.753738,,0.700000
134.378374,yaw_left,0.540286,-0.298369,0.700000,49.500000,0.000000,0.000000,0.000000,55.000000,2.247623,1.580250,0.189959,1.850235,,0.700000
134.489789,yaw_left,0.540286,-0.298369,0.700000,52.250000,0.000000,0.000000,0.000000,55.000000,2.274431,1.519726,0.201511,1.846128,,0.700000
134.603498,hover,0.540286,-0.298369,0.700000,54.083333,0.000000,0.000000,0.000000,0.000000,2.220562,1.483732,0.210309,1.802404,,0.700000
134.718887,hover,0.540286,-0.298369,0.700000,54.083333,0.000000,0.000000,0.000000,0.000000,2.220562,1.483732,0.210309,1.802404,,0.700000
134.835977,hover,0.540286,-0.298369,0.700000,54.083333,0.000000,0.000000,0.000000,0.000000,2.220562,1.483732,0.210309,1.802404,,0.700000
134.935994,hover,0.540286,-0.298369,0.700000,54.083333,0.000000,0.000000,0.000000,0.000000,2.220562,1.483732,0.210309,1.802404,,0.700000
135.038323,hover,0.540286,-0.298369,0.700000,54.083333,0.000000,0.000000,0.000000,0.000000,2.220562,1.483732,0.210309,1.802404,,0.700000
135.142407,hover,0.540286,-0.298369,0.700000,54.083333,0.000000,0.000000,0.000000,0.000000,2.220562,1.483732,0.210309,1.802404,,0.700000
135.241006,hover,0.540286,-0.298369,0.700000,54.083333,0.000000,0.000000,0.000000,0.000000,2.220562,1.483732,0.210309,1.802404,,0.700000
135.357419,hover,0.540286,-0.298369,0.700000,54.083333,0.000000,0.000000,0.000000,0.000000,2.220562,1.483732,0.210309,1.802404,,0.700000
135.469766,hover,0.540286,-0.298369,0.700000,54.083333,0.000000,0.000000,0.000000,0.000000,2.220562,1.483732,0.210309,1.802404,,0.700000
135.586138,hover,0.540286,-0.298369,0.700000,54.083333,0.000000,0.000000,0.000000,0.000000,2.220562,1.483732,0.210309,1.802404,,0.700000
135.703473,hover,0.540286,-0.298369,0.700000,54.083333,0.000000,0.000000,0.000000,0.000000,2.220562,1.483732,0.210309,1.802404,,0.700000
135.801588,hover,0.540286,-0.298369,0.700000,54.083333,0.000000,0.000000,0.000000,0.000000,2.220562,1.483732,0.210309,1.802404,,0.700000
135.928126,hover,0.540286,-0.298369,0.700000,54.083333,0.000000,0.000000,0.000000,0.000000,2.220562,1.483732,0.210309,1.802404,,0.700000
136.026567,hover,0.540286,-0.298369,0.700000,54.083333,0.000000,0.000000,0.000000,0.000000,2.220562,1.483732,0.210309,1.802404,,0.700000
136.148212,hover,0.540286,-0.298369,0.700000,54.083333,0.000000,0.000000,0.000000,0.000000,2.220562,1.483732,0.210309,1.802404,,0.700000
136.246473,hover,0.540286,-0.298369,0.700000,54.083333,0.000000,0.000000,0.000000,0.000000,2.220562,1.483732,0.210309,1.802404,,0.700000
136.359339,hover,0.540286,-0.298369,0.700000,54.083333,0.000000,0.000000,0.000000,0.000000,2.220562,1.483732,0.210309,1.802404,,0.700000
136.475221,hover,0.540286,-0.298369,0.700000,54.083333,0.000000,0.000000,0.000000,0.000000,2.220562,1.483732,0.210309,1.802404,,0.700000
136.588076,hover,0.540286,-0.298369,0.700000,54.083333,0.000000,0.000000,0.000000,0.000000,2.220562,1.483732,0.210309,1.802404,,0.700000
136.709235,hover,0.540286,-0.298369,0.700000,54.083333,0.000000,0.000000,0.000000,0.000000,2.220562,1.483732,0.210309,1.802404,,0.700000
136.805035,hover,0.540286,-0.298369,0.700000,54.083333,0.000000,0.000000,0.000000,0.000000,2.220562,1.483732,0.210309,1.802404,,0.700000
136.920744,back,0.536864,-0.303093,0.700000,54.083333,-0.350000,0.000000,0.000000,0.000000,2.226395,1.477898,0.218362,1.806629,,0.700000
137.031720,back,0.526598,-0.317266,0.700000,54.083333,-0.350000,0.000000,0.000000,0.000000,2.243895,1.460398,0.242523,1.819304,,0.700000
137.143223,back,0.516332,-0.331438,0.700000,54.083333,-0.350000,0.000000,0.000000,0.000000,2.261395,1.442898,0.266683,1.831980,,0.700000
137.253346,hover,0.509489,-0.340887,0.700000,54.083333,0.000000,0.000000,0.000000,0.000000,2.273062,1.431232,0.282790,1.840430,,0.700000
137.365199,hover,0.509489,-0.340887,0.700000,54.083333,0.000000,0.000000,0.000000,0.000000,2.273062,1.431232,0.282790,1.840430,,0.700000
137.477640,back,0.499223,-0.355060,0.700000,54.083333,-0.350000,0.000000,0.000000,0.000000,2.290562,1.413732,0.306951,1.853106,,0.700000
137.591583,back,0.488957,-0.369232,0.700000,54.083333,-0.350000,0.000000,0.000000,0.000000,2.308062,1.396232,3.073276,1.865782,,0.700000
137.710019,back,0.478692,-0.383405,0.700000,54.083333,-0.350000,0.000000,0.000000,0.000000,2.325562,1.378732,3.060601,1.878457,,0.700000
137.809126,right,0.478644,-0.390574,0.700000,54.083333,0.000000,-0.250000,0.000000,0.000000,2.334413,1.369880,3.060542,1.878516,,0.700000
137.930452,right,0.488768,-0.397906,0.700000,54.083333,0.000000,-0.250000,0.000000,0.000000,2.343467,1.360826,3.073042,1.866016,,0.700000
138.028937,right,0.495517,-0.402795,0.700000,54.083333,0.000000,-0.250000,0.000000,0.000000,2.349503,1.354790,3.081375,1.857683,,0.700000
138.142927,hover,0.502266,-0.407683,0.700000,54.083333,0.000000,0.000000,0.000000,0.000000,2.355539,1.348754,3.089709,1.849349,,0.700000
138.259440,hover,0.502266,-0.407683,0.700000,54.083333,0.000000,0.000000,0.000000,0.000000,2.355539,1.348754,3.089709,1.849349,,0.700000
138.376591,right,0.509014,-0.412571,0.700000,54.083333,0.000000,-0.250000,0.000000,0.000000,2.361575,1.342718,3.098042,1.841016,,0.700000
138.475723,right,0.515763,-0.417460,0.700000,54.083333,0.000000,-0.250000,0.000000,0.000000,2.367611,1.336682,3.106375,1.832683,,0.700000
138.597732,right,0.525887,-0.424792,0.700000,54.083333,0.000000,-0.250000,0.000000,0.000000,2.376665,1.327628,3.118875,1.820183,,0.700000
138.693145,right,0.532636,-0.429681,0.700000,54.083333,0.000000,-0.250000,0.000000,0.000000,2.382701,1.321592,3.127209,1.811849,,0.700000
138.809537,right,0.542759,-0.437013,0.700000,54.083333,0.000000,-0.250000,0.000000,0.000000,2.391755,1.312538,3.139709,1.799349,,0.700000
138.922035,right,0.552883,-0.444346,0.700000,54.083333,0.000000,-0.250000,0.000000,0.000000,2.400809,1.303484,3.152209,1.786849,,0.700000
139.046427,right,0.563006,-0.451679,0.700000,54.083333,0.000000,-0.250000,0.000000,0.000000,2.409864,1.294430,3.164709,1.774349,,0.700000
139.143999,hover,0.566380,-0.454123,0.700000,54.083333,0.000000,0.000000,0.000000,0.000000,2.412882,1.291412,3.168875,1.770183,,0.700000
139.258611,hover,0.566380,-0.454123,0.700000,54.083333,0.000000,0.000000,0.000000,0.000000,2.412882,1.291412,3.168875,1.770183,,0.700000
139.372389,right,0.569755,-0.456567,0.700000,54.083333,0.000000,-0.250000,0.000000,0.000000,2.415900,1.288394,3.173042,1.766016,,0.700000
139.490328,right,0.579878,-0.463900,0.700000,54.083333,0.000000,-0.250000,0.000000,0.000000,2.420904,1.279340,3.185542,1.753516,,0.700000
139.592860,right,0.586627,-0.468788,0.700000,54.083333,0.000000,-0.250000,0.000000,0.000000,2.409399,1.273304,3.193875,1.745183,,0.700000
139.699481,forward,0.593423,-0.466508,0.700000,54.083333,0.350000,0.000000,0.000000,0.000000,2.397814,1.276119,3.202267,1.736791,,0.700000
139.798180,forward,0.600267,-0.457060,0.700000,54.083333,0.350000,0.000000,0.000000,0.000000,2.386147,1.287786,3.210718,1.728340,,0.700000
139.915010,forward,0.610533,-0.442887,0.700000,54.083333,0.350000,0.000000,0.000000,0.000000,2.368647,1.305286,0.456671,1.715665,,0.700000
140.028849,hover,0.617377,-0.433438,0.700000,54.083333,0.000000,0.000000,0.000000,0.000000,2.356980,1.316953,0.440564,1.707214,,0.700000
140.143938,hover,0.617377,-0.433438,0.700000,54.083333,0.000000,0.000000,0.000000,0.000000,2.356980,1.316953,0.440564,1.707214,,0.700000
140.260092,forward,0.627642,-0.419266,0.700000,54.083333,0.350000,0.000000,0.000000,0.000000,2.339480,1.334453,0.416403,1.694539,,0.700000
140.381755,forward,0.637908,-0.405093,0.700000,54.083333,0.350000,0.000000,0.000000,0.000000,2.321980,1.351953,0.392243,1.681863,,0.700000
140.482938,forward,0.644752,-0.395644,0.700000,54.083333,0.350000,0.000000,0.000000,0.000000,2.310314,1.363619,0.376136,1.673413,,0.700000
140.584507,yaw_left,0.648174,-0.390920,0.700000,55.000000,0.000000,0.000000,0.000000,55.000000,2.308387,1.353937,0.376445,1.650275,,0.700000
140.688001,yaw_left,0.648174,-0.390920,0.700000,56.833333,0.000000,0.000000,0.000000,55.000000,2.258940,1.324935,0.394680,1.614926,,0.700000
140.789478,yaw_left,0.648174,-0.390920,0.700000,58.666667,0.000000,0.000000,0.000000,55.000000,2.213787,1.298451,0.415218,1.582645,,0.700000
140.889530,hover,0.648174,-0.390920,0.700000,59.583333,0.000000,0.000000,0.000000,0.000000,2.192711,1.286089,0.426480,1.567578,,0.700000
140.995828,hover,0.648174,-0.390920,0.700000,59.583333,0.000000,0.000000,0.000000,0.000000,2.192711,1.286089,0.426480,1.567578,,0.700000
141.102715,yaw_left,0.648174,-0.390920,0.700000,60.500000,0.000000,0.000000,0.000000,55.000000,2.172583,1.274284,0.438484,1.553188,,0.700000
141.204290,yaw_left,0.648174,-0.390920,0.700000,62.333333,0.000000,0.000000,0.000000,55.000000,2.135031,1.252258,0.465017,1.526342,,0.700000
141.310957,yaw_left,0.648174,-0.390920,0.700000,64.166667,0.000000,0.000000,0.000000,55.000000,2.100870,1.232221,2.942201,1.501920,,0.700000
141.414214,yaw_left,0.648174,-0.390920,0.700000,66.000000,0.000000,0.000000,0.000000,55.000000,2.069870,1.214039,2.898787,1.479758,,0.700000
141.515382,yaw_left,0.648174,-0.390920,0.700000,67.833333,0.000000,0.000000,0.000000,55.000000,2.041831,1.197594,2.859520,1.459714,,0.700000
141.614855,yaw_left,0.648174,-0.390920,0.700000,69.666667,0.000000,0.000000,0.000000,55.000000,2.016579,1.182783,2.824155,1.441661,,0.700000
141.735584,yaw_left,0.648174,-0.390920,0.700000,72.416667,0.000000,0.000000,0.000000,55.000000,1.983596,1.163437,2.777964,1.418081,,0.700000
141.829513,yaw_left,0.648174,-0.390920,0.700000,74.250000,0.000000,0.000000,0.000000,55.000000,1.964684,1.152344,2.751477,1.404560,,0.700000
141.951150,yaw_left,0.648174,-0.390920,0.700000,77.000000,0.000000,0.000000,0.000000,55.000000,1.940659,1.138253,2.717831,1.387385,,0.700000
142.049387,yaw_left,0.648174,-0.390920,0.700000,78.833333,0.000000,0.000000,0.000000,55.000000,1.927410,1.130482,2.699276,1.377913,,0.700000
142.170848,yaw_left,0.648174,-0.390920,0.700000,81.583333,0.000000,0.000000,0.000000,55.000000,1.911507,1.121155,2.677005,1.366544,,0.700000
142.268657,yaw_left,0.648174,-0.390920,0.700000,83.416667,0.000000,0.000000,0.000000,55.000000,1.903471,1.116442,2.665751,1.360799,,0.700000
142.388437,yaw_left,0.648174,-0.390920,0.700000,86.166667,0.000000,0.000000,0.000000,55.000000,1.895160,1.111567,2.654111,1.354858,,0.700000
142.485201,yaw_left,0.648174,-0.390920,0.700000,88.000000,0.000000,0.000000,0.000000,55.000000,1.892073,1.109756,2.649788,1.352650,,0.700000
142.603542,hover,0.648174,-0.390920,0.700000,88.000000,0.000000,0.000000,0.000000,0.000000,1.892073,1.109756,2.649788,1.352650,,0.700000
142.715960,hover,0.648174,-0.390920,0.700000,88.000000,0.000000,0.000000,0.000000,0.000000,1.892073,1.109756,2.649788,1.352650,,0.700000
142.816432,hover,0.648174,-0.390920,0.700000,88.000000,0.000000,0.000000,0.000000,0.000000,1.892073,1.109756,2.649788,1.352650,,0.700000
142.920924,hover,0.648174,-0.390920,0.700000,88.000000,0.000000,0.000000,0.000000,0.000000,1.892073,1.109756,2.649788,1.352650,,0.700000
143.020276,forward,0.648377,-0.385090,0.700000,88.000000,0.350000,0.000000,0.000000,0.000000,1.886239,1.115589,2.649991,1.352447,,0.700000
143.141166,forward,0.648988,-0.367601,0.700000,88.000000,0.350000,0.000000,0.000000,0.000000,1.868739,1.133089,2.650603,1.351836,,0.700000
143.236554,forward,0.649395,-0.355941,0.700000,88.000000,0.350000,0.000000,0.000000,0.000000,1.857073,1.144756,2.651010,1.351428,,0.700000
143.350573,hover,0.649802,-0.344282,0.700000,88.000000,0.000000,0.000000,0.000000,0.000000,1.845406,1.156423,2.651417,1.351021,,0.700000
143.469360,forward,0.650006,-0.338452,0.700000,88.000000,0.350000,0.000000,0.000000,0.000000,1.839573,1.162256,2.651621,1.350817,,0.700000
143.568456,forward,0.650413,-0.326792,0.700000,88.000000,0.350000,0.000000,0.000000,0.000000,1.827906,1.173923,2.652028,1.350410,,0.700000
143.693279,forward,0.651024,-0.309303,0.700000,88.000000,0.350000,0.000000,0.000000,0.000000,1.810406,1.191423,2.652640,1.349799,,0.700000
143.791934,forward,0.651431,-0.297644,0.700000,88.000000,0.350000,0.000000,0.000000,0.000000,1.798739,1.203089,2.653047,1.349391,,0.700000
143.912850,forward,0.651431,-0.297644,0.700000,88.000000,0.350000,0.000000,0.000000,0.000000,1.798739,1.203089,2.653047,1.349391,,0.700000
144.007185,forward,0.651431,-0.297644,0.700000,88.000000,0.350000,0.000000,0.000000,0.000000,1.798739,1.203089,2.653047,1.349391,,0.700000
144.121381,forward,0.651431,-0.297644,0.700000,88.000000,0.350000,0.000000,0.000000,0.000000,1.798739,1.203089,2.653047,1.349391,,0.700000
144.236345,forward,0.651431,-0.297644,0.700000,88.000000,0.350000,0.000000,0.000000,0.000000,1.798739,1.203089,2.653047,1.349391,,0.700000
144.351303,forward,0.651431,-0.297644,0.700000,88.000000,0.350000,0.000000,0.000000,0.000000,1.798739,1.203089,2.653047,1.349391,,0.700000
144.469784,forward,0.651431,-0.297644,0.700000,88.000000,0.350000,0.000000,0.000000,0.000000,1.798739,1.203089,2.653047,1.349391,,0.700000
144.568660,forward,0.651431,-0.297644,0.700000,88.000000,0.350000,0.000000,0.000000,0.000000,1.798739,1.203089,2.653047,1.349391,,0.700000
144.692811,forward,0.651431,-0.297644,0.700000,88.000000,0.350000,0.000000,0.000000,0.000000,1.798739,1.203089,2.653047,1.349391,,0.700000
144.791234,forward,0.651431,-0.297644,0.700000,88.000000,0.350000,0.000000,0.000000,0.000000,1.798739,1.203089,2.653047,1.349391,,0.700000
144.912356,forward,0.651431,-0.297644,0.700000,88.000000,0.350000,0.000000,0.000000,0.000000,1.798739,1.203089,2.653047,1.349391,,0.700000
145.011898,forward,0.651431,-0.297644,0.700000,88.000000,0.350000,0.000000,0.000000,0.000000,1.798739,1.203089,2.653047,1.349391,,0.700000
145.132675,forward,0.651431,-0.297644,0.700000,88.000000,0.350000,0.000000,0.000000,0.000000,1.798739,1.203089,2.653047,1.349391,,0.700000
145.230324,forward,0.651431,-0.297644,0.700000,88.000000,0.350000,0.000000,0.000000,0.000000,1.798739,1.203089,2.653047,1.349391,,0.700000
145.353343,forward,0.651431,-0.297644,0.700000,88.000000,0.350000,0.000000,0.000000,0.000000,1.798739,1.203089,2.653047,1.349391,,0.700000
145.452616,forward,0.651431,-0.297644,0.700000,88.000000,0.350000,0.000000,0.000000,0.000000,1.798739,1.203089,2.653047,1.349391,,0.700000
145.567815,hover,0.651431,-0.297644,0.700000,88.000000,0.000000,0.000000,0.000000,0.000000,1.798739,1.203089,2.653047,1.349391,,0.700000
145.688295,hover,0.651431,-0.297644,0.700000,88.000000,0.000000,0.000000,0.000000,0.000000,1.798739,1.203089,2.653047,1.349391,,0.700000
145.796465,forward,0.651431,-0.297644,0.700000,88.000000,0.350000,0.000000,0.000000,0.000000,1.798739,1.203089,2.653047,1.349391,,0.700000
145.898834,forward,0.651431,-0.297644,0.700000,88.000000,0.350000,0.000000,0.000000,0.000000,1.798739,1.203089,2.653047,1.349391,,0.700000
146.000960,forward,0.651431,-0.297644,0.700000,88.000000,0.350000,0.000000,0.000000,0.000000,1.798739,1.203089,2.653047,1.349391,,0.700000
146.101122,right,0.659759,-0.297934,0.700000,88.000000,0.000000,-0.250000,0.000000,0.000000,1.799030,1.202798,2.661380,1.341058,,0.700000
146.199218,right,0.668087,-0.298225,0.700000,88.000000,0.000000,-0.250000,0.000000,0.000000,1.799321,1.202507,2.669714,1.332725,,0.700000
146.313153,right,0.680580,-0.298661,0.700000,88.000000,0.000000,-0.250000,0.000000,0.000000,1.799758,1.202071,2.682214,1.320225,,0.700000
146.424673,hover,0.680580,-0.298661,0.700000,88.000000,0.000000,0.000000,0.000000,0.000000,1.799758,1.202071,2.682214,1.320225,,0.700000
146.537379,hover,0.680580,-0.298661,0.700000,88.000000,0.000000,0.000000,0.000000,0.000000,1.799758,1.202071,2.682214,1.320225,,0.700000
146.650459,right,0.684744,-0.298807,0.700000,88.000000,0.000000,-0.250000,0.000000,0.000000,1.799903,1.201925,2.686380,1.316058,,0.700000
146.767118,right,0.697236,-0.299243,0.700000,88.000000,0.000000,-0.250000,0.000000,0.000000,1.800340,1.201489,2.698880,1.303558,,0.700000
146.883569,right,0.709729,-0.299679,0.700000,88.000000,0.000000,-0.250000,0.000000,0.000000,1.800776,1.201052,2.711380,1.291058,,0.700000
146.994465,right,0.722221,-0.300116,0.700000,88.000000,0.000000,-0.250000,0.000000,0.000000,1.801213,1.200616,2.723880,1.278558,,0.700000
147.107292,right,0.734713,-0.300552,0.700000,88.000000,0.000000,-0.250000,0.000000,0.000000,1.801649,1.200179,2.736380,1.266058,,0.700000
147.221897,right,0.747206,-0.300988,0.700000,88.000000,0.000000,-0.250000,0.000000,0.000000,1.802086,1.199743,2.748880,1.253558,,0.700000
147.335176,right,0.759698,-0.301424,0.700000,88.000000,0.000000,-0.250000,0.000000,0.000000,1.802522,1.199306,2.761380,1.241058,,0.700000
147.445296,hover,0.768026,-0.301715,0.700000,88.000000,0.000000,0.000000,0.000000,0.000000,1.802813,1.199015,2.769714,1.232725,,0.700000
147.559823,right,0.772191,-0.301861,0.700000,88.000000,0.000000,-0.250000,0.000000,0.000000,1.802959,1.198870,2.773880,1.228558,,0.700000
147.674365,right,0.784683,-0.302297,0.700000,88.000000,0.000000,-0.250000,0.000000,0.000000,1.803395,1.198433,2.786380,1.216058,,0.700000
147.788655,right,0.797175,-0.302733,0.700000,88.000000,0.000000,-0.250000,0.000000,0.000000,1.803832,1.197997,2.798880,1.203558,,0.700000
147.908530,right,0.809668,-0.303169,0.700000,88.000000,0.000000,-0.250000,0.000000,0.000000,1.804268,1.197560,2.811380,1.191058,,0.700000
148.005382,right,0.817996,-0.303460,0.700000,88.000000,0.000000,-0.250000,0.000000,0.000000,1.804559,1.197269,2.819714,1.182725,,0.700000
148.121916,right,0.830488,-0.303896,0.700000,88.000000,0.000000,-0.250000,0.000000,0.000000,1.804996,1.196833,2.832214,1.170225,,0.700000
148.232877,right,0.842981,-0.304333,0.700000,88.000000,0.000000,-0.250000,0.000000,0.000000,1.805432,1.196396,2.844714,1.157725,,0.700000
148.343044,right,0.855473,-0.304769,0.700000,88.000000,0.000000,-0.250000,0.000000,0.000000,1.805869,1.195960,2.857214,1.145225,,0.700000
148.453613,right,0.867966,-0.305205,0.700000,88.000000,0.000000,-0.250000,0.000000,0.000000,1.806305,1.195523,2.869714,1.132725,,0.700000
148.566278,right,0.880458,-0.305641,0.700000,88.000000,0.000000,-0.250000,0.000000,0.000000,1.806742,1.195087,2.882214,1.120225,,0.700000
148.678228,right,0.892950,-0.306078,0.700000,88.000000,0.000000,-0.250000,0.000000,0.000000,1.807179,1.194650,2.894714,1.107725,,0.700000
148.789902,right,0.905443,-0.306514,0.700000,88.000000,0.000000,-0.250000,0.000000,0.000000,1.807615,1.194214,2.907214,1.095225,,0.700000
148.903790,right,0.917935,-0.306950,0.700000,88.000000,0.000000,-0.250000,0.000000,0.000000,1.808052,1.193777,2.919714,1.082725,,0.700000
149.013477,right,0.930427,-0.307386,0.700000,88.000000,0.000000,-0.250000,0.000000,0.000000,1.808488,1.193341,2.932214,1.070225,,0.700000
149.126915,right,0.942920,-0.307823,0.700000,88.000000,0.000000,-0.250000,0.000000,0.000000,1.808925,1.192904,2.944714,1.057725,,0.700000
149.238277,right,0.955412,-0.308259,0.700000,88.000000,0.000000,-0.250000,0.000000,0.000000,1.809361,1.192468,2.957214,1.045225,,0.700000
149.349553,left,0.942920,-0.307823,0.700000,88.000000,0.000000,0.250000,0.000000,0.000000,1.808925,1.192904,2.944714,1.057725,,0.700000
149.472394,forward,0.934795,-0.301702,0.700000,88.000000,0.350000,0.000000,0.000000,0.000000,1.802800,1.199028,2.936584,1.065854,,0.700000
149.564626,forward,0.935202,-0.290042,0.700000,88.000000,0.350000,0.000000,0.000000,0.000000,1.791134,1.210695,2.936991,1.065447,,0.700000
149.676783,forward,0.935813,-0.272553,0.700000,88.000000,0.350000,0.000000,0.000000,0.000000,1.773634,1.228195,2.937603,1.064836,,0.700000
149.783882,forward,0.936424,-0.255064,0.700000,88.000000,0.350000,0.000000,0.000000,0.000000,1.756134,1.245695,2.938214,1.064224,,0.700000
149.895359,forward,0.937035,-0.237574,0.700000,88.000000,0.350000,0.000000,0.000000,0.000000,1.738634,1.263195,2.938825,1.063613,,0.700000
150.002974,left,0.928910,-0.231454,0.700000,88.000000,0.000000,0.250000,0.000000,0.000000,1.732509,1.269319,2.930695,1.071743,,0.700000
150.115670,left,0.916417,-0.231018,0.700000,88.000000,0.000000,0.250000,0.000000,0.000000,1.732073,1.269756,2.918195,1.084243,,0.700000
150.227110,yaw_left,0.908089,-0.230727,0.700000,88.916667,0.000000,0.000000,0.000000,55.000000,1.731036,1.269500,2.908609,1.092106,,0.700000
150.338789,yaw_left,0.908089,-0.230727,0.700000,91.666667,0.000000,0.000000,0.000000,55.000000,1.731459,1.269810,2.909320,1.092373,,0.700000
150.447552,yaw_left,0.908089,-0.230727,0.700000,94.416667,0.000000,0.000000,0.000000,55.000000,1.735882,1.273054,2.916751,1.095163,,0.700000
150.556292,hover,0.908089,-0.230727,0.700000,96.250000,0.000000,0.000000,0.000000,0.000000,1.741075,1.276863,2.925477,1.098440,,0.700000
150.666293,hover,0.908089,-0.230727,0.700000,96.250000,0.000000,0.000000,0.000000,0.000000,1.741075,1.276863,2.925477,1.098440,,0.700000
150.775887,yaw_left,0.908089,-0.230727,0.700000,97.166667,0.000000,0.000000,0.000000,55.000000,1.744355,1.279268,2.930988,1.100509,,0.700000
150.882555,yaw_left,0.908089,-0.230727,0.700000,99.916667,0.000000,0.000000,0.000000,55.000000,1.756977,1.288525,2.952197,1.108472,,0.700000
150.990908,yaw_left,0.908089,-0.230727,0.700000,102.666667,0.000000,0.000000,0.000000,55.000000,1.773899,1.300935,2.980631,1.119148,,0.700000
151.097771,yaw_left,0.908089,-0.230727,0.700000,105.416667,0.000000,0.000000,0.000000,55.000000,1.795326,1.316649,3.016633,1.132666,,0.700000
151.207521,yaw_left,0.908089,-0.230727,0.700000,108.166667,0.000000,0.000000,0.000000,55.000000,1.821523,1.335861,3.060652,1.149194,,0.700000
151.315525,yaw_left,0.908089,-0.230727,0.700000,110.916667,0.000000,0.000000,0.000000,55.000000,1.852827,1.358819,3.113250,1.168943,,0.700000
151.425269,forward,0.905833,-0.225347,0.700000,112.750000,0.350000,0.000000,0.000000,0.000000,1.870902,1.382185,3.150976,1.186473,,0.700000
151.536213,forward,0.899066,-0.209209,0.700000,112.750000,0.350000,0.000000,0.000000,0.000000,1.853402,1.399685,3.143638,1.193811,,0.700000
151.646194,forward,0.892299,-0.193070,0.700000,112.750000,0.350000,0.000000,0.000000,0.000000,1.835902,1.417185,3.136300,1.201150,,0.700000
151.755461,hover,0.887787,-0.182311,0.700000,112.750000,0.000000,0.000000,0.000000,0.000000,1.824235,1.428852,3.131407,1.206042,,0.700000
151.869923,hover,0.887787,-0.182311,0.700000,112.750000,0.000000,0.000000,0.000000,0.000000,1.824235,1.428852,3.131407,1.206042,,0.700000
151.981447,forward,0.883275,-0.171552,0.700000,112.750000,0.350000,0.000000,0.000000,0.000000,1.812568,1.440519,3.126515,1.210934,,0.700000
152.093182,forward,0.876508,-0.155414,0.700000,112.750000,0.350000,0.000000,0.000000,0.000000,1.795068,1.458019,3.119177,1.218273,,0.700000
152.206267,forward,0.869740,-0.139275,0.700000,112.750000,0.350000,0.000000,0.000000,0.000000,1.777568,1.475519,3.111838,1.225611,,0.700000
152.315605,forward,0.862973,-0.123137,0.700000,112.750000,0.350000,0.000000,0.000000,0.000000,1.760068,1.493019,3.104500,1.232949,,0.700000
152.432098,forward,0.856206,-0.106998,0.700000,112.750000,0.350000,0.000000,0.000000,0.000000,1.742568,1.510519,3.097162,1.240288,,0.700000
152.553349,yaw_right,0.851694,-0.096239,0.700000,111.833333,0.000000,0.000000,0.000000,-55.000000,1.719586,1.512234,3.072053,1.237039,,0.700000
152.651772,yaw_right,0.851694,-0.096239,0.700000,110.000000,0.000000,0.000000,0.000000,-55.000000,1.698682,1.493851,3.034709,1.222002,,0.700000
152.768242,yaw_right,0.851694,-0.096239,0.700000,107.250000,0.000000,0.000000,0.000000,-55.000000,1.671420,1.469876,2.986005,1.202390,,0.700000
152.879576,hover,0.851694,-0.096239,0.700000,105.416667,0.000000,0.000000,0.000000,0.000000,1.655819,1.456156,0.287021,1.191167,,0.700000
152.996658,hover,0.851694,-0.096239,0.700000,105.416667,0.000000,0.000000,0.000000,0.000000,1.655819,1.456156,0.287021,1.191167,,0.700000
153.111966,yaw_right,0.851694,-0.096239,0.700000,104.500000,0.000000,0.000000,0.000000,-55.000000,1.648756,1.449945,0.285797,1.186086,,0.700000
153.232419,yaw_right,0.851694,-0.096239,0.700000,101.750000,0.000000,0.000000,0.000000,-55.000000,1.630403,1.433806,0.282616,1.172883,,0.700000
153.331912,yaw_right,0.851694,-0.096239,0.700000,99.916667,0.000000,0.000000,0.000000,-55.000000,1.620450,1.425052,0.280891,1.165723,,0.700000
153.446774,yaw_right,0.851694,-0.096239,0.700000,97.166667,0.000000,0.000000,0.000000,-55.000000,1.608808,1.414814,0.278873,1.157348,,0.700000
153.559387,yaw_right,0.851694,-0.096239,0.700000,94.416667,0.000000,0.000000,0.000000,-55.000000,1.600993,1.407942,0.277518,1.151726,,0.700000
153.682534,yaw_right,0.851694,-0.096239,0.700000,91.666667,0.000000,0.000000,0.000000,-55.000000,1.596915,1.404355,0.276811,1.148792,,0.700000
153.778529,yaw_right,0.851694,-0.096239,0.700000,89.833333,0.000000,0.000000,0.000000,-55.000000,1.596246,1.403767,0.276695,1.148311,,0.700000
153.896603,yaw_right,0.851694,-0.096239,0.700000,87.083333,0.000000,0.000000,0.000000,-55.000000,1.598310,1.405582,0.277053,1.149796,,0.700000
153.992134,yaw_right,0.851694,-0.096239,0.700000,85.250000,0.000000,0.000000,0.000000,-55.000000,1.601740,1.408599,0.277647,1.152264,,0.700000
154.105624,hover,0.851694,-0.096239,0.700000,83.416667,0.000000,0.000000,0.000000,0.000000,1.606834,1.413079,0.278530,1.155928,,0.700000
154.222528,hover,0.851694,-0.096239,0.700000,83.416667,0.000000,0.000000,0.000000,0.000000,1.606834,1.413079,0.278530,1.155928,,0.700000
154.325113,hover,0.851694,-0.096239,0.700000,83.416667,0.000000,0.000000,0.000000,0.000000,1.606834,1.413079,0.278530,1.155928,,0.700000
154.429373,hover,0.851694,-0.096239,0.700000,83.416667,0.000000,0.000000,0.000000,0.000000,1.606834,1.413079,0.278530,1.155928,,0.700000
154.529597,hover,0.851694,-0.096239,0.700000,83.416667,0.000000,0.000000,0.000000,0.000000,1.606834,1.413079,0.278530,1.155928,,0.700000
154.630813,hover,0.851694,-0.096239,0.700000,83.416667,0.000000,0.000000,0.000000,0.000000,1.606834,1.413079,0.278530,1.155928,,0.700000
154.732895,forward,0.853031,-0.084649,0.700000,83.416667,0.350000,0.000000,0.000000,0.000000,1.595168,1.424745,0.279877,1.154582,,0.700000
154.832850,forward,0.854369,-0.073060,0.700000,83.416667,0.350000,0.000000,0.000000,0.000000,1.583501,1.436412,0.281223,1.153235,,0.700000
154.947311,yaw_right,0.855707,-0.061470,0.700000,82.500000,0.000000,0.000000,0.000000,-55.000000,1.574944,1.450943,0.283129,1.154167,,0.700000
155.064065,yaw_right,0.855707,-0.061470,0.700000,79.750000,0.000000,0.000000,0.000000,-55.000000,1.586794,1.461860,0.285259,1.162852,,0.700000
155.173543,yaw_right,0.855707,-0.061470,0.700000,77.000000,0.000000,0.000000,0.000000,-55.000000,1.602543,1.476369,0.288090,1.174393,,0.700000
155.285447,hover,0.855707,-0.061470,0.700000,75.166667,0.000000,0.000000,0.000000,0.000000,1.615300,1.488122,0.290384,1.183742,,0.700000
155.402067,hover,0.855707,-0.061470,0.700000,75.166667,0.000000,0.000000,0.000000,0.000000,1.615300,1.488122,0.290384,1.183742,,0.700000
155.523535,hover,0.855707,-0.061470,0.700000,75.166667,0.000000,0.000000,0.000000,0.000000,1.615300,1.488122,0.290384,1.183742,,0.700000
155.633076,hover,0.855707,-0.061470,0.700000,75.166667,0.000000,0.000000,0.000000,0.000000,1.615300,1.488122,0.290384,1.183742,,0.700000
155.734327,hover,0.855707,-0.061470,0.700000,75.166667,0.000000,0.000000,0.000000,0.000000,1.615300,1.488122,0.290384,1.183742,,0.700000
155.838665,hover,0.855707,-0.061470,0.700000,75.166667,0.000000,0.000000,0.000000,0.000000,1.615300,1.488122,0.290384,1.183742,,0.700000
155.939846,forward,0.857200,-0.055831,0.700000,75.166667,0.350000,0.000000,0.000000,0.000000,1.609467,1.493956,0.291929,1.182197,,0.700000
156.039872,forward,0.860187,-0.044553,0.700000,75.166667,0.350000,0.000000,0.000000,0.000000,1.597800,1.505622,0.295018,1.179108,,0.700000
156.137251,forward,0.863173,-0.033275,0.700000,75.166667,0.350000,0.000000,0.000000,0.000000,1.586134,1.517289,0.298108,1.176018,,0.700000
156.251010,hover,0.866160,-0.021997,0.700000,75.166667,0.000000,0.000000,0.000000,0.000000,1.574467,1.528956,0.301198,1.172928,,0.700000
156.360848,hover,0.866160,-0.021997,0.700000,75.166667,0.000000,0.000000,0.000000,0.000000,1.574467,1.528956,0.301198,1.172928,,0.700000
156.469031,forward,0.867654,-0.016358,0.700000,75.166667,0.350000,0.000000,0.000000,0.000000,1.568634,1.534789,0.302743,1.171383,,0.700000
156.579118,forward,0.872134,0.000558,0.700000,75.166667,0.350000,0.000000,0.000000,0.000000,1.551134,1.552289,0.307377,1.166749,,0.700000
156.690057,forward,0.876614,0.017475,0.700000,75.166667,0.350000,0.000000,0.000000,0.000000,1.533634,1.569789,0.312012,1.162114,,0.700000
156.797526,forward,0.881094,0.034392,0.700000,75.166667,0.350000,0.000000,0.000000,0.000000,1.516134,1.587289,0.316646,1.157479,,0.700000
156.906050,forward,0.885574,0.051309,0.700000,75.166667,0.350000,0.000000,0.000000,0.000000,1.498634,1.604789,0.321281,1.152845,,0.700000
157.016061,forward,0.890054,0.068226,0.700000,75.166667,0.350000,0.000000,0.000000,0.000000,1.481134,1.622289,0.325916,1.148210,,0.700000
157.125121,forward,0.894534,0.085142,0.700000,75.166667,0.350000,0.000000,0.000000,0.000000,1.463634,1.639789,0.330550,1.143576,,0.700000
157.236675,forward,0.899015,0.102059,0.700000,75.166667,0.350000,0.000000,0.000000,0.000000,1.446134,1.657289,2.998956,1.138941,,0.700000
157.349614,forward,0.903495,0.118976,0.700000,75.166667,0.350000,0.000000,0.000000,0.000000,1.428634,1.674789,3.003591,1.134306,,0.700000
157.465177,forward,0.907975,0.135893,0.700000,75.166667,0.350000,0.000000,0.000000,0.000000,1.411134,1.692289,3.008225,1.129672,,0.700000
157.575745,forward,0.912455,0.152810,0.700000,75.166667,0.350000,0.000000,0.000000,0.000000,1.393634,1.709789,3.012860,1.125037,,0.700000
157.686781,forward,0.916935,0.169726,0.700000,75.166667,0.350000,0.000000,0.000000,0.000000,1.376134,1.727289,3.017494,1.120403,,0.700000
157.800806,forward,0.921415,0.186643,0.700000,75.166667,0.350000,0.000000,0.000000,0.000000,1.358634,1.744789,3.022129,1.115768,,0.700000
157.912738,forward,0.925895,0.203560,0.700000,75.166667,0.350000,0.000000,0.000000,0.000000,1.341134,1.762289,3.026764,1.111133,,0.700000
158.026039,forward,0.930376,0.220477,0.700000,75.166667,0.350000,0.000000,0.000000,0.000000,1.323634,1.779789,3.031398,1.106499,,0.700000
158.138781,forward,0.934856,0.237394,0.700000,75.166667,0.350000,0.000000,0.000000,0.000000,1.306134,1.797289,3.036033,1.101864,,0.700000
158.250450,yaw_right,0.937843,0.248672,0.700000,74.250000,0.000000,0.000000,0.000000,-55.000000,1.300142,1.816886,3.052446,1.103592,,0.700000
158.366379,yaw_right,0.937843,0.248672,0.700000,71.500000,0.000000,0.000000,0.000000,-55.000000,1.319516,1.843961,3.097932,1.120037,,0.700000
158.475501,yaw_right,0.937843,0.248672,0.700000,68.750000,0.000000,0.000000,0.000000,-55.000000,1.342616,1.876241,3.152165,1.139644,,0.700000
158.588185,hover,0.937843,0.248672,0.700000,66.916667,0.000000,0.000000,0.000000,0.000000,1.360235,1.900863,3.191598,1.154600,,0.700000
158.715694,hover,0.937843,0.248672,0.700000,66.916667,0.000000,0.000000,0.000000,0.000000,1.360235,1.900863,3.191598,1.154600,,0.700000
158.809330,yaw_right,0.937843,0.248672,0.700000,65.083333,0.000000,0.000000,0.000000,-55.000000,1.379754,1.928140,2.970163,1.171168,,0.700000
158.922751,yaw_right,0.937843,0.248672,0.700000,62.333333,0.000000,0.000000,0.000000,-55.000000,1.412871,1.974419,2.694930,1.199278,,0.700000
159.033979,yaw_right,0.937843,0.248672,0.700000,59.583333,0.000000,0.000000,0.000000,-55.000000,1.451040,2.027759,2.471591,1.231678,,0.700000
159.147197,yaw_right,0.937843,0.248672,0.700000,56.833333,0.000000,0.000000,0.000000,-55.000000,1.494868,2.089007,2.287301,1.268880,,0.700000
159.259376,yaw_right,0.937843,0.248672,0.700000,54.083333,0.000000,0.000000,0.000000,-55.000000,1.545096,2.159198,2.133160,1.311514,,0.700000
159.368106,yaw_right,0.937843,0.248672,0.700000,51.333333,0.000000,0.000000,0.000000,-55.000000,1.602636,2.239607,2.002803,1.360356,,0.700000
159.478383,yaw_right,0.937843,0.248672,0.700000,48.583333,0.000000,0.000000,0.000000,-55.000000,1.605607,0.548490,1.891567,1.416364,,0.700000
159.587802,hover,0.937843,0.248672,0.700000,46.750000,0.000000,0.000000,0.000000,0.000000,1.550181,0.529556,1.826269,1.458264,,0.700000
159.700708,hover,0.937843,0.248672,0.700000,46.750000,0.000000,0.000000,0.000000,0.000000,1.550181,0.529556,1.826269,1.458264,,0.700000
159.812050,hover,0.937843,0.248672,0.700000,46.750000,0.000000,0.000000,0.000000,0.000000,1.550181,0.529556,1.826269,1.458264,,0.700000
159.926980,hover,0.937843,0.248672,0.700000,46.750000,0.000000,0.000000,0.000000,0.000000,1.550181,0.529556,1.826269,1.458264,,0.700000
160.039499,yaw_right,0.937843,0.248672,0.700000,44.000000,0.000000,0.000000,0.000000,-55.000000,1.476573,0.504410,1.739551,1.529036,,0.700000
160.153461,yaw_right,0.937843,0.248672,0.700000,41.250000,0.000000,0.000000,0.000000,-55.000000,1.412744,0.482606,1.664355,1.610926,,0.700000
160.262632,yaw_right,0.937843,0.248672,0.700000,38.500000,0.000000,0.000000,0.000000,-55.000000,1.357202,0.463632,1.598921,1.706237,,0.700000
160.373459,yaw_right,0.937843,0.248672,0.700000,35.750000,0.000000,0.000000,0.000000,-55.000000,1.308762,0.447085,1.541854,1.817986,,0.700000
160.487004,hover,0.937843,0.248672,0.700000,33.916667,0.000000,0.000000,0.000000,0.000000,1.279939,0.437239,1.507897,1.903554,,0.700000
160.601874,hover,0.937843,0.248672,0.700000,33.916667,0.000000,0.000000,0.000000,0.000000,1.279939,0.437239,1.507897,1.903554,,0.700000
160.718448,yaw_right,0.937843,0.248672,0.700000,33.000000,0.000000,0.000000,0.000000,-55.000000,1.266478,0.432640,1.492038,1.950204,,0.700000
160.829210,yaw_right,0.937843,0.248672,0.700000,30.250000,0.000000,0.000000,0.000000,-55.000000,1.229583,0.420037,1.448573,2.024311,,0.700000
160.940491,yaw_right,0.937843,0.248672,0.700000,27.500000,0.000000,0.000000,0.000000,-55.000000,1.197457,0.409062,1.410725,1.971421,,0.700000
161.049804,yaw_right,0.937843,0.248672,0.700000,24.750000,0.000000,0.000000,0.000000,-55.000000,1.169593,0.399543,1.377898,1.925546,,0.700000
161.167066,yaw_right,0.937843,0.248672,0.700000,22.000000,0.000000,0.000000,0.000000,-55.000000,1.145574,0.391338,1.349601,1.886003,,0.700000
161.264138,yaw_right,0.937843,0.248672,0.700000,20.166667,0.000000,0.000000,0.000000,-55.000000,1.131527,0.386540,1.333053,1.862878,,0.700000
161.386116,hover,0.937843,0.248672,0.700000,18.333333,0.000000,0.000000,0.000000,0.000000,1.118953,0.382244,1.318239,1.842176,,0.700000
161.480660,hover,0.937843,0.248672,0.700000,18.333333,0.000000,0.000000,0.000000,0.000000,1.118953,0.382244,1.318239,1.842176,,0.700000
161.597669,yaw_right,0.937843,0.248672,0.700000,17.416667,0.000000,0.000000,0.000000,-55.000000,1.113194,0.380277,1.311454,1.832695,,0.700000
161.710422,yaw_right,0.937843,0.248672,0.700000,14.666667,0.000000,0.000000,0.000000,-55.000000,1.097933,0.375064,1.293476,1.807571,,0.700000
161.820456,yaw_right,0.937843,0.248672,0.700000,11.916667,0.000000,0.000000,0.000000,-55.000000,1.085552,0.370834,1.278890,1.787187,,0.700000
161.929395,yaw_right,0.937843,0.248672,0.700000,9.166667,0.000000,0.000000,0.000000,-55.000000,1.075898,0.462451,1.267516,1.771293,,0.700000
162.045542,yaw_right,0.937843,0.248672,0.700000,6.416667,0.000000,0.000000,0.000000,-55.000000,1.068853,0.659206,1.259217,1.759695,,0.700000
162.154934,yaw_right,0.937843,0.248672,0.700000,3.666667,0.000000,0.000000,0.000000,-55.000000,1.064336,2.943869,1.253895,1.752258,,0.700000
162.268508,yaw_right,0.937843,0.248672,0.700000,0.916667,0.000000,0.000000,0.000000,-55.000000,1.062293,2.938219,1.251489,1.748895,,0.700000
162.387717,yaw_right,0.937843,0.248672,0.700000,-1.833333,0.000000,0.000000,0.000000,-55.000000,1.062701,2.939347,1.251969,1.749567,,0.700000
162.485994,yaw_right,0.937843,0.248672,0.700000,-3.666667,0.000000,0.000000,0.000000,-55.000000,1.064336,2.943869,1.253895,1.752258,,0.700000
162.603087,yaw_right,0.937843,0.248672,0.700000,-6.416667,0.000000,0.000000,0.000000,-55.000000,1.068853,2.956363,1.259217,1.759695,,0.700000
162.703759,yaw_right,0.937843,0.248672,0.700000,-8.250000,0.000000,0.000000,0.000000,-55.000000,1.073264,2.968563,1.264413,1.766957,,0.700000
162.804979,hover,0.937843,0.248672,0.700000,-9.166667,0.000000,0.000000,0.000000,0.000000,1.075898,2.975847,1.267516,1.771293,,0.700000
162.906994,hover,0.937843,0.248672,0.700000,-9.166667,0.000000,0.000000,0.000000,0.000000,1.075898,2.975847,1.267516,1.771293,,0.700000
163.010315,hover,0.937843,0.248672,0.700000,-9.166667,0.000000,0.000000,0.000000,0.000000,1.075898,2.975847,1.267516,1.771293,,0.700000
163.107861,hover,0.937843,0.248672,0.700000,-9.166667,0.000000,0.000000,0.000000,0.000000,1.075898,2.975847,1.267516,1.771293,,0.700000
163.222771,hover,0.937843,0.248672,0.700000,-9.166667,0.000000,0.000000,0.000000,0.000000,1.075898,2.975847,1.267516,1.771293,,0.700000
163.337603,hover,0.937843,0.248672,0.700000,-9.166667,0.000000,0.000000,0.000000,0.000000,1.075898,2.975847,1.267516,1.771293,,0.700000
163.457907,hover,0.937843,0.248672,0.700000,-9.166667,0.000000,0.000000,0.000000,0.000000,1.075898,2.975847,1.267516,1.771293,,0.700000
163.550716,hover,0.937843,0.248672,0.700000,-9.166667,0.000000,0.000000,0.000000,0.000000,1.075898,2.975847,1.267516,1.771293,,0.700000
163.666569,hover,0.937843,0.248672,0.700000,-9.166667,0.000000,0.000000,0.000000,0.000000,1.075898,2.975847,1.267516,1.771293,,0.700000
163.777257,hover,0.937843,0.248672,0.700000,-9.166667,0.000000,0.000000,0.000000,0.000000,1.075898,2.975847,1.267516,1.771293,,0.700000
163.886516,hover,0.937843,0.248672,0.700000,-9.166667,0.000000,0.000000,0.000000,0.000000,1.075898,2.975847,1.267516,1.771293,,0.700000
163.998136,hover,0.937843,0.248672,0.700000,-9.166667,0.000000,0.000000,0.000000,0.000000,1.075898,2.975847,1.267516,1.771293,,0.700000
164.109331,hover,0.937843,0.248672,0.700000,-9.166667,0.000000,0.000000,0.000000,0.000000,1.075898,2.975847,1.267516,1.771293,,0.700000
164.221347,hover,0.937843,0.248672,0.700000,-9.166667,0.000000,0.000000,0.000000,0.000000,1.075898,2.975847,1.267516,1.771293,,0.700000
164.332381,up,0.937843,0.248672,0.703333,-9.166667,0.000000,0.000000,0.200000,0.000000,1.075898,2.975847,1.267516,1.771293,,0.703333
164.445304,up,0.937843,0.248672,0.713333,-9.166667,0.000000,0.000000,0.200000,0.000000,1.075898,2.975847,1.267516,1.771293,,0.713333
164.554236,up,0.937843,0.248672,0.723333,-9.166667,0.000000,0.000000,0.200000,0.000000,1.075898,2.975847,1.267516,1.771293,,0.723333
164.676494,hover,0.937843,0.248672,0.730000,-9.166667,0.000000,0.000000,0.000000,0.000000,1.075898,2.975847,1.267516,1.771293,,0.730000
164.770033,hover,0.937843,0.248672,0.730000,-9.166667,0.000000,0.000000,0.000000,0.000000,1.075898,2.975847,1.267516,1.771293,,0.730000
164.882011,up,0.937843,0.248672,0.733333,-9.166667,0.000000,0.000000,0.200000,0.000000,1.075898,2.975847,1.267516,1.771293,,0.733333
164.990601,up,0.937843,0.248672,0.743333,-9.166667,0.000000,0.000000,0.200000,0.000000,1.075898,2.975847,1.267516,1.771293,,0.743333
165.108564,up,0.937843,0.248672,0.753333,-9.166667,0.000000,0.000000,0.200000,0.000000,1.075898,2.975847,1.267516,1.771293,,0.753333
165.203991,up,0.937843,0.248672,0.760000,-9.166667,0.000000,0.000000,0.200000,0.000000,1.075898,2.975847,1.267516,1.771293,,0.760000
165.314263,up,0.937843,0.248672,0.770000,-9.166667,0.000000,0.000000,0.200000,0.000000,1.075898,2.975847,1.267516,1.771293,,0.770000
165.422638,up,0.937843,0.248672,0.780000,-9.166667,0.000000,0.000000,0.200000,0.000000,1.075898,2.975847,1.267516,1.771293,,0.780000
165.532052,up,0.937843,0.248672,0.790000,-9.166667,0.000000,0.000000,0.200000,0.000000,1.075898,2.975847,1.267516,1.771293,,0.790000
165.640265,hover,0.937843,0.248672,0.796667,-9.166667,0.000000,0.000000,0.000000,0.000000,1.075898,2.975847,1.267516,1.771293,,0.796667
165.754292,hover,0.937843,0.248672,0.796667,-9.166667,0.000000,0.000000,0.000000,0.000000,1.075898,2.975847,1.267516,1.771293,,0.796667
165.864258,up,0.937843,0.248672,0.800000,-9.166667,0.000000,0.000000,0.200000,0.000000,1.075898,2.975847,1.267516,1.771293,,0.800000
165.972864,up,0.937843,0.248672,0.810000,-9.166667,0.000000,0.000000,0.200000,0.000000,1.075898,2.975847,1.267516,1.771293,,0.810000
166.081316,up,0.937843,0.248672,0.820000,-9.166667,0.000000,0.000000,0.200000,0.000000,1.075898,2.975847,1.267516,1.771293,,0.820000
166.189948,hover,0.937843,0.248672,0.826667,-9.166667,0.000000,0.000000,0.000000,0.000000,1.075898,2.975847,1.267516,1.771293,,0.826667
166.298323,hover,0.937843,0.248672,0.826667,-9.166667,0.000000,0.000000,0.000000,0.000000,1.075898,2.975847,1.267516,1.771293,,0.826667
166.408181,up,0.937843,0.248672,0.830000,-9.166667,0.000000,0.000000,0.200000,0.000000,1.075898,2.975847,1.267516,1.771293,,0.830000
166.520462,up,0.937843,0.248672,0.840000,-9.166667,0.000000,0.000000,0.200000,0.000000,1.075898,2.975847,1.267516,1.771293,,0.840000
166.627419,up,0.937843,0.248672,0.850000,-9.166667,0.000000,0.000000,0.200000,0.000000,1.075898,2.975847,1.267516,1.771293,,0.850000
166.740502,up,0.937843,0.248672,0.860000,-9.166667,0.000000,0.000000,0.200000,0.000000,1.075898,2.975847,1.267516,1.771293,,0.860000
166.856395,hover,0.937843,0.248672,0.866667,-9.166667,0.000000,0.000000,0.000000,0.000000,1.075898,2.975847,1.267516,1.771293,,0.866667
166.968413,hover,0.937843,0.248672,0.866667,-9.166667,0.000000,0.000000,0.000000,0.000000,1.075898,2.975847,1.267516,1.771293,,0.866667
167.082262,hover,0.937843,0.248672,0.866667,-9.166667,0.000000,0.000000,0.000000,0.000000,1.075898,2.975847,1.267516,1.771293,,0.866667
167.198008,hover,0.937843,0.248672,0.866667,-9.166667,0.000000,0.000000,0.000000,0.000000,1.075898,2.975847,1.267516,1.771293,,0.866667
167.310812,up,0.937843,0.248672,0.873333,-9.166667,0.000000,0.000000,0.200000,0.000000,1.075898,2.975847,1.267516,1.771293,,0.873333
167.422285,up,0.937843,0.248672,0.883333,-9.166667,0.000000,0.000000,0.200000,0.000000,1.075898,2.975847,1.267516,1.771293,,0.883333
167.532944,hover,0.937843,0.248672,0.890000,-9.166667,0.000000,0.000000,0.000000,0.000000,1.075898,2.975847,1.267516,1.771293,,0.890000
167.647948,hover,0.937843,0.248672,0.890000,-9.166667,0.000000,0.000000,0.000000,0.000000,1.075898,2.975847,1.267516,1.771293,,0.890000
167.762731,up,0.937843,0.248672,0.893333,-9.166667,0.000000,0.000000,0.200000,0.000000,1.075898,2.975847,1.267516,1.771293,,0.893333
167.873985,up,0.937843,0.248672,0.903333,-9.166667,0.000000,0.000000,0.200000,0.000000,1.075898,2.975847,1.267516,1.771293,,0.903333
167.981184,up,0.937843,0.248672,0.913333,-9.166667,0.000000,0.000000,0.200000,0.000000,1.075898,2.975847,1.267516,1.771293,,0.913333
168.090789,up,0.937843,0.248672,0.923333,-9.166667,0.000000,0.000000,0.200000,0.000000,1.075898,2.975847,1.267516,1.771293,,0.923333
168.202467,up,0.937843,0.248672,0.933333,-9.166667,0.000000,0.000000,0.200000,0.000000,1.075898,2.975847,1.267516,1.771293,,0.933333
168.312578,up,0.937843,0.248672,0.943333,-9.166667,0.000000,0.000000,0.200000,0.000000,1.075898,2.975847,1.267516,1.771293,,0.943333
168.428136,hover,0.937843,0.248672,0.950000,-9.166667,0.000000,0.000000,0.000000,0.000000,1.075898,2.975847,1.267516,1.771293,,0.950000
168.536107,forward,0.955119,0.245884,0.950000,-9.166667,0.350000,0.000000,0.000000,0.000000,1.058398,2.993347,1.270340,1.768469,,0.950000
168.645491,forward,0.972396,0.243096,0.950000,-9.166667,0.350000,0.000000,0.000000,0.000000,1.040898,3.010847,1.273164,1.765645,,0.950000
168.761471,hover,0.983913,0.241237,0.950000,-9.166667,0.000000,0.000000,0.000000,0.000000,1.029231,3.022513,1.275046,1.763762,,0.950000
168.872713,hover,0.983913,0.241237,0.950000,-9.166667,0.000000,0.000000,0.000000,0.000000,1.029231,3.022513,1.275046,1.763762,,0.950000
168.985409,forward,0.989672,0.240308,0.950000,-9.166667,0.350000,0.000000,0.000000,0.000000,1.023398,3.028347,1.275988,1.762821,,0.950000
169.096734,forward,1.006949,0.237520,0.950000,-9.166667,0.350000,0.000000,0.000000,0.000000,1.005898,3.045847,1.278811,1.759997,,0.950000
169.210735,forward,1.024225,0.234732,0.950000,-9.166667,0.350000,0.000000,0.000000,0.000000,0.988398,3.063347,1.281635,1.757173,,0.950000
169.329286,forward,1.041502,0.231944,0.950000,-9.166667,0.350000,0.000000,0.000000,0.000000,0.970898,3.080847,1.284459,1.754349,,0.950000
169.424545,forward,1.053019,0.230086,0.950000,-9.166667,0.350000,0.000000,0.000000,0.000000,0.959231,3.092513,1.286342,1.752466,,0.950000
169.536419,forward,1.070296,0.227298,0.950000,-9.166667,0.350000,0.000000,0.000000,0.000000,0.941731,3.110013,1.289166,1.749642,,0.950000
169.653081,forward,1.087572,0.224510,0.950000,-9.166667,0.350000,0.000000,0.000000,0.000000,0.924231,3.127513,1.291990,1.746818,,0.950000
169.759751,yaw_right,1.099090,0.222651,0.950000,-10.083333,0.000000,0.000000,0.000000,-55.000000,0.915044,3.147709,1.297388,1.749677,,0.950000
169.867809,yaw_right,1.099090,0.222651,0.950000,-12.833333,0.000000,0.000000,0.000000,-55.000000,0.923991,3.178488,1.310074,1.766785,,0.950000
169.975203,yaw_right,1.099090,0.222651,0.950000,-15.583333,0.000000,0.000000,0.000000,-55.000000,0.935291,3.217358,1.326095,1.788391,,0.950000
170.085389,hover,1.099090,0.222651,0.950000,-17.416667,0.000000,0.000000,0.000000,0.000000,0.944198,3.248000,1.338725,1.805424,,0.950000
170.197954,hover,1.099090,0.222651,0.950000,-17.416667,0.000000,0.000000,0.000000,0.000000,0.944198,3.248000,1.338725,1.805424,,0.950000
170.310345,hover,1.099090,0.222651,0.950000,-17.416667,0.000000,0.000000,0.000000,0.000000,0.944198,3.248000,1.338725,1.805424,,0.950000
170.422148,hover,1.099090,0.222651,0.950000,-17.416667,0.000000,0.000000,0.000000,0.000000,0.944198,3.248000,1.338725,1.805424,,0.950000
170.531925,hover,1.099090,0.222651,0.950000,-17.416667,0.000000,0.000000,0.000000,0.000000,0.944198,3.248000,1.338725,1.805424,,0.950000
170.651031,left,1.100337,0.226627,0.950000,-17.416667,0.000000,0.250000,0.000000,0.000000,0.942891,3.249307,1.334558,1.809591,,0.950000
170.757370,left,1.102831,0.234578,0.950000,-17.416667,0.000000,0.250000,0.000000,0.000000,0.940277,3.251921,1.326225,1.817924,,0.950000
170.851303,left,1.105326,0.242530,0.950000,-17.416667,0.000000,0.250000,0.000000,0.000000,0.937663,3.254535,1.317891,1.826258,,0.950000
170.962913,forward,1.122023,0.237292,0.950000,-17.416667,0.350000,0.000000,0.000000,0.000000,0.920163,3.272035,1.323381,1.820768,,0.950000
171.070995,forward,1.138721,0.232054,0.950000,-17.416667,0.350000,0.000000,0.000000,0.000000,0.902663,3.289535,1.328871,1.815278,,0.950000
171.180689,left,1.151100,0.232537,0.950000,-17.416667,0.000000,0.250000,0.000000,0.000000,0.889689,3.302509,1.328364,1.815785,,0.950000
171.295149,left,1.154842,0.244464,0.950000,-17.416667,0.000000,0.250000,0.000000,0.000000,0.885768,3.306430,1.315864,1.828285,,0.950000
171.405848,left,1.158583,0.256391,0.950000,-17.416667,0.000000,0.250000,0.000000,0.000000,0.881847,3.310352,1.303364,1.840785,,0.950000
171.515446,hover,1.161077,0.264342,0.950000,-17.416667,0.000000,0.000000,0.000000,0.000000,0.879233,3.312966,1.295031,1.849118,,0.950000
171.634407,hover,1.161077,0.264342,0.950000,-17.416667,0.000000,0.000000,0.000000,0.000000,0.879233,3.312966,1.295031,1.849118,,0.950000
171.732544,hover,1.161077,0.264342,0.950000,-17.416667,0.000000,0.000000,0.000000,0.000000,0.879233,3.312966,1.295031,1.849118,,0.950000
171.842943,hover,1.161077,0.264342,0.950000,-17.416667,0.000000,0.000000,0.000000,0.000000,0.879233,3.312966,1.295031,1.849118,,0.950000
171.956723,hover,1.161077,0.264342,0.950000,-17.416667,0.000000,0.000000,0.000000,0.000000,0.879233,3.312966,1.295031,1.849118,,0.950000
172.065791,up,1.161077,0.264342,0.953333,-17.416667,0.000000,0.000000,0.200000,0.000000,0.879233,3.312966,1.295031,1.849118,,0.953333
172.182820,up,1.161077,0.264342,0.963333,-17.416667,0.000000,0.000000,0.200000,0.000000,0.879233,3.312966,1.295031,1.849118,,0.963333
172.278066,up,1.161077,0.264342,0.970000,-17.416667,0.000000,0.000000,0.200000,0.000000,0.879233,3.312966,1.295031,1.849118,,0.970000
172.386762,hover,1.161077,0.264342,0.976667,-17.416667,0.000000,0.000000,0.000000,0.000000,0.879233,3.312966,1.295031,1.849118,,0.976667
172.497065,hover,1.161077,0.264342,0.976667,-17.416667,0.000000,0.000000,0.000000,0.000000,0.879233,3.312966,1.295031,1.849118,,0.976667
172.604950,forward,1.172209,0.260850,0.976667,-17.416667,0.350000,0.000000,0.000000,0.000000,0.867566,3.324633,1.298691,1.845458,,0.976667
172.716366,forward,1.188907,0.255612,0.976667,-17.416667,0.350000,0.000000,0.000000,0.000000,0.850066,3.342133,1.304180,1.839969,,0.976667
172.824919,forward,1.205604,0.250374,0.976667,-17.416667,0.350000,0.000000,0.000000,0.000000,0.832566,3.359633,1.309670,1.834479,,0.976667
172.933538,left,1.208099,0.258325,0.976667,-17.416667,0.000000,0.250000,0.000000,0.000000,0.829952,3.362247,1.301337,1.842812,,0.976667
173.044613,left,1.211840,0.270252,0.976667,-17.416667,0.000000,0.250000,0.000000,0.000000,0.826030,3.366168,1.288837,1.855312,,0.976667
173.160186,hover,1.214335,0.278203,0.976667,-17.416667,0.000000,0.000000,0.000000,0.000000,0.823416,3.368782,1.280503,1.863645,,0.976667
173.268546,hover,1.214335,0.278203,0.976667,-17.416667,0.000000,0.000000,0.000000,0.000000,0.823416,3.368782,1.280503,1.863645,,0.976667
173.381011,hover,1.214335,0.278203,0.976667,-17.416667,0.000000,0.000000,0.000000,0.000000,0.823416,3.368782,1.280503,1.863645,,0.976667
173.488978,hover,1.214335,0.278203,0.976667,-17.416667,0.000000,0.000000,0.000000,0.000000,0.823416,3.368782,1.280503,1.863645,,0.976667
173.602046,hover,1.214335,0.278203,0.976667,-17.416667,0.000000,0.000000,0.000000,0.000000,0.823416,3.368782,1.280503,1.863645,,0.976667
173.723370,up,1.214335,0.278203,0.980000,-17.416667,0.000000,0.000000,0.200000,0.000000,0.823416,3.368782,1.280503,1.863645,,0.980000
173.823380,up,1.214335,0.278203,0.986667,-17.416667,0.000000,0.000000,0.200000,0.000000,0.823416,3.368782,1.280503,1.863645,,0.986667
173.921143,up,1.214335,0.278203,0.993333,-17.416667,0.000000,0.000000,0.200000,0.000000,0.823416,3.368782,1.280503,1.863645,,0.993333
174.033077,hover,1.214335,0.278203,1.000000,-17.416667,0.000000,0.000000,0.000000,0.000000,0.823416,3.368782,1.280503,1.863645,,1.000000
174.146383,hover,1.214335,0.278203,1.000000,-17.416667,0.000000,0.000000,0.000000,0.000000,0.823416,3.368782,1.280503,1.863645,,1.000000
174.263612,up,1.214335,0.278203,1.006667,-17.416667,0.000000,0.000000,0.200000,0.000000,0.823416,3.368782,1.280503,1.863645,,1.006667
174.357288,up,1.214335,0.278203,1.013333,-17.416667,0.000000,0.000000,0.200000,0.000000,0.823416,3.368782,1.280503,1.863645,,1.013333
174.469423,forward,1.219901,0.276457,1.020000,-17.416667,0.350000,0.000000,0.000000,0.000000,0.817583,3.374615,1.282333,1.861816,,1.020000
174.576287,forward,1.236598,0.271219,1.020000,-17.416667,0.350000,0.000000,0.000000,0.000000,0.800083,3.392115,1.287823,1.856326,,1.020000
174.688976,forward,1.253296,0.265981,1.020000,-17.416667,0.350000,0.000000,0.000000,0.000000,0.782583,3.409615,1.293313,1.850836,,1.020000
174.801984,hover,1.264428,0.262489,1.020000,-17.416667,0.000000,0.000000,0.000000,0.000000,0.770916,3.421282,1.296973,1.847176,,1.020000
174.910239,left,1.265675,0.266465,1.020000,-17.416667,0.000000,0.250000,0.000000,0.000000,0.769609,3.422589,1.292806,1.851343,,1.020000
175.023900,left,1.269416,0.278392,1.020000,-17.416667,0.000000,0.250000,0.000000,0.000000,0.765688,3.426510,1.280306,1.863843,,1.020000
175.135483,left,1.273158,0.290319,1.020000,-17.416667,0.000000,0.250000,0.000000,0.000000,0.761767,3.430432,1.267806,1.876343,,1.020000
175.244696,hover,1.275652,0.298270,1.020000,-17.416667,0.000000,0.000000,0.000000,0.000000,0.759153,3.433046,1.259473,1.884676,,1.020000
175.356290,forward,1.286784,0.294778,1.020000,-17.416667,0.350000,0.000000,0.000000,0.000000,0.747486,3.444713,1.263132,1.881016,,1.020000
175.462073,forward,1.303482,0.289540,1.020000,-17.416667,0.350000,0.000000,0.000000,0.000000,0.729986,3.462213,1.268622,1.875527,,1.020000
175.569379,forward,1.320179,0.284302,1.020000,-17.416667,0.350000,0.000000,0.000000,0.000000,0.712486,3.479713,1.274112,1.870037,,1.020000
175.676239,hover,1.320179,0.284302,1.020000,-17.416667,0.000000,0.000000,0.000000,0.000000,0.712486,3.479713,1.274112,1.870037,,1.020000
175.783613,forward,1.325745,0.282556,1.020000,-17.416667,0.350000,0.000000,0.000000,0.000000,0.706653,3.485546,1.275942,1.868207,,1.020000
175.894217,forward,1.342443,0.277318,1.020000,-17.416667,0.350000,0.000000,0.000000,0.000000,0.689153,3.503046,1.281432,1.862717,,1.020000
175.997796,forward,1.359141,0.272080,1.020000,-17.416667,0.350000,0.000000,0.000000,0.000000,0.671653,3.520546,1.286921,1.857227,,1.020000
176.102738,forward,1.375838,0.266842,1.020000,-17.416667,0.350000,0.000000,0.000000,0.000000,0.654153,3.538046,1.292411,1.851738,,1.020000
176.205416,forward,1.392536,0.261604,1.020000,-17.416667,0.350000,0.000000,0.000000,0.000000,0.636653,3.555546,1.297901,1.846248,,1.020000
176.309783,forward,1.409234,0.256365,1.020000,-17.416667,0.350000,0.000000,0.000000,0.000000,0.619153,3.573046,1.303391,1.840758,,1.020000
176.414841,forward,1.425931,0.251127,1.020000,-17.416667,0.350000,0.000000,0.000000,0.000000,0.601653,3.590546,1.308880,1.835268,,1.020000
176.521973,forward,1.442629,0.245889,1.020000,-17.416667,0.350000,0.000000,0.000000,0.000000,0.584153,3.608046,1.314370,1.829779,,1.020000
176.624290,forward,1.459327,0.240651,1.020000,-17.416667,0.350000,0.000000,0.000000,0.000000,0.566653,3.625546,1.319860,1.824289,,1.020000
176.740065,forward,1.476024,0.235413,1.020000,-17.416667,0.350000,0.000000,0.000000,0.000000,0.549153,3.643046,1.325350,1.818799,,1.020000
176.841056,forward,1.492722,0.230175,1.020000,-17.416667,0.350000,0.000000,0.000000,0.000000,0.531653,3.660546,1.330840,1.813309,,1.020000
176.941515,forward,1.509420,0.224937,1.020000,-17.416667,0.350000,0.000000,0.000000,0.000000,0.514153,3.678046,1.336329,1.807820,,1.020000
177.044139,forward,1.526117,0.219699,1.020000,-17.416667,0.350000,0.000000,0.000000,0.000000,0.496653,3.695546,1.341819,1.802330,,1.020000
177.145546,forward,1.542815,0.214461,1.020000,-17.416667,0.350000,0.000000,0.000000,0.000000,0.479153,3.713046,1.347309,1.796840,,1.020000
177.253216,yaw_right,1.553947,0.210969,1.020000,-18.333333,0.000000,0.000000,0.000000,-55.000000,0.469904,3.743981,1.357958,1.802457,,1.020000
177.358531,yaw_right,1.553947,0.210969,1.020000,-21.083333,0.000000,0.000000,0.000000,-55.000000,0.478055,3.583375,1.239982,1.833721,,1.020000
177.460791,yaw_right,1.553947,0.210969,1.020000,-23.833333,0.000000,0.000000,0.000000,-55.000000,0.487637,3.190059,1.103880,1.870474,,1.020000
177.570216,hover,1.553947,0.210969,1.020000,-25.666667,0.000000,0.000000,0.000000,0.000000,0.494884,2.976051,1.029825,1.898273,,1.020000
177.675735,hover,1.553947,0.210969,1.020000,-25.666667,0.000000,0.000000,0.000000,0.000000,0.494884,2.976051,1.029825,1.898273,,1.020000
177.781127,hover,1.553947,0.210969,1.020000,-25.666667,0.000000,0.000000,0.000000,0.000000,0.494884,2.976051,1.029825,1.898273,,1.020000
177.889411,hover,1.553947,0.210969,1.020000,-25.666667,0.000000,0.000000,0.000000,0.000000,0.494884,2.976051,1.029825,1.898273,,1.020000
177.995831,up,1.553947,0.210969,1.023333,-25.666667,0.000000,0.000000,0.200000,0.000000,0.494884,2.976051,1.029825,1.898273,,1.023333
178.105988,up,1.553947,0.210969,1.033333,-25.666667,0.000000,0.000000,0.200000,0.000000,0.494884,2.976051,1.029825,1.898273,,1.033333
178.214386,up,1.553947,0.210969,1.043333,-25.666667,0.000000,0.000000,0.200000,0.000000,0.494884,2.976051,1.029825,1.898273,,1.043333
178.315666,hover,1.553947,0.210969,1.050000,-25.666667,0.000000,0.000000,0.000000,0.000000,0.494884,2.976051,1.029825,1.898273,,1.050000
178.419951,hover,1.553947,0.210969,1.050000,-25.666667,0.000000,0.000000,0.000000,0.000000,0.494884,2.976051,1.029825,1.898273,,1.050000
178.530290,up,1.553947,0.210969,1.060000,-25.666667,0.000000,0.000000,0.200000,0.000000,0.494884,2.976051,1.029825,1.898273,,1.060000
178.630899,up,1.553947,0.210969,1.070000,-25.666667,0.000000,0.000000,0.200000,0.000000,0.494884,2.976051,1.029825,1.898273,,1.070000
178.736065,forward,1.559205,0.208442,1.076667,-25.666667,0.350000,0.000000,0.000000,0.000000,0.489050,2.981884,1.017687,1.895470,,1.076667
178.839440,forward,1.574978,0.200862,1.076667,-25.666667,0.350000,0.000000,0.000000,0.000000,0.471550,2.999384,0.981270,1.887060,,1.076667
178.940411,forward,1.590751,0.193282,1.076667,-25.666667,0.350000,0.000000,0.000000,0.000000,0.454050,3.016884,0.944853,1.878651,,1.076667
179.041502,hover,1.601267,0.188229,1.076667,-25.666667,0.000000,0.000000,0.000000,0.000000,0.442384,3.028551,0.920576,1.873044,,1.076667
179.142121,hover,1.601267,0.188229,1.076667,-25.666667,0.000000,0.000000,0.000000,0.000000,0.442384,3.028551,0.920576,1.873044,,1.076667
179.241410,forward,1.606524,0.185703,1.076667,-25.666667,0.350000,0.000000,0.000000,0.000000,0.436550,3.034384,0.908437,1.870241,,1.076667
179.292642,forward,1.622298,0.178123,1.076667,-25.666667,0.350000,0.000000,0.000000,0.000000,0.419050,3.051884,0.872020,1.861831,,1.076667
179.357510,forward,1.627555,0.175596,1.076667,-25.666667,0.350000,0.000000,0.000000,0.000000,0.413217,3.057718,0.859882,1.859028,,1.076667
179.408739,forward,1.643329,0.168016,1.076667,-25.666667,0.350000,0.000000,0.000000,0.000000,0.395717,3.075218,0.823465,1.850618,,1.076667
179.473263,forward,1.648586,0.165490,1.076667,-25.666667,0.350000,0.000000,0.000000,0.000000,0.389884,3.081051,0.811326,1.847815,,1.076667
179.524354,forward,1.664360,0.157910,1.076667,-25.666667,0.350000,0.000000,0.000000,0.000000,0.372384,3.098551,0.774910,1.839406,,1.076667
179.589844,forward,1.669617,0.155383,1.076667,-25.666667,0.350000,0.000000,0.000000,0.000000,0.366550,3.104384,0.762771,1.836602,,1.076667
179.641056,forward,1.685391,0.147803,1.076667,-25.666667,0.350000,0.000000,0.000000,0.000000,0.349050,3.121884,0.726354,1.828193,,1.076667
179.706501,forward,1.690648,0.145277,1.076667,-25.666667,0.350000,0.000000,0.000000,0.000000,0.343217,3.127718,0.714216,1.825389,,1.076667
179.757545,forward,1.706422,0.137697,1.076667,-25.666667,0.350000,0.000000,0.000000,0.000000,0.325717,3.145218,0.677799,1.816980,,1.076667
179.829151,forward,1.711679,0.135170,1.076667,-25.666667,0.350000,0.000000,0.000000,0.000000,0.319884,3.151051,0.665660,1.814177,,1.076667
179.931559,forward,1.727453,0.127590,1.076667,-25.666667,0.350000,0.000000,0.000000,0.000000,0.302384,3.168551,0.629244,1.805767,,1.076667
180.041691,hover,1.737968,0.122537,1.076667,-25.666667,0.000000,0.000000,0.000000,0.000000,0.290717,3.180218,0.604966,1.800160,,1.076667
180.149040,hover,1.737968,0.122537,1.076667,-25.666667,0.000000,0.000000,0.000000,0.000000,0.290717,3.180218,0.604966,1.800160,,1.076667
180.254868,forward,1.743226,0.120011,1.076667,-25.666667,0.350000,0.000000,0.000000,0.000000,0.284884,3.186051,0.592827,1.797357,,1.076667
180.366435,forward,1.758999,0.112431,1.076667,-25.666667,0.350000,0.000000,0.000000,0.000000,0.267384,3.203551,0.556411,1.788948,,1.076667
180.473471,forward,1.774772,0.104851,1.076667,-25.666667,0.350000,0.000000,0.000000,0.000000,0.249884,3.221051,0.519994,1.780538,,1.076667
180.578718,forward,1.790546,0.097271,1.076667,-25.666667,0.350000,0.000000,0.000000,0.000000,0.232384,3.238551,0.483578,1.772128,,1.076667
180.690977,forward,1.806319,0.089691,1.076667,-25.666667,0.350000,0.000000,0.000000,0.000000,0.214884,3.256051,0.447161,1.763719,,1.076667
180.802662,forward,1.822092,0.082111,1.076667,-25.666667,0.350000,0.000000,0.000000,0.000000,0.197384,3.273551,0.410745,1.755309,,1.076667
180.909345,forward,1.837865,0.074531,1.076667,-25.666667,0.350000,0.000000,0.000000,0.000000,0.179884,3.291051,0.374328,1.746899,,1.076667
181.020673,forward,1.853639,0.066952,1.076667,-25.666667,0.350000,0.000000,0.000000,0.000000,0.162384,3.308551,0.337912,1.738490,,1.076667
181.124087,forward,1.869412,0.059372,1.076667,-25.666667,0.350000,0.000000,0.000000,0.000000,0.144884,3.326051,0.301495,1.730080,,1.076667
181.231032,forward,1.880000,0.051792,1.076667,-25.666667,0.350000,0.000000,0.000000,0.000000,0.133137,3.343551,0.277050,1.721670,,1.076667
181.336859,back,1.869484,0.054318,1.076667,-25.666667,-0.350000,0.000000,0.000000,0.000000,0.144803,3.337718,0.301328,1.724474,,1.076667
181.446157,back,1.853711,0.061898,1.076667,-25.666667,-0.350000,0.000000,0.000000,0.000000,0.162303,3.320218,0.337744,1.732883,,1.076667
181.548333,back,1.837938,0.069478,1.076667,-25.666667,-0.350000,0.000000,0.000000,0.000000,0.179803,3.302718,0.374161,1.741293,,1.076667
181.652375,hover,1.837938,0.069478,1.076667,-25.666667,0.000000,0.000000,0.000000,0.000000,0.179803,3.302718,0.374161,1.741293,,1.076667
181.756444,hover,1.837938,0.069478,1.076667,-25.666667,0.000000,0.000000,0.000000,0.000000,0.179803,3.302718,0.374161,1.741293,,1.076667
181.863424,back,1.822165,0.077058,1.076667,-25.666667,-0.350000,0.000000,0.000000,0.000000,0.197303,3.285218,0.410577,1.749703,,1.076667
181.967349,back,1.806391,0.084638,1.076667,-25.666667,-0.350000,0.000000,0.000000,0.000000,0.214803,3.267718,0.446994,1.758112,,1.076667
182.074753,yaw_left,1.795876,0.089691,1.076667,-24.750000,0.000000,0.000000,0.000000,55.000000,0.224771,3.368628,0.487566,1.750485,,1.076667
182.183580,yaw_left,1.795876,0.089691,1.076667,-22.000000,0.000000,0.000000,0.000000,55.000000,0.220155,3.764773,0.544902,1.714537,,1.076667
182.290495,yaw_left,1.795876,0.089691,1.076667,-19.250000,0.000000,0.000000,0.000000,55.000000,0.216213,,0.619138,1.683836,,1.076667
182.399088,hover,1.795876,0.089691,1.076667,-17.416667,0.000000,0.000000,0.000000,0.000000,0.213932,3.978266,0.681963,1.666075,,1.076667
182.506399,hover,1.795876,0.089691,1.076667,-17.416667,0.000000,0.000000,0.000000,0.000000,0.213932,3.978266,0.681963,1.666075,,1.076667
182.627391,hover,1.795876,0.089691,1.076667,-17.416667,0.000000,0.000000,0.000000,0.000000,0.213932,3.978266,0.681963,1.666075,,1.076667
182.723389,right,1.794629,0.085715,1.076667,-17.416667,0.000000,-0.250000,0.000000,0.000000,0.215239,3.976959,0.686130,1.661908,,1.076667
182.835241,right,1.790887,0.073789,1.076667,-17.416667,0.000000,-0.250000,0.000000,0.000000,0.219160,3.973038,0.698630,1.649408,,1.076667
182.940425,right,1.787146,0.061862,1.076667,-17.416667,0.000000,-0.250000,0.000000,0.000000,0.223082,3.969117,0.711130,1.636908,,1.076667
183.044034,hover,1.784652,0.053910,1.076667,-17.416667,0.000000,0.000000,0.000000,0.000000,0.225696,3.966503,0.719463,1.628575,,1.076667
183.148202,hover,1.784652,0.053910,1.076667,-17.416667,0.000000,0.000000,0.000000,0.000000,0.225696,3.966503,0.719463,1.628575,,1.076667
183.250968,hover,1.784652,0.053910,1.076667,-17.416667,0.000000,0.000000,0.000000,0.000000,0.225696,3.966503,0.719463,1.628575,,1.076667
183.360570,hover,1.784652,0.053910,1.076667,-17.416667,0.000000,0.000000,0.000000,0.000000,0.225696,3.966503,0.719463,1.628575,,1.076667
183.467446,hover,1.784652,0.053910,1.076667,-17.416667,0.000000,0.000000,0.000000,0.000000,0.225696,3.966503,0.719463,1.628575,,1.076667
183.575289,hover,1.784652,0.053910,1.076667,-17.416667,0.000000,0.000000,0.000000,0.000000,0.225696,3.966503,0.719463,1.628575,,1.076667
183.680136,hover,1.784652,0.053910,1.076667,-17.416667,0.000000,0.000000,0.000000,0.000000,0.225696,3.966503,0.719463,1.628575,,1.076667
183.784431,hover,1.784652,0.053910,1.076667,-17.416667,0.000000,0.000000,0.000000,0.000000,0.225696,3.966503,0.719463,1.628575,,1.076667
183.889552,hover,1.784652,0.053910,1.076667,-17.416667,0.000000,0.000000,0.000000,0.000000,0.225696,3.966503,0.719463,1.628575,,1.076667
183.994147,hover,1.784652,0.053910,1.076667,-17.416667,0.000000,0.000000,0.000000,0.000000,0.225696,3.966503,0.719463,1.628575,,1.076667
184.097554,hover,1.784652,0.053910,1.076667,-17.416667,0.000000,0.000000,0.000000,0.000000,0.225696,3.966503,0.719463,1.628575,,1.076667
184.202912,hover,1.784652,0.053910,1.076667,-17.416667,0.000000,0.000000,0.000000,0.000000,0.225696,3.966503,0.719463,1.628575,,1.076667
184.307199,hover,1.784652,0.053910,1.076667,-17.416667,0.000000,0.000000,0.000000,0.000000,0.225696,3.966503,0.719463,1.628575,,1.076667
184.412275,hover,1.784652,0.053910,1.076667,-17.416667,0.000000,0.000000,0.000000,0.000000,0.225696,3.966503,0.719463,1.628575,,1.076667
184.516518,hover,1.784652,0.053910,1.076667,-17.416667,0.000000,0.000000,0.000000,0.000000,0.225696,3.966503,0.719463,1.628575,,1.076667
184.624544,hover,1.784652,0.053910,1.076667,-17.416667,0.000000,0.000000,0.000000,0.000000,0.225696,3.966503,0.719463,1.628575,,1.076667
184.728899,hover,1.784652,0.053910,1.076667,-17.416667,0.000000,0.000000,0.000000,0.000000,0.225696,3.966503,0.719463,1.628575,,1.076667
184.837605,yaw_left,1.784652,0.053910,1.076667,-16.500000,0.000000,0.000000,0.000000,55.000000,0.224597,3.947198,0.758228,1.620649,,1.076667
184.938720,yaw_left,1.784652,0.053910,1.076667,-13.750000,0.000000,0.000000,0.000000,55.000000,0.221702,3.896312,0.906021,1.599756,,1.076667
185.040937,yaw_left,1.784652,0.053910,1.076667,-11.000000,0.000000,0.000000,0.000000,55.000000,0.219379,3.855488,1.128608,1.582994,,1.076667
185.144781,hover,1.784652,0.053910,1.076667,-9.166667,0.000000,0.000000,0.000000,0.000000,0.218134,3.833610,1.351784,1.574012,,1.076667
185.246229,hover,1.784652,0.053910,1.076667,-9.166667,0.000000,0.000000,0.000000,0.000000,0.218134,3.833610,1.351784,1.574012,,1.076667
185.349543,yaw_left,1.784652,0.053910,1.076667,-8.250000,0.000000,0.000000,0.000000,55.000000,0.217600,3.824227,1.461211,1.570159,,1.076667
185.455728,yaw_left,1.784652,0.053910,1.076667,-5.500000,0.000000,0.000000,0.000000,55.000000,0.216345,3.802156,1.452778,1.561097,,1.076667
185.560378,yaw_left,1.784652,0.053910,1.076667,-2.750000,0.000000,0.000000,0.000000,55.000000,0.215597,3.789015,1.447757,1.555702,,1.076667
185.668261,hover,1.784652,0.053910,1.076667,-0.916667,0.000000,0.000000,0.000000,0.000000,0.215376,3.785136,1.446275,1.554109,,1.076667
185.767015,hover,1.784652,0.053910,1.076667,-0.916667,0.000000,0.000000,0.000000,0.000000,0.215376,3.785136,1.446275,1.554109,,1.076667
185.818298,hover,1.784652,0.053910,1.076667,-0.916667,0.000000,0.000000,0.000000,0.000000,0.215376,3.785136,1.446275,1.554109,,1.076667
185.885849,hover,1.784652,0.053910,1.076667,-0.916667,0.000000,0.000000,0.000000,0.000000,0.215376,3.785136,1.446275,1.554109,,1.076667
185.985624,right,1.784452,0.041412,1.076667,-0.916667,0.000000,-0.250000,0.000000,0.000000,0.215576,3.784936,1.458775,1.541609,,1.076667
186.036488,right,1.784252,0.028914,1.076667,-0.916667,0.000000,-0.250000,0.000000,0.000000,0.215776,3.784736,1.471275,1.529109,,1.076667
186.101850,right,1.784185,0.024747,1.076667,-0.916667,0.000000,-0.250000,0.000000,0.000000,0.215843,3.784669,1.475441,1.524943,,1.076667
186.153026,right,1.783985,0.012249,1.076667,-0.916667,0.000000,-0.250000,0.000000,0.000000,0.216043,3.784469,1.487941,1.512443,,1.076667
186.214815,hover,1.783985,0.012249,1.076667,-0.916667,0.000000,0.000000,0.000000,0.000000,0.216043,3.784469,1.487941,1.512443,,1.076667
186.265638,hover,1.783985,0.012249,1.076667,-0.916667,0.000000,0.000000,0.000000,0.000000,0.216043,3.784469,1.487941,1.512443,,1.076667
186.330291,hover,1.783985,0.012249,1.076667,-0.916667,0.000000,0.000000,0.000000,0.000000,0.216043,3.784469,1.487941,1.512443,,1.076667
186.381241,yaw_left,1.783985,0.012249,1.076667,1.833333,0.000000,0.000000,0.000000,55.000000,0.216126,3.785923,1.488513,1.513023,,1.076667
186.447643,yaw_left,1.783985,0.012249,1.076667,2.750000,0.000000,0.000000,0.000000,55.000000,0.216264,3.788348,1.489466,1.513993,,1.076667
186.551337,yaw_left,1.783985,0.012249,1.076667,5.500000,0.000000,0.000000,0.000000,55.000000,0.217014,3.801486,1.494632,1.519243,,1.076667
186.653636,hover,1.783985,0.012249,1.076667,7.333333,0.000000,0.000000,0.000000,0.000000,0.217797,3.815192,1.500021,1.524721,,1.076667
186.758197,hover,1.783985,0.012249,1.076667,7.333333,0.000000,0.000000,0.000000,0.000000,0.217797,3.815192,1.500021,1.524721,,1.076667
186.856377,forward,1.801342,0.014483,1.076667,7.333333,0.350000,0.000000,0.000000,0.000000,0.200297,3.832692,1.497768,1.526973,,1.076667
186.907201,forward,1.818699,0.016716,1.076667,7.333333,0.350000,0.000000,0.000000,0.000000,0.182797,3.850192,1.495516,1.420394,,1.076667
186.973189,forward,1.824484,0.017461,1.076667,7.333333,0.350000,0.000000,0.000000,0.000000,0.176963,3.856025,1.494766,1.375066,,1.076667
187.069610,forward,1.841841,0.019695,1.076667,7.333333,0.350000,0.000000,0.000000,0.000000,0.159463,3.873525,1.492513,1.239085,,1.076667
187.120419,hover,1.841841,0.019695,1.076667,7.333333,0.000000,0.000000,0.000000,0.000000,0.159463,3.873525,1.492513,1.239085,,1.076667
187.185273,hover,1.841841,0.019695,1.076667,7.333333,0.000000,0.000000,0.000000,0.000000,0.159463,3.873525,1.492513,1.239085,,1.076667
187.236467,right,1.843437,0.007297,1.076667,7.333333,0.000000,-0.250000,0.000000,0.000000,0.157855,3.875134,1.505013,1.226585,,1.076667
187.299324,right,1.843968,0.003164,1.076667,7.333333,0.000000,-0.250000,0.000000,0.000000,0.157318,3.875670,1.509180,1.222419,,1.076667
187.350563,right,1.845564,-0.009233,1.076667,7.333333,0.000000,-0.250000,0.000000,0.000000,0.155710,3.877279,1.521680,1.209919,,1.076667
187.414842,right,1.846096,-0.013366,1.076667,7.333333,0.000000,-0.250000,0.000000,0.000000,0.155173,3.877815,1.525847,1.205752,,1.076667
187.465667,right,1.847691,-0.025764,1.076667,7.333333,0.000000,-0.250000,0.000000,0.000000,0.153565,3.879424,1.538347,1.193252,,1.076667
187.526826,hover,1.847691,-0.025764,1.076667,7.333333,0.000000,0.000000,0.000000,0.000000,0.153565,3.879424,1.538347,1.193252,,1.076667
187.577762,hover,1.847691,-0.025764,1.076667,7.333333,0.000000,0.000000,0.000000,0.000000,0.153565,3.879424,1.538347,1.193252,,1.076667
187.640839,hover,1.847691,-0.025764,1.076667,7.333333,0.000000,0.000000,0.000000,0.000000,0.153565,3.879424,1.538347,1.193252,,1.076667
187.691865,hover,1.847691,-0.025764,1.076667,7.333333,0.000000,0.000000,0.000000,0.000000,0.153565,3.879424,1.538347,1.193252,,1.076667
187.757725,hover,1.847691,-0.025764,1.076667,7.333333,0.000000,0.000000,0.000000,0.000000,0.153565,3.879424,1.538347,1.193252,,1.076667
187.858303,left,1.847160,-0.021631,1.076667,7.333333,0.000000,0.250000,0.000000,0.000000,0.154101,3.878887,1.534180,1.197419,,1.076667
187.958315,forward,1.851881,-0.012621,1.076667,7.333333,0.350000,0.000000,0.000000,0.000000,0.149340,3.883648,1.525096,1.160425,,1.076667
188.009166,forward,1.869238,-0.010388,1.076667,7.333333,0.350000,0.000000,0.000000,0.000000,0.131840,3.901148,1.522844,1.024444,,1.076667
188.070476,forward,1.875024,-0.009643,1.076667,7.333333,0.350000,0.000000,0.000000,0.000000,0.126007,3.906982,1.522093,0.979117,,1.076667
188.121235,forward,1.880000,-0.007409,1.076667,7.333333,0.350000,0.000000,0.000000,0.000000,0.120990,3.911999,1.519841,0.940132,,1.076667
188.181575,forward,1.880000,-0.006665,1.076667,7.333333,0.350000,0.000000,0.000000,0.000000,0.120990,3.911999,1.519090,0.940132,,1.076667
188.232821,forward,1.880000,-0.004431,1.076667,7.333333,0.350000,0.000000,0.000000,0.000000,0.120990,3.911999,1.516838,0.940132,,1.076667
188.293327,hover,1.880000,-0.004431,1.076667,7.333333,0.000000,0.000000,0.000000,0.000000,0.120990,3.911999,1.516838,0.940132,,1.076667
188.344429,hover,1.880000,-0.004431,1.076667,7.333333,0.000000,0.000000,0.000000,0.000000,0.120990,3.911999,1.516838,0.940132,,1.076667
188.405409,forward,1.880000,-0.003686,1.076667,7.333333,0.350000,0.000000,0.000000,0.000000,0.120990,3.911999,1.516087,0.940132,,1.076667
188.456520,forward,1.880000,-0.001453,1.076667,7.333333,0.350000,0.000000,0.000000,0.000000,0.120990,3.911999,1.513835,0.940132,,1.076667
188.525307,forward,1.880000,-0.000708,1.076667,7.333333,0.350000,0.000000,0.000000,0.000000,0.120990,3.911999,1.513085,0.940132,,1.076667
188.621422,forward,1.880000,0.001526,1.076667,7.333333,0.350000,0.000000,0.000000,0.000000,0.120990,3.911999,1.510832,0.940132,,1.076667
188.672249,forward,1.880000,0.003759,1.076667,7.333333,0.350000,0.000000,0.000000,0.000000,0.120990,3.911999,1.508580,0.940132,,1.076667
188.737324,right,1.880000,-0.000373,1.076667,7.333333,0.000000,-0.250000,0.000000,0.000000,0.120990,3.911999,1.512747,0.940132,,1.076667
188.788300,right,1.880000,-0.012771,1.076667,7.333333,0.000000,-0.250000,0.000000,0.000000,0.120990,3.911999,1.525247,0.940132,,1.076667
188.848990,right,1.880000,-0.016904,1.076667,7.333333,0.000000,-0.250000,0.000000,0.000000,0.120990,3.911999,1.529414,0.940132,,1.076667
188.899903,right,1.880000,-0.029301,1.076667,7.333333,0.000000,-0.250000,0.000000,0.000000,0.120990,3.911999,1.541914,0.940132,,1.076667
188.961287,left,1.879468,-0.025169,1.076667,7.333333,0.000000,0.250000,0.000000,0.000000,0.121526,3.911463,1.537747,0.944299,,1.076667
189.012540,left,1.877873,-0.012771,1.076667,7.333333,0.000000,0.250000,0.000000,0.000000,0.123135,3.909854,1.525247,0.956799,,1.076667
189.073187,left,1.877341,-0.008638,1.076667,7.333333,0.000000,0.250000,0.000000,0.000000,0.123671,3.909318,1.521080,0.960965,,1.076667
189.124092,left,1.875745,0.003759,1.076667,7.333333,0.000000,0.250000,0.000000,0.000000,0.125279,3.907709,1.508580,0.973465,,1.076667
189.186400,left,1.875213,0.007892,1.076667,7.333333,0.000000,0.250000,0.000000,0.000000,0.125816,3.907173,1.504414,0.977632,,1.076667
189.237185,left,1.873618,0.020290,1.076667,7.333333,0.000000,0.250000,0.000000,0.000000,0.127424,3.905564,1.491914,0.990132,,1.076667
189.297562,hover,1.873618,0.020290,1.076667,7.333333,0.000000,0.000000,0.000000,0.000000,0.127424,3.905564,1.491914,0.990132,,1.076667
189.348801,hover,1.873618,0.020290,1.076667,7.333333,0.000000,0.000000,0.000000,0.000000,0.127424,3.905564,1.491914,0.990132,,1.076667
189.408362,hover,1.873618,0.020290,1.076667,7.333333,0.000000,0.000000,0.000000,0.000000,0.127424,3.905564,1.491914,0.990132,,1.076667
189.459383,hover,1.873618,0.020290,1.076667,7.333333,0.000000,0.000000,0.000000,0.000000,0.127424,3.905564,1.491914,0.990132,,1.076667
189.520636,left,1.873086,0.024422,1.076667,7.333333,0.000000,0.250000,0.000000,0.000000,0.127961,3.905028,1.487747,0.994299,,1.076667
189.571472,left,1.871491,0.036820,1.076667,7.333333,0.000000,0.250000,0.000000,0.000000,0.129569,3.903419,1.475247,1.006799,,1.076667
189.632126,left,1.870959,0.040953,1.076667,7.333333,0.000000,0.250000,0.000000,0.000000,0.130106,3.902883,1.471080,1.010965,,1.076667
189.683083,left,1.869363,0.053350,1.076667,7.333333,0.000000,0.250000,0.000000,0.000000,0.131714,3.901274,1.458580,1.023465,,1.076667
189.738505,right,1.869895,0.049218,1.076667,7.333333,0.000000,-0.250000,0.000000,0.000000,0.131178,3.901810,1.462747,1.019299,,1.076667
189.789672,right,1.871491,0.036820,1.076667,7.333333,0.000000,-0.250000,0.000000,0.000000,0.129569,3.903419,1.475247,1.006799,,1.076667
189.848690,right,1.872022,0.032687,1.076667,7.333333,0.000000,-0.250000,0.000000,0.000000,0.129033,3.903955,1.479414,1.002632,,1.076667
189.899765,forward,1.880000,0.034921,1.076667,7.333333,0.350000,0.000000,0.000000,0.000000,0.120990,3.911999,1.477161,0.940132,,1.076667
189.959299,forward,1.880000,0.035666,1.076667,7.333333,0.350000,0.000000,0.000000,0.000000,0.120990,3.911999,1.476411,0.940132,,1.076667
190.010352,forward,1.880000,0.037899,1.076667,7.333333,0.350000,0.000000,0.000000,0.000000,0.120990,3.911999,1.474159,0.940132,,1.076667
190.068343,forward,1.880000,0.038644,1.076667,7.333333,0.350000,0.000000,0.000000,0.000000,0.120990,3.911999,1.473408,0.940132,,1.076667
190.119452,forward,1.880000,0.040878,1.076667,7.333333,0.350000,0.000000,0.000000,0.000000,0.120990,3.911999,1.471156,0.940132,,1.076667
190.177831,hover,1.880000,0.040878,1.076667,7.333333,0.000000,0.000000,0.000000,0.000000,0.120990,3.911999,1.471156,0.940132,,1.076667
190.229049,hover,1.880000,0.040878,1.076667,7.333333,0.000000,0.000000,0.000000,0.000000,0.120990,3.911999,1.471156,0.940132,,1.076667
190.285788,hover,1.880000,0.040878,1.076667,7.333333,0.000000,0.000000,0.000000,0.000000,0.120990,3.911999,1.471156,0.940132,,1.076667
190.336639,hover,1.880000,0.040878,1.076667,7.333333,0.000000,0.000000,0.000000,0.000000,0.120990,3.911999,1.471156,0.940132,,1.076667
190.394224,hover,1.880000,0.040878,1.076667,7.333333,0.000000,0.000000,0.000000,0.000000,0.120990,3.911999,1.471156,0.940132,,1.076667
190.445230,hover,1.880000,0.040878,1.076667,7.333333,0.000000,0.000000,0.000000,0.000000,0.120990,3.911999,1.471156,0.940132,,1.076667
190.503877,hover,1.880000,0.040878,1.076667,7.333333,0.000000,0.000000,0.000000,0.000000,0.120990,3.911999,1.471156,0.940132,,1.076667
190.554824,hover,1.880000,0.040878,1.076667,7.333333,0.000000,0.000000,0.000000,0.000000,0.120990,3.911999,1.471156,0.940132,,1.076667
190.613382,hover,1.880000,0.040878,1.076667,7.333333,0.000000,0.000000,0.000000,0.000000,0.120990,3.911999,1.471156,0.940132,,1.076667
190.664408,hover,1.880000,0.040878,1.076667,7.333333,0.000000,0.000000,0.000000,0.000000,0.120990,3.911999,1.471156,0.940132,,1.076667
190.723507,hover,1.880000,0.040878,1.076667,7.333333,0.000000,0.000000,0.000000,0.000000,0.120990,3.911999,1.471156,0.940132,,1.076667
190.774512,right,1.880000,0.032613,1.076667,7.333333,0.000000,-0.250000,0.000000,0.000000,0.120990,3.911999,1.479489,0.940132,,1.076667
190.834951,right,1.880000,0.028480,1.076667,7.333333,0.000000,-0.250000,0.000000,0.000000,0.120990,3.911999,1.483656,0.940132,,1.076667
190.886102,right,1.880000,0.016082,1.076667,7.333333,0.000000,-0.250000,0.000000,0.000000,0.120990,3.911999,1.496156,0.940132,,1.076667
190.946784,right,1.880000,0.011950,1.076667,7.333333,0.000000,-0.250000,0.000000,0.000000,0.120990,3.911999,1.500322,0.940132,,1.076667
190.997700,right,1.880000,-0.000448,1.076667,7.333333,0.000000,-0.250000,0.000000,0.000000,0.120990,3.911999,1.512822,0.940132,,1.076667
191.054590,right,1.880000,-0.004581,1.076667,7.333333,0.000000,-0.250000,0.000000,0.000000,0.120990,3.911999,1.516989,0.940132,,1.076667
191.105794,hover,1.880000,-0.004581,1.076667,7.333333,0.000000,0.000000,0.000000,0.000000,0.120990,3.911999,1.516989,0.940132,,1.076667
191.164232,hover,1.880000,-0.004581,1.076667,7.333333,0.000000,0.000000,0.000000,0.000000,0.120990,3.911999,1.516989,0.940132,,1.076667
191.215398,hover,1.880000,-0.004581,1.076667,7.333333,0.000000,0.000000,0.000000,0.000000,0.120990,3.911999,1.516989,0.940132,,1.076667
191.273766,hover,1.880000,-0.004581,1.076667,7.333333,0.000000,0.000000,0.000000,0.000000,0.120990,3.911999,1.516989,0.940132,,1.076667
191.324983,hover,1.880000,-0.004581,1.076667,7.333333,0.000000,0.000000,0.000000,0.000000,0.120990,3.911999,1.516989,0.940132,,1.076667
191.382993,hover,1.880000,-0.004581,1.076667,7.333333,0.000000,0.000000,0.000000,0.000000,0.120990,3.911999,1.516989,0.940132,,1.076667
191.434090,hover,1.880000,-0.004581,1.076667,7.333333,0.000000,0.000000,0.000000,0.000000,0.120990,3.911999,1.516989,0.940132,,1.076667
191.492235,hover,1.880000,-0.004581,1.076667,7.333333,0.000000,0.000000,0.000000,0.000000,0.120990,3.911999,1.516989,0.940132,,1.076667
191.543171,hover,1.880000,-0.004581,1.076667,7.333333,0.000000,0.000000,0.000000,0.000000,0.120990,3.911999,1.516989,0.940132,,1.076667
191.601250,hover,1.880000,-0.004581,1.076667,7.333333,0.000000,0.000000,0.000000,0.000000,0.120990,3.911999,1.516989,0.940132,,1.076667
191.652282,hover,1.880000,-0.004581,1.076667,7.333333,0.000000,0.000000,0.000000,0.000000,0.120990,3.911999,1.516989,0.940132,,1.076667
191.711336,back,1.874214,-0.005325,1.076667,7.333333,-0.350000,0.000000,0.000000,0.000000,0.126823,3.906165,1.517740,0.985459,,1.076667
191.762362,back,1.856858,-0.007559,1.076667,7.333333,-0.350000,0.000000,0.000000,0.000000,0.144323,3.888665,1.519992,1.121440,,1.076667
191.821413,back,1.851072,-0.008304,1.076667,7.333333,-0.350000,0.000000,0.000000,0.000000,0.150156,3.882832,1.520743,1.166767,,1.076667
191.872451,back,1.833715,-0.010537,1.076667,7.333333,-0.350000,0.000000,0.000000,0.000000,0.167656,3.865332,1.522995,1.302748,,1.076667
191.934630,back,1.827929,-0.011282,1.076667,7.333333,-0.350000,0.000000,0.000000,0.000000,0.173490,3.859499,1.523746,1.348075,,1.076667
191.985553,back,1.810573,-0.013516,1.076667,7.333333,-0.350000,0.000000,0.000000,0.000000,0.190990,3.841999,1.525998,1.484057,,1.076667
192.045104,hover,1.810573,-0.013516,1.076667,7.333333,0.000000,0.000000,0.000000,0.000000,0.190990,3.841999,1.525998,1.484057,,1.076667
192.096157,hover,1.810573,-0.013516,1.076667,7.333333,0.000000,0.000000,0.000000,0.000000,0.190990,3.841999,1.525998,1.484057,,1.076667
192.163693,back,1.804787,-0.014260,1.076667,7.333333,-0.350000,0.000000,0.000000,0.000000,0.196823,3.836165,1.526748,1.497993,,1.076667
192.263818,back,1.787430,-0.016494,1.076667,7.333333,-0.350000,0.000000,0.000000,0.000000,0.214323,3.818665,1.529001,1.495741,,1.076667
192.362991,back,1.770073,-0.018728,1.076667,7.333333,-0.350000,0.000000,0.000000,0.000000,0.231823,3.801165,1.531253,1.493489,,1.076667
192.413945,back,1.752716,-0.020961,1.076667,7.333333,-0.350000,0.000000,0.000000,0.000000,0.249323,3.783665,1.533505,1.491236,,1.076667
192.486337,back,1.746931,-0.021706,1.076667,7.333333,-0.350000,0.000000,0.000000,0.000000,0.255156,3.777832,1.534256,1.490486,,1.076667
192.596015,back,1.729574,-0.023940,1.076667,7.333333,-0.350000,0.000000,0.000000,0.000000,0.272656,3.760332,1.536508,1.488234,,1.076667
192.707081,back,1.712217,-0.026173,1.076667,7.333333,-0.350000,0.000000,0.000000,0.000000,0.290156,3.742832,1.538760,1.485981,,1.076667
192.811767,back,1.694860,-0.028407,1.076667,7.333333,-0.350000,0.000000,0.000000,0.000000,0.307656,3.725332,1.541012,1.483729,,1.076667
192.914666,back,1.677503,-0.030641,1.076667,7.333333,-0.350000,0.000000,0.000000,0.000000,0.325156,3.707832,1.543264,1.481477,,1.076667
193.019285,back,1.660146,-0.032875,1.076667,7.333333,-0.350000,0.000000,0.000000,0.000000,0.342656,3.690332,1.545516,1.479225,,1.076667
193.123595,back,1.642790,-0.035108,1.076667,7.333333,-0.350000,0.000000,0.000000,0.000000,0.360156,3.672832,1.547768,1.476973,,1.076667
193.233814,back,1.625433,-0.037342,1.076667,7.333333,-0.350000,0.000000,0.000000,0.000000,0.377656,3.655332,1.550021,1.474721,,1.076667
193.335220,back,1.608076,-0.039576,1.076667,7.333333,-0.350000,0.000000,0.000000,0.000000,0.395156,3.637832,1.552273,1.472469,,1.076667
193.434267,back,1.590719,-0.041809,1.076667,7.333333,-0.350000,0.000000,0.000000,0.000000,0.412656,3.620332,1.554525,1.470216,,1.076667
193.485369,back,1.573362,-0.044043,1.076667,7.333333,-0.350000,0.000000,0.000000,0.000000,0.430156,3.602832,1.556777,1.467964,,1.076667
193.548044,back,1.567577,-0.044788,1.076667,7.333333,-0.350000,0.000000,0.000000,0.000000,0.435990,3.596999,1.557528,1.467214,,1.076667
193.598989,back,1.550220,-0.047022,1.076667,7.333333,-0.350000,0.000000,0.000000,0.000000,0.453490,3.579499,1.559780,1.464961,,1.076667
193.662917,back,1.544434,-0.047766,1.076667,7.333333,-0.350000,0.000000,0.000000,0.000000,0.459323,3.573665,1.560531,1.464211,,1.076667
193.714049,back,1.527077,-0.050000,1.076667,7.333333,-0.350000,0.000000,0.000000,0.000000,0.476823,3.556165,1.562783,1.461958,,1.076667
193.781553,back,1.521292,-0.050744,1.076667,7.333333,-0.350000,0.000000,0.000000,0.000000,0.482656,3.550332,1.563534,1.461208,,1.076667
193.879476,back,1.503935,-0.052978,1.076667,7.333333,-0.350000,0.000000,0.000000,0.000000,0.500156,3.532832,1.565786,1.458956,,1.076667
193.930791,back,1.486578,-0.055212,1.076667,7.333333,-0.350000,0.000000,0.000000,0.000000,0.517656,3.515332,1.568038,1.456703,,1.076667
193.996998,back,1.480792,-0.055956,1.076667,7.333333,-0.350000,0.000000,0.000000,0.000000,0.523490,3.509499,1.568789,1.455953,,1.076667
194.094580,hover,1.475007,-0.056701,1.076667,7.333333,0.000000,0.000000,0.000000,0.000000,0.529323,3.503665,1.569539,1.455202,,1.076667
194.145473,hover,1.475007,-0.056701,1.076667,7.333333,0.000000,0.000000,0.000000,0.000000,0.529323,3.503665,1.569539,1.455202,,1.076667
194.211888,forward,1.480792,-0.055956,1.076667,7.333333,0.350000,0.000000,0.000000,0.000000,0.523490,3.509499,1.568789,1.455953,,1.076667
194.309690,forward,1.498149,-0.053723,1.076667,7.333333,0.350000,0.000000,0.000000,0.000000,0.505990,3.526999,1.566536,1.458205,,1.076667
194.360589,forward,1.515506,-0.051489,1.076667,7.333333,0.350000,0.000000,0.000000,0.000000,0.488490,3.544499,1.564284,1.460457,,1.076667
194.423247,forward,1.521292,-0.050744,1.076667,7.333333,0.350000,0.000000,0.000000,0.000000,0.482656,3.550332,1.563534,1.461208,,1.076667
194.474197,forward,1.538648,-0.048511,1.076667,7.333333,0.350000,0.000000,0.000000,0.000000,0.465156,3.567832,1.561281,1.463460,,1.076667
194.541763,hover,1.538648,-0.048511,1.076667,7.333333,0.000000,0.000000,0.000000,0.000000,0.465156,3.567832,1.561281,1.463460,,1.076667
194.637725,hover,1.538648,-0.048511,1.076667,7.333333,0.000000,0.000000,0.000000,0.000000,0.465156,3.567832,1.561281,1.463460,,1.076667
194.688934,forward,1.544434,-0.047766,1.076667,7.333333,0.350000,0.000000,0.000000,0.000000,0.459323,3.573665,1.560531,1.464211,,1.076667
194.752422,forward,1.550220,-0.047022,1.076667,7.333333,0.350000,0.000000,0.000000,0.000000,0.453490,3.579499,1.559780,1.464961,,1.076667
194.803478,forward,1.567577,-0.044788,1.076667,7.333333,0.350000,0.000000,0.000000,0.000000,0.435990,3.596999,1.557528,1.467214,,1.076667
194.863757,forward,1.573362,-0.044043,1.076667,7.333333,0.350000,0.000000,0.000000,0.000000,0.430156,3.602832,1.556777,1.467964,,1.076667
194.914569,forward,1.590719,-0.041809,1.076667,7.333333,0.350000,0.000000,0.000000,0.000000,0.412656,3.620332,1.554525,1.470216,,1.076667
194.976030,forward,1.596505,-0.041065,1.076667,7.333333,0.350000,0.000000,0.000000,0.000000,0.406823,3.626165,1.553774,1.470967,,1.076667
195.027175,forward,1.613862,-0.038831,1.076667,7.333333,0.350000,0.000000,0.000000,0.000000,0.389323,3.643665,1.551522,1.473219,,1.076667
195.087552,forward,1.619647,-0.038087,1.076667,7.333333,0.350000,0.000000,0.000000,0.000000,0.383490,3.649499,1.550771,1.473970,,1.076667
195.138774,forward,1.637004,-0.035853,1.076667,7.333333,0.350000,0.000000,0.000000,0.000000,0.365990,3.666999,1.548519,1.476222,,1.076667
195.198612,forward,1.642790,-0.035108,1.076667,7.333333,0.350000,0.000000,0.000000,0.000000,0.360156,3.672832,1.547768,1.476973,,1.076667
195.249858,forward,1.660146,-0.032875,1.076667,7.333333,0.350000,0.000000,0.000000,0.000000,0.342656,3.690332,1.545516,1.479225,,1.076667
195.309749,forward,1.665932,-0.032130,1.076667,7.333333,0.350000,0.000000,0.000000,0.000000,0.336823,3.696165,1.544766,1.479976,,1.076667
195.360948,forward,1.683289,-0.029896,1.076667,7.333333,0.350000,0.000000,0.000000,0.000000,0.319323,3.713665,1.542513,1.482228,,1.076667
195.424637,forward,1.689075,-0.029152,1.076667,7.333333,0.350000,0.000000,0.000000,0.000000,0.313490,3.719499,1.541763,1.482979,,1.076667
195.475548,forward,1.706431,-0.026918,1.076667,7.333333,0.350000,0.000000,0.000000,0.000000,0.295990,3.736999,1.539511,1.485231,,1.076667
195.542230,forward,1.712217,-0.026173,1.076667,7.333333,0.350000,0.000000,0.000000,0.000000,0.290156,3.742832,1.538760,1.485981,,1.076667
195.652557,forward,1.729574,-0.023940,1.076667,7.333333,0.350000,0.000000,0.000000,0.000000,0.272656,3.760332,1.536508,1.488234,,1.076667
195.764705,forward,1.746931,-0.021706,1.076667,7.333333,0.350000,0.000000,0.000000,0.000000,0.255156,3.777832,1.534256,1.490486,,1.076667
195.872329,forward,1.764288,-0.019472,1.076667,7.333333,0.350000,0.000000,0.000000,0.000000,0.237656,3.795332,1.532003,1.492738,,1.076667
195.978577,forward,1.781644,-0.017238,1.076667,7.333333,0.350000,0.000000,0.000000,0.000000,0.220156,3.812832,1.529751,1.494990,,1.076667
196.076608,forward,1.799001,-0.015005,1.076667,7.333333,0.350000,0.000000,0.000000,0.000000,0.202656,3.830332,1.527499,1.497242,,1.076667
196.127610,forward,1.816358,-0.012771,1.076667,7.333333,0.350000,0.000000,0.000000,0.000000,0.185156,3.847832,1.525247,1.438730,,1.076667
196.188504,forward,1.822144,-0.012026,1.076667,7.333333,0.350000,0.000000,0.000000,0.000000,0.179323,3.853665,1.524496,1.393402,,1.076667
196.239722,forward,1.839501,-0.009793,1.076667,7.333333,0.350000,0.000000,0.000000,0.000000,0.161823,3.871165,1.522244,1.257421,,1.076667
196.302971,forward,1.845286,-0.009048,1.076667,7.333333,0.350000,0.000000,0.000000,0.000000,0.155990,3.876999,1.521493,1.212094,,1.076667
196.353811,forward,1.862643,-0.006814,1.076667,7.333333,0.350000,0.000000,0.000000,0.000000,0.138490,3.894499,1.519241,1.076113,,1.076667
196.412465,forward,1.868429,-0.006070,1.076667,7.333333,0.350000,0.000000,0.000000,0.000000,0.132656,3.900332,1.518491,1.030786,,1.076667
196.463401,forward,1.880000,-0.003836,1.076667,7.333333,0.350000,0.000000,0.000000,0.000000,0.120990,3.911999,1.516238,0.940132,,1.076667
196.522898,forward,1.880000,-0.003092,1.076667,7.333333,0.350000,0.000000,0.000000,0.000000,0.120990,3.911999,1.515488,0.940132,,1.076667
196.573996,forward,1.880000,-0.000858,1.076667,7.333333,0.350000,0.000000,0.000000,0.000000,0.120990,3.911999,1.513236,0.940132,,1.076667
196.633112,right,1.880000,-0.004990,1.076667,7.333333,0.000000,-0.250000,0.000000,0.000000,0.120990,3.911999,1.517402,0.940132,,1.076667
196.684088,right,1.880000,-0.017388,1.076667,7.333333,0.000000,-0.250000,0.000000,0.000000,0.120990,3.911999,1.529902,0.940132,,1.076667
196.742427,right,1.880000,-0.021521,1.076667,7.333333,0.000000,-0.250000,0.000000,0.000000,0.120990,3.911999,1.534069,0.940132,,1.076667
196.793184,right,1.880000,-0.033918,1.076667,7.333333,0.000000,-0.250000,0.000000,0.000000,0.120990,3.911999,1.546569,0.940132,,1.076667
196.853888,right,1.880000,-0.038051,1.076667,7.333333,0.000000,-0.250000,0.000000,0.000000,0.120990,3.911999,1.550736,0.940132,,1.076667
196.904779,right,1.880000,-0.050449,1.076667,7.333333,0.000000,-0.250000,0.000000,0.000000,0.120990,3.911999,1.563236,0.940132,,1.076667
196.965821,yaw_right,1.880000,-0.050449,1.076667,6.416667,0.000000,0.000000,0.000000,-55.000000,0.120756,3.904460,1.560223,1.073749,,1.076667
197.016873,yaw_right,1.880000,-0.050449,1.076667,3.666667,0.000000,0.000000,0.000000,-55.000000,0.120246,3.887959,1.553629,1.452525,,1.076667
197.078194,yaw_right,1.880000,-0.050449,1.076667,2.750000,0.000000,0.000000,0.000000,-55.000000,0.120138,3.884473,1.552236,1.451222,,1.076667
197.128969,yaw_right,1.880000,-0.050449,1.076667,-0.000000,0.000000,0.000000,0.000000,-55.000000,0.120000,3.880000,1.550449,1.449551,,1.076667
197.188448,yaw_right,1.880000,-0.050449,1.076667,-0.916667,0.000000,0.000000,0.000000,-55.000000,0.120015,3.880497,1.550647,1.449737,,1.076667
197.239567,yaw_right,1.880000,-0.050449,1.076667,-3.666667,0.000000,0.000000,0.000000,-55.000000,0.120246,3.887959,1.553629,1.452525,,1.076667
197.296432,hover,1.880000,-0.050449,1.076667,-3.666667,0.000000,0.000000,0.000000,0.000000,0.120246,3.887959,1.553629,1.452525,,1.076667
197.347652,hover,1.880000,-0.050449,1.076667,-3.666667,0.000000,0.000000,0.000000,0.000000,0.120246,3.887959,1.553629,1.452525,,1.076667
197.408231,left,1.880000,-0.046291,1.076667,-3.666667,0.000000,0.250000,0.000000,0.000000,0.120246,3.887959,1.549462,1.456691,,1.076667
197.459253,left,1.880000,-0.033816,1.076667,-3.666667,0.000000,0.250000,0.000000,0.000000,0.120246,3.887959,1.536962,1.469191,,1.076667
197.519365,left,1.880000,-0.029658,1.076667,-3.666667,0.000000,0.250000,0.000000,0.000000,0.120246,3.887959,1.532796,1.473358,,1.076667
197.570359,left,1.880000,-0.017184,1.076667,-3.666667,0.000000,0.250000,0.000000,0.000000,0.120246,3.887959,1.520296,1.485858,,1.076667
197.629600,left,1.880000,-0.013026,1.076667,-3.666667,0.000000,0.250000,0.000000,0.000000,0.120246,3.887959,1.516129,1.490025,,1.076667
197.680447,left,1.880000,-0.000551,1.076667,-3.666667,0.000000,0.250000,0.000000,0.000000,0.120246,3.887959,1.503629,1.502525,,1.076667
197.739329,hover,1.880000,-0.000551,1.076667,-3.666667,0.000000,0.000000,0.000000,0.000000,0.120246,3.887959,1.503629,1.502525,,1.076667
197.790554,hover,1.880000,-0.000551,1.076667,-3.666667,0.000000,0.000000,0.000000,0.000000,0.120246,3.887959,1.503629,1.502525,,1.076667
197.850538,hover,1.880000,-0.000551,1.076667,-3.666667,0.000000,0.000000,0.000000,0.000000,0.120246,3.887959,1.503629,1.502525,,1.076667
197.901638,hover,1.880000,-0.000551,1.076667,-3.666667,0.000000,0.000000,0.000000,0.000000,0.120246,3.887959,1.503629,1.502525,,1.076667
197.968111,hover,1.880000,-0.000551,1.076667,-3.666667,0.000000,0.000000,0.000000,0.000000,0.120246,3.887959,1.503629,1.502525,,1.076667
198.063931,hover,1.880000,-0.000551,1.076667,-3.666667,0.000000,0.000000,0.000000,0.000000,0.120246,3.887959,1.503629,1.502525,,1.076667
198.114890,hover,1.880000,-0.000551,1.076667,-3.666667,0.000000,0.000000,0.000000,0.000000,0.120246,3.887959,1.503629,1.502525,,1.076667
198.177192,hover,1.880000,-0.000551,1.076667,-3.666667,0.000000,0.000000,0.000000,0.000000,0.120246,3.887959,1.503629,1.502525,,1.076667
198.228427,hover,1.880000,-0.000551,1.076667,-3.666667,0.000000,0.000000,0.000000,0.000000,0.120246,3.887959,1.503629,1.502525,,1.076667
198.285269,hover,1.880000,-0.000551,1.076667,-3.666667,0.000000,0.000000,0.000000,0.000000,0.120246,3.887959,1.503629,1.502525,,1.076667
198.336512,yaw_left,1.880000,-0.000551,1.076667,-1.833333,0.000000,0.000000,0.000000,55.000000,0.120061,3.881987,1.501320,1.500217,,1.076667
198.393953,yaw_left,1.880000,-0.000551,1.076667,-0.916667,0.000000,0.000000,0.000000,55.000000,0.120015,3.880497,1.500743,1.499641,,1.076667
198.445109,yaw_left,1.880000,-0.000551,1.076667,1.833333,0.000000,0.000000,0.000000,55.000000,0.120061,3.881987,1.501320,1.500217,,1.076667
198.506341,yaw_left,1.880000,-0.000551,1.076667,2.750000,0.000000,0.000000,0.000000,55.000000,0.120138,3.884473,1.502281,1.501178,,1.076667
198.557195,yaw_left,1.880000,-0.000551,1.076667,5.500000,0.000000,0.000000,0.000000,55.000000,0.120555,3.897945,1.507491,1.252012,,1.076667
198.615570,yaw_left,1.880000,-0.000551,1.076667,6.416667,0.000000,0.000000,0.000000,55.000000,0.120756,3.904460,1.510011,1.073749,,1.076667
198.666796,hover,1.880000,-0.000551,1.076667,6.416667,0.000000,0.000000,0.000000,0.000000,0.120756,3.904460,1.510011,1.073749,,1.076667
198.723968,hover,1.880000,-0.000551,1.076667,6.416667,0.000000,0.000000,0.000000,0.000000,0.120756,3.904460,1.510011,1.073749,,1.076667
198.774939,hover,1.880000,-0.000551,1.076667,6.416667,0.000000,0.000000,0.000000,0.000000,0.120756,3.904460,1.510011,1.073749,,1.076667
198.832941,yaw_left,1.880000,-0.000551,1.076667,7.333333,0.000000,0.000000,0.000000,55.000000,0.120990,3.911999,1.512926,0.940132,,1.076667
198.883978,yaw_left,1.880000,-0.000551,1.076667,10.083333,0.000000,0.000000,0.000000,55.000000,0.121883,3.940870,1.524092,0.685400,,1.076667
198.944156,yaw_left,1.880000,-0.000551,1.076667,11.000000,0.000000,0.000000,0.000000,55.000000,0.122246,3.952621,1.528636,0.628901,,1.076667
198.995076,yaw_left,1.880000,-0.000551,1.076667,13.750000,0.000000,0.000000,0.000000,55.000000,0.123540,3.994473,1.544823,0.504868,,1.076667
199.054051,yaw_left,1.880000,-0.000551,1.076667,14.666667,0.000000,0.000000,0.000000,55.000000,0.124042,,1.551093,0.473943,,1.076667
199.105168,yaw_left,1.880000,-0.000551,1.076667,17.416667,0.000000,0.000000,0.000000,55.000000,0.125766,,1.572652,0.400911,,1.076667
199.163087,yaw_left,1.880000,-0.000551,1.076667,18.333333,0.000000,0.000000,0.000000,55.000000,0.126417,,1.580788,0.381504,,1.076667
199.214262,yaw_left,1.880000,-0.000551,1.076667,21.083333,0.000000,0.000000,0.000000,55.000000,0.128609,,1.608207,0.333588,,1.076667
199.273297,yaw_left,1.880000,-0.000551,1.076667,22.000000,0.000000,0.000000,0.000000,55.000000,0.129424,,1.618397,0.320336,,1.076667
199.324371,yaw_left,1.880000,-0.000551,1.076667,24.750000,0.000000,0.000000,0.000000,55.000000,0.132138,3.581545,1.652329,0.286629,,1.076667
199.382148,yaw_left,1.880000,-0.000551,1.076667,25.666667,0.000000,0.000000,0.000000,55.000000,0.133137,3.461853,1.664820,0.277050,,1.076667
199.432949,yaw_left,1.880000,-0.000551,1.076667,28.416667,0.000000,0.000000,0.000000,55.000000,0.136440,3.150897,1.706121,0.252164,,1.076667
199.491753,yaw_left,1.880000,-0.000551,1.076667,29.333333,0.000000,0.000000,0.000000,55.000000,0.137649,3.060789,1.721241,0.244953,,1.076667
199.542557,yaw_left,1.880000,-0.000551,1.076667,32.083333,0.000000,0.000000,0.000000,55.000000,0.141630,2.823012,1.771029,0.225924,,1.076667
199.604858,yaw_left,1.880000,-0.000551,1.076667,33.000000,0.000000,0.000000,0.000000,55.000000,0.143084,2.753106,1.789202,0.220329,,1.076667
199.655659,yaw_left,1.880000,-0.000551,1.076667,35.750000,0.000000,0.000000,0.000000,55.000000,0.147861,2.566452,1.848939,0.205392,,1.076667
199.714213,yaw_left,1.880000,-0.000551,1.076667,36.666667,0.000000,0.000000,0.000000,55.000000,0.149603,2.510973,1.870724,0.200952,,1.076667
199.765238,yaw_left,1.880000,-0.000551,1.076667,39.416667,0.000000,0.000000,0.000000,55.000000,0.155330,2.361503,1.942338,0.188990,,1.076667
199.821551,yaw_left,1.880000,-0.000551,1.076667,40.333333,0.000000,0.000000,0.000000,55.000000,0.157420,2.316705,1.968473,0.185405,,1.076667
199.872330,yaw_left,1.880000,-0.000551,1.076667,43.083333,0.000000,0.000000,0.000000,55.000000,0.164302,2.195189,2.054533,0.175680,,1.076667
199.928053,yaw_left,1.880000,-0.000551,1.076667,44.000000,0.000000,0.000000,0.000000,55.000000,0.166820,2.158541,2.086012,0.172747,,1.076667
199.978932,yaw_left,1.880000,-0.000551,1.076667,46.750000,0.000000,0.000000,0.000000,55.000000,0.175136,2.058633,2.190001,0.164751,,1.076667
200.033522,yaw_left,1.880000,-0.000551,1.076667,47.666667,0.000000,0.000000,0.000000,55.000000,0.178189,2.028367,2.228179,0.162329,,1.076667
200.084515,yaw_left,1.880000,-0.000551,1.076667,50.416667,0.000000,0.000000,0.000000,55.000000,0.188324,1.945571,2.354915,0.155703,,1.076667
200.141786,yaw_left,1.880000,-0.000551,1.076667,51.333333,0.000000,0.000000,0.000000,55.000000,0.192065,1.920415,2.401695,0.153690,,1.076667
200.192619,yaw_left,1.880000,-0.000551,1.076667,54.083333,0.000000,0.000000,0.000000,55.000000,0.204566,1.851466,2.558014,0.148172,,1.076667
200.247070,yaw_left,1.880000,-0.000551,1.076667,55.000000,0.000000,0.000000,0.000000,55.000000,0.209214,1.830489,2.616131,0.146493,,1.076667
200.298199,yaw_left,1.880000,-0.000551,1.076667,57.750000,0.000000,0.000000,0.000000,55.000000,0.224881,1.772969,2.812051,0.141890,,1.076667
200.354844,yaw_left,1.880000,-0.000551,1.076667,58.666667,0.000000,0.000000,0.000000,55.000000,0.230762,1.755473,2.885586,0.140489,,1.076667
200.405786,yaw_left,1.880000,-0.000551,1.076667,61.416667,0.000000,0.000000,0.000000,55.000000,0.250817,1.707563,3.136365,0.136655,,1.076667
200.463501,yaw_left,1.880000,-0.000551,1.076667,62.333333,0.000000,0.000000,0.000000,55.000000,0.258439,1.693022,3.231670,0.135492,,1.076667
200.514404,yaw_left,1.880000,-0.000551,1.076667,65.083333,0.000000,0.000000,0.000000,55.000000,0.284833,1.653339,3.561719,0.132316,,1.076667
200.581908,yaw_left,1.880000,-0.000551,1.076667,66.000000,0.000000,0.000000,0.000000,55.000000,0.295031,1.641351,3.689245,0.131356,,1.076667
200.679846,yaw_left,1.880000,-0.000551,1.076667,68.750000,0.000000,0.000000,0.000000,55.000000,0.331091,1.608837,,0.128754,,1.076667
200.731068,yaw_left,1.880000,-0.000551,1.076667,71.500000,0.000000,0.000000,0.000000,55.000000,0.378185,1.581157,,0.126539,,1.076667
200.796678,yaw_left,1.880000,-0.000551,1.076667,72.416667,0.000000,0.000000,0.000000,55.000000,0.397229,1.572939,,0.125881,,1.076667
200.847670,yaw_left,1.880000,-0.000551,1.076667,75.166667,0.000000,0.000000,0.000000,55.000000,0.468735,1.551141,,0.124137,,1.076667
200.913508,yaw_left,1.880000,-0.000551,1.076667,76.083333,0.000000,0.000000,0.000000,55.000000,0.498939,1.544794,3.997336,0.123629,,1.076667
200.964269,yaw_left,1.880000,-0.000551,1.076667,78.833333,0.000000,0.000000,0.000000,55.000000,0.619631,1.528384,3.954874,0.122316,,1.076667
201.043269,yaw_left,1.880000,-0.000551,1.076667,79.750000,0.000000,0.000000,0.000000,55.000000,0.674371,1.523767,3.942926,0.121946,,1.076667
201.151318,yaw_left,1.880000,-0.000551,1.076667,82.500000,0.000000,0.000000,0.000000,55.000000,0.919356,1.512388,3.913480,0.121035,,1.076667
201.259472,yaw_left,1.880000,-0.000551,1.076667,85.250000,0.000000,0.000000,0.000000,55.000000,1.449132,1.504616,3.893372,0.120414,,1.076667
201.375527,yaw_left,1.880000,-0.000551,1.076667,88.000000,0.000000,0.000000,0.000000,55.000000,1.501466,1.500363,3.882365,0.120073,,1.076667
201.486891,yaw_left,1.880000,-0.000551,1.076667,90.750000,0.000000,0.000000,0.000000,55.000000,1.500680,1.499577,3.880332,0.120010,,1.076667
201.601913,yaw_left,1.880000,-0.000551,1.076667,93.500000,0.000000,0.000000,0.000000,55.000000,1.503355,1.502251,3.887251,0.120224,,1.076667
201.710493,yaw_left,1.880000,-0.000551,1.076667,96.250000,0.000000,0.000000,0.000000,55.000000,1.509523,1.102264,3.903199,0.120718,,1.076667
201.820486,yaw_left,1.880000,-0.000551,1.076667,99.000000,0.000000,0.000000,0.000000,55.000000,1.519256,0.767094,3.928365,0.121496,,1.076667
201.932510,yaw_left,1.880000,-0.000551,1.076667,101.750000,0.000000,0.000000,0.000000,55.000000,1.532667,0.589270,3.963044,0.122568,,1.076667
202.043478,yaw_left,1.880000,-0.000551,1.076667,104.500000,0.000000,0.000000,0.000000,55.000000,1.549920,0.479271,,0.123948,,1.076667
202.152846,yaw_left,1.880000,-0.000551,1.076667,107.250000,0.000000,0.000000,0.000000,55.000000,1.571225,0.404665,,0.125652,,1.076667
202.264207,yaw_left,1.880000,-0.000551,1.076667,110.000000,0.000000,0.000000,0.000000,55.000000,1.596853,0.350857,,0.127701,,1.076667
202.374758,yaw_left,1.880000,-0.000551,1.076667,112.750000,0.000000,0.000000,0.000000,55.000000,1.627141,0.310309,3.877441,0.130123,,1.076667
202.492219,yaw_left,1.880000,-0.000551,1.076667,115.500000,0.000000,0.000000,0.000000,55.000000,1.662503,0.278738,3.482951,0.132951,,1.076667
202.589795,yaw_left,1.880000,-0.000551,1.076667,117.333333,0.000000,0.000000,0.000000,55.000000,1.689144,0.261343,3.265589,0.135082,,1.076667
202.706283,yaw_left,1.880000,-0.000551,1.076667,120.083333,0.000000,0.000000,0.000000,55.000000,1.734145,0.239397,2.991365,0.138681,,1.076667
202.816616,yaw_left,1.880000,-0.000551,1.076667,122.833333,0.000000,0.000000,0.000000,55.000000,1.785836,0.221322,2.765505,0.142814,,1.076667
202.931498,yaw_left,1.880000,-0.000551,1.076667,125.583333,0.000000,0.000000,0.000000,55.000000,1.845083,0.206226,2.576875,0.147552,,1.076667
203.050351,yaw_left,1.880000,-0.000551,1.076667,128.333333,0.000000,0.000000,0.000000,55.000000,1.912954,0.193475,2.417548,0.152980,,1.076667
203.142874,yaw_left,1.880000,-0.000551,1.076667,130.166667,0.000000,0.000000,0.000000,55.000000,1.963632,0.186043,2.324679,0.157033,,1.076667
203.252459,yaw_left,1.880000,-0.000551,1.076667,132.916667,0.000000,0.000000,0.000000,55.000000,2.048968,0.176229,2.202048,0.163857,,1.076667
203.360166,yaw_left,1.880000,-0.000551,1.076667,135.666667,0.000000,0.000000,0.000000,55.000000,2.147229,0.167765,2.096292,0.171715,,1.076667
203.466178,yaw_left,1.880000,-0.000551,1.076667,138.416667,0.000000,0.000000,0.000000,55.000000,2.260858,0.160430,2.004634,0.180802,,1.076667
203.574681,yaw_left,1.880000,-0.000551,1.076667,141.166667,0.000000,0.000000,0.000000,55.000000,2.393006,0.154049,1.924904,0.191370,,1.076667
203.682603,yaw_left,1.880000,-0.000551,1.076667,143.916667,0.000000,0.000000,0.000000,55.000000,2.547792,0.148485,1.855383,0.203749,,1.076667
203.789067,yaw_left,1.880000,-0.000551,1.076667,146.666667,0.000000,0.000000,0.000000,55.000000,2.730713,0.143629,1.794699,0.218377,,1.076667
203.896712,yaw_left,1.880000,-0.000551,1.076667,149.416667,0.000000,0.000000,0.000000,55.000000,2.949249,0.139391,1.741743,0.235853,,1.076667
204.005971,yaw_left,1.880000,-0.000551,1.076667,152.166667,0.000000,0.000000,0.000000,55.000000,3.213852,0.135699,1.695615,0.257014,,1.076667
204.112288,yaw_left,1.880000,-0.000551,1.076667,154.916667,0.000000,0.000000,0.000000,55.000000,3.539570,0.132495,1.655583,0.283062,,1.076667
204.220647,yaw_left,1.880000,-0.000551,1.076667,157.666667,0.000000,0.000000,0.000000,55.000000,3.948877,0.129731,1.621045,0.315794,,1.076667
204.325930,yaw_left,1.880000,-0.000551,1.076667,160.416667,0.000000,0.000000,0.000000,55.000000,,0.127368,1.591510,0.358019,,1.076667
204.436139,yaw_left,1.880000,-0.000551,1.076667,163.166667,0.000000,0.000000,0.000000,55.000000,,0.125372,1.566575,0.414381,,1.076667
204.541950,yaw_left,1.880000,-0.000551,1.076667,165.916667,0.000000,0.000000,0.000000,55.000000,,0.123719,1.545915,0.493152,,1.076667
204.650385,yaw_left,1.880000,-0.000551,1.076667,168.666667,0.000000,0.000000,0.000000,55.000000,3.957163,0.122386,1.529269,0.610635,,1.076667
204.755714,yaw_left,1.880000,-0.000551,1.076667,171.416667,0.000000,0.000000,0.000000,55.000000,3.923949,0.121359,1.516433,0.804032,,1.076667
204.863216,yaw_left,1.880000,-0.000551,1.076667,174.166667,0.000000,0.000000,0.000000,55.000000,3.900196,0.120625,1.507254,1.180695,,1.076667
204.971246,yaw_left,1.880000,-0.000551,1.076667,176.916667,0.000000,0.000000,0.000000,55.000000,3.885625,0.120174,1.501623,1.502727,,1.076667
205.077533,yaw_left,1.880000,-0.000551,1.076667,179.666667,0.000000,0.000000,0.000000,55.000000,3.880066,0.120002,1.499474,1.500577,,1.076667
205.184844,yaw_left,1.880000,-0.000551,1.076667,-177.583333,0.000000,0.000000,0.000000,55.000000,3.883454,0.120107,1.500784,1.501887,,1.076667
205.289785,yaw_left,1.880000,-0.000551,1.076667,-174.833333,0.000000,0.000000,0.000000,55.000000,3.895829,0.120490,1.332546,1.506673,,1.076667
205.395372,yaw_left,1.880000,-0.000551,1.076667,-172.083333,0.000000,0.000000,0.000000,55.000000,3.917334,0.121155,0.871253,1.514990,,1.076667
205.503165,yaw_left,1.880000,-0.000551,1.076667,-169.333333,0.000000,0.000000,0.000000,55.000000,3.948223,0.122110,0.648316,1.526936,,1.076667
205.607518,yaw_left,1.880000,-0.000551,1.076667,-166.583333,0.000000,0.000000,0.000000,55.000000,3.988862,0.123367,0.517173,1.542653,,1.076667
205.713182,yaw_left,1.880000,-0.000551,1.076667,-163.833333,0.000000,0.000000,0.000000,55.000000,,0.124941,0.430984,1.562332,,1.076667
205.818815,yaw_left,1.880000,-0.000551,1.076667,-161.083333,0.000000,0.000000,0.000000,55.000000,,0.126851,0.370150,1.586221,,1.076667
205.923174,yaw_left,1.880000,-0.000551,1.076667,-158.333333,0.000000,0.000000,0.000000,55.000000,,0.129123,0.325022,1.614629,,1.076667
206.032456,yaw_left,1.880000,-0.000551,1.076667,-155.583333,0.000000,0.000000,0.000000,55.000000,3.627383,0.131787,0.290297,1.647937,,1.076667
206.137027,yaw_left,1.880000,-0.000551,1.076667,-152.833333,0.000000,0.000000,0.000000,55.000000,3.284085,0.134880,0.262823,1.686615,,1.076667
206.242647,yaw_left,1.880000,-0.000551,1.076667,-150.083333,0.000000,0.000000,0.000000,55.000000,3.006475,0.138448,0.240606,1.731235,,1.076667
206.347583,yaw_left,1.880000,-0.000551,1.076667,-147.333333,0.000000,0.000000,0.000000,55.000000,2.778040,0.142547,0.222325,1.782498,,1.076667
206.454365,yaw_left,1.880000,-0.000551,1.076667,-144.583333,0.000000,0.000000,0.000000,55.000000,2.587406,0.147247,0.207069,1.841259,,1.076667
206.575564,yaw_left,1.880000,-0.000551,1.076667,-141.833333,0.000000,0.000000,0.000000,55.000000,2.426485,0.152630,0.194190,1.908572,,1.076667
206.665809,yaw_left,1.880000,-0.000551,1.076667,-140.000000,0.000000,0.000000,0.000000,55.000000,2.332728,0.156649,0.186687,1.958830,,1.076667
206.777385,yaw_left,1.880000,-0.000551,1.076667,-137.250000,0.000000,0.000000,0.000000,55.000000,2.208968,0.163416,0.176782,2.043450,,1.076667
206.883400,yaw_left,1.880000,-0.000551,1.076667,-134.500000,0.000000,0.000000,0.000000,55.000000,2.102275,0.171206,0.168244,2.140864,,1.076667
206.990172,yaw_left,1.880000,-0.000551,1.076667,-131.750000,0.000000,0.000000,0.000000,55.000000,2.009830,0.180212,0.160846,2.253480,,1.076667
207.099462,yaw_left,1.880000,-0.000551,1.076667,-129.000000,0.000000,0.000000,0.000000,55.000000,1.929430,0.190682,0.154411,2.384399,,1.076667
207.212910,yaw_left,1.880000,-0.000551,1.076667,-126.250000,0.000000,0.000000,0.000000,55.000000,1.859333,0.202939,0.148801,2.537674,,1.076667
207.320142,yaw_left,1.880000,-0.000551,1.076667,-123.500000,0.000000,0.000000,0.000000,55.000000,1.798146,0.217416,0.143905,2.718700,,1.076667
207.434952,yaw_left,1.880000,-0.000551,1.076667,-120.750000,0.000000,0.000000,0.000000,55.000000,1.744749,0.234699,0.139631,2.934816,,1.076667
207.548341,yaw_left,1.880000,-0.000551,1.076667,-118.000000,0.000000,0.000000,0.000000,55.000000,1.698231,0.255607,0.135908,3.196256,,1.076667
207.656845,yaw_left,1.880000,-0.000551,1.076667,-115.250000,0.000000,0.000000,0.000000,55.000000,1.657848,0.281315,0.132677,3.517724,,1.076667
207.763973,yaw_left,1.880000,-0.000551,1.076667,-112.500000,0.000000,0.000000,0.000000,55.000000,1.622992,0.313575,0.129887,3.921129,,1.076667
207.871084,yaw_left,1.880000,-0.000551,1.076667,-109.750000,0.000000,0.000000,0.000000,55.000000,1.593165,0.355117,0.127500,,,1.076667
207.980741,yaw_left,1.880000,-0.000551,1.076667,-107.000000,0.000000,0.000000,0.000000,55.000000,1.567961,0.410436,0.125483,,,1.076667
208.088845,yaw_left,1.880000,-0.000551,1.076667,-104.250000,0.000000,0.000000,0.000000,55.000000,1.547050,0.487501,0.123810,,,1.076667
208.201784,yaw_left,1.880000,-0.000551,1.076667,-101.500000,0.000000,0.000000,0.000000,55.000000,1.530167,0.601902,0.122458,3.959488,,1.076667
208.308362,yaw_left,1.880000,-0.000551,1.076667,-98.750000,0.000000,0.000000,0.000000,55.000000,1.517106,0.788833,0.121413,3.925689,,1.076667
208.413959,yaw_left,1.880000,-0.000551,1.076667,-96.000000,0.000000,0.000000,0.000000,55.000000,1.507708,1.148013,0.120661,3.901372,,1.076667
208.520780,yaw_left,1.880000,-0.000551,1.076667,-93.250000,0.000000,0.000000,0.000000,55.000000,1.501864,1.502968,0.120193,3.886250,,1.076667
208.628973,yaw_left,1.880000,-0.000551,1.076667,-90.500000,0.000000,0.000000,0.000000,55.000000,1.499506,1.500608,0.120005,3.880148,,1.076667
208.739863,yaw_left,1.880000,-0.000551,1.076667,-87.750000,0.000000,0.000000,0.000000,55.000000,1.500606,1.501709,0.120093,3.882994,,1.076667
208.852207,yaw_left,1.880000,-0.000551,1.076667,-85.000000,0.000000,0.000000,0.000000,55.000000,1.376846,1.506283,0.120458,3.894821,,1.076667
208.965329,yaw_left,1.880000,-0.000551,1.076667,-82.250000,0.000000,0.000000,0.000000,55.000000,0.889872,1.514384,0.121106,3.915767,,1.076667
209.073110,yaw_left,1.880000,-0.000551,1.076667,-79.500000,0.000000,0.000000,0.000000,55.000000,0.658489,1.526106,0.122044,3.946077,,1.076667
209.186890,yaw_left,1.880000,-0.000551,1.076667,-76.750000,0.000000,0.000000,0.000000,55.000000,0.523559,1.541589,0.123282,3.986113,,1.076667
209.294736,yaw_left,1.880000,-0.000551,1.076667,-74.000000,0.000000,0.000000,0.000000,55.000000,0.435355,1.561023,0.124836,,,1.076667
209.399885,yaw_left,1.880000,-0.000551,1.076667,-71.250000,0.000000,0.000000,0.000000,55.000000,0.373321,1.584648,0.126725,,,1.076667
209.504096,yaw_left,1.880000,-0.000551,1.076667,-68.500000,0.000000,0.000000,0.000000,55.000000,0.327420,1.612772,0.128974,,,1.076667
209.609528,yaw_left,1.880000,-0.000551,1.076667,-65.750000,0.000000,0.000000,0.000000,55.000000,0.292171,1.645771,0.131613,3.650791,,1.076667
209.709095,yaw_left,1.880000,-0.000551,1.076667,-63.000000,0.000000,0.000000,0.000000,55.000000,0.264323,1.684108,0.134679,3.302820,,1.076667
209.760334,yaw_left,1.880000,-0.000551,1.076667,-60.250000,0.000000,0.000000,0.000000,55.000000,0.241830,1.728350,0.138217,3.021763,,1.076667
209.822638,yaw_left,1.880000,-0.000551,1.076667,-59.333333,0.000000,0.000000,0.000000,55.000000,0.235274,1.744524,0.139511,2.939850,,1.076667
209.873431,yaw_left,1.880000,-0.000551,1.076667,-56.583333,0.000000,0.000000,0.000000,55.000000,0.217895,1.797740,0.143766,2.722689,,1.076667
209.931582,yaw_left,1.880000,-0.000551,1.076667,-55.666667,0.000000,0.000000,0.000000,55.000000,0.212763,1.817153,0.145319,2.658566,,1.076667
209.982523,yaw_left,1.880000,-0.000551,1.076667,-52.916667,0.000000,0.000000,0.000000,55.000000,0.199013,1.880957,0.150421,2.486747,,1.076667
210.041250,yaw_left,1.880000,-0.000551,1.076667,-52.000000,0.000000,0.000000,0.000000,55.000000,0.194912,1.904227,0.152282,2.435509,,1.076667
210.092119,yaw_left,1.880000,-0.000551,1.076667,-49.250000,0.000000,0.000000,0.000000,55.000000,0.183835,1.980756,0.158402,2.297091,,1.076667
210.149949,yaw_left,1.880000,-0.000551,1.076667,-48.333333,0.000000,0.000000,0.000000,55.000000,0.180507,2.008703,0.160637,2.255503,,1.076667
210.200714,yaw_left,1.880000,-0.000551,1.076667,-45.583333,0.000000,0.000000,0.000000,55.000000,0.171460,2.100820,0.168004,2.142464,,1.076667
210.258430,yaw_left,1.880000,-0.000551,1.076667,-44.666667,0.000000,0.000000,0.000000,55.000000,0.168727,2.134554,0.170702,2.108311,,1.076667
210.309308,yaw_left,1.880000,-0.000551,1.076667,-41.916667,0.000000,0.000000,0.000000,55.000000,0.161265,2.246169,0.179628,2.015071,,1.076667
210.367983,yaw_left,1.880000,-0.000551,1.076667,-41.000000,0.000000,0.000000,0.000000,55.000000,0.159002,2.287220,0.182910,1.986789,,1.076667
210.418905,yaw_left,1.880000,-0.000551,1.076667,-38.250000,0.000000,0.000000,0.000000,55.000000,0.152805,2.423786,0.193832,1.909355,,1.076667
210.479775,yaw_left,1.880000,-0.000551,1.076667,-37.333333,0.000000,0.000000,0.000000,55.000000,0.150920,2.474315,0.197873,1.885813,,1.076667
210.530998,yaw_left,1.880000,-0.000551,1.076667,-34.583333,0.000000,0.000000,0.000000,55.000000,0.145755,2.643657,0.211415,1.821263,,1.076667
210.591261,yaw_left,1.880000,-0.000551,1.076667,-33.666667,0.000000,0.000000,0.000000,55.000000,0.144183,2.706816,0.216466,1.801623,,1.076667
210.642104,yaw_left,1.880000,-0.000551,1.076667,-30.916667,0.000000,0.000000,0.000000,55.000000,0.139874,2.920549,0.233558,1.747782,,1.076667
210.706993,yaw_left,1.880000,-0.000551,1.076667,-30.000000,0.000000,0.000000,0.000000,55.000000,0.138564,3.001102,0.240000,1.731414,,1.076667
210.758189,yaw_left,1.880000,-0.000551,1.076667,-27.250000,0.000000,0.000000,0.000000,55.000000,0.134981,3.277215,0.262081,1.686637,,1.076667
210.824801,yaw_left,1.880000,-0.000551,1.076667,-26.333333,0.000000,0.000000,0.000000,55.000000,0.133894,3.382723,0.270518,1.673065,,1.076667
210.918304,yaw_left,1.880000,-0.000551,1.076667,-23.583333,0.000000,0.000000,0.000000,55.000000,0.130936,3.750605,0.299938,1.636097,,1.076667
210.969377,yaw_left,1.880000,-0.000551,1.076667,-20.833333,0.000000,0.000000,0.000000,55.000000,0.128395,,0.337410,1.604342,,1.076667
211.029768,yaw_left,1.880000,-0.000551,1.076667,-19.916667,0.000000,0.000000,0.000000,55.000000,0.127634,,0.352265,1.594838,,1.076667
211.080965,yaw_left,1.880000,-0.000551,1.076667,-17.166667,0.000000,0.000000,0.000000,55.000000,0.125595,,0.406570,1.569364,,1.076667
211.142817,yaw_left,1.880000,-0.000551,1.076667,-16.250000,0.000000,0.000000,0.000000,55.000000,0.124994,,0.428833,1.561845,,1.076667
211.194067,yaw_left,1.880000,-0.000551,1.076667,-13.500000,0.000000,0.000000,0.000000,55.000000,0.123410,3.990251,0.514039,1.542056,,1.076667
211.255765,yaw_left,1.880000,-0.000551,1.076667,-12.583333,0.000000,0.000000,0.000000,55.000000,0.122953,3.975491,0.550814,1.536352,,1.076667
211.306724,yaw_left,1.880000,-0.000551,1.076667,-9.833333,0.000000,0.000000,0.000000,55.000000,0.121789,3.937852,0.702647,1.521806,,1.076667
211.369572,yaw_left,1.880000,-0.000551,1.076667,-8.916667,0.000000,0.000000,0.000000,55.000000,0.121468,3.927464,0.774205,1.517792,,1.076667
211.420759,yaw_left,1.880000,-0.000551,1.076667,-6.166667,0.000000,0.000000,0.000000,55.000000,0.120698,3.902582,1.117100,1.508176,,1.076667
211.476426,yaw_left,1.880000,-0.000551,1.076667,-5.250000,0.000000,0.000000,0.000000,55.000000,0.120506,3.896345,1.311452,1.505766,,1.076667
211.527349,yaw_left,1.880000,-0.000551,1.076667,-2.500000,0.000000,0.000000,0.000000,55.000000,0.120114,3.883696,1.501981,1.500877,,1.076667
211.585800,yaw_left,1.880000,-0.000551,1.076667,-1.583333,0.000000,0.000000,0.000000,55.000000,0.120046,3.881482,1.501124,1.500022,,1.076667
211.636937,yaw_left,1.880000,-0.000551,1.076667,1.166667,0.000000,0.000000,0.000000,55.000000,0.120025,3.880804,1.500862,1.499760,,1.076667
211.699572,yaw_left,1.880000,-0.000551,1.076667,2.083333,0.000000,0.000000,0.000000,55.000000,0.120079,3.882566,1.501544,1.500441,,1.076667
211.750541,yaw_left,1.880000,-0.000551,1.076667,4.833333,0.000000,0.000000,0.000000,55.000000,0.120428,3.893846,1.505906,1.424204,,1.076667
211.806343,yaw_left,1.880000,-0.000551,1.076667,5.750000,0.000000,0.000000,0.000000,55.000000,0.120607,3.899621,1.508139,1.197747,,1.076667
211.857151,yaw_left,1.880000,-0.000551,1.076667,8.500000,0.000000,0.000000,0.000000,55.000000,0.121333,3.923092,1.517216,0.811856,,1.076667
211.914241,yaw_left,1.880000,-0.000551,1.076667,9.416667,0.000000,0.000000,0.000000,55.000000,0.121639,3.932999,1.521048,0.733438,,1.076667
211.965225,yaw_left,1.880000,-0.000551,1.076667,12.166667,0.000000,0.000000,0.000000,55.000000,0.122757,3.969152,1.535030,0.569378,,1.076667
212.023201,yaw_left,1.880000,-0.000551,1.076667,13.083333,0.000000,0.000000,0.000000,55.000000,0.123198,3.983402,1.540541,0.530110,,1.076667
212.074328,yaw_left,1.880000,-0.000551,1.076667,15.833333,0.000000,0.000000,0.000000,55.000000,0.124732,,1.559728,0.439818,,1.076667
212.131339,yaw_left,1.880000,-0.000551,1.076667,16.750000,0.000000,0.000000,0.000000,55.000000,0.125317,,1.567038,0.416383,,1.076667
212.182413,yaw_left,1.880000,-0.000551,1.076667,19.500000,0.000000,0.000000,0.000000,55.000000,0.127302,,1.591858,0.359489,,1.076667
212.240399,yaw_left,1.880000,-0.000551,1.076667,20.416667,0.000000,0.000000,0.000000,55.000000,0.128044,,1.601133,0.343993,,1.076667
212.291511,yaw_left,1.880000,-0.000551,1.076667,23.166667,0.000000,0.000000,0.000000,55.000000,0.130525,3.811443,1.632162,0.305028,,1.076667
212.349823,yaw_left,1.880000,-0.000551,1.076667,24.083333,0.000000,0.000000,0.000000,55.000000,0.131442,3.674535,1.643624,0.294071,,1.076667
212.400603,yaw_left,1.880000,-0.000551,1.076667,26.833333,0.000000,0.000000,0.000000,55.000000,0.134480,3.321798,1.681623,0.265842,,1.076667
212.460729,yaw_left,1.880000,-0.000551,1.076667,27.750000,0.000000,0.000000,0.000000,55.000000,0.135595,3.220365,1.695562,0.257724,,1.076667
212.511738,yaw_left,1.880000,-0.000551,1.076667,30.500000,0.000000,0.000000,0.000000,55.000000,0.139271,2.954356,1.741528,0.236435,,1.076667
212.577278,yaw_left,1.880000,-0.000551,1.076667,31.416667,0.000000,0.000000,0.000000,55.000000,0.140614,2.876597,1.758323,0.230212,,1.076667
212.628294,yaw_left,1.880000,-0.000551,1.076667,34.166667,0.000000,0.000000,0.000000,55.000000,0.145031,2.669949,1.813558,0.213674,,1.076667
212.689131,yaw_left,1.880000,-0.000551,1.076667,35.083333,0.000000,0.000000,0.000000,55.000000,0.146642,2.608793,1.833704,0.208780,,1.076667
212.739892,yaw_left,1.880000,-0.000551,1.076667,37.833333,0.000000,0.000000,0.000000,55.000000,0.151938,2.444621,1.899917,0.195642,,1.076667
212.794678,yaw_left,1.880000,-0.000551,1.076667,38.750000,0.000000,0.000000,0.000000,55.000000,0.153869,2.395579,1.924068,0.191717,,1.076667
212.845487,yaw_left,1.880000,-0.000551,1.076667,41.500000,0.000000,0.000000,0.000000,55.000000,0.160223,2.262909,2.003525,0.181099,,1.076667
212.899494,yaw_left,1.880000,-0.000551,1.076667,42.416667,0.000000,0.000000,0.000000,55.000000,0.162545,2.222996,2.032553,0.177905,,1.076667
212.950577,yaw_left,1.880000,-0.000551,1.076667,45.166667,0.000000,0.000000,0.000000,55.000000,0.170201,2.114399,2.128300,0.169214,,1.076667
213.004774,yaw_left,1.880000,-0.000551,1.076667,46.083333,0.000000,0.000000,0.000000,55.000000,0.173008,2.081558,2.163389,0.166586,,1.076667
213.055708,yaw_left,1.880000,-0.000551,1.076667,48.833333,0.000000,0.000000,0.000000,55.000000,0.182301,1.991834,2.279601,0.159405,,1.076667
213.109737,yaw_left,1.880000,-0.000551,1.076667,49.750000,0.000000,0.000000,0.000000,55.000000,0.185723,1.964603,2.322389,0.157226,,1.076667
213.160762,yaw_left,1.880000,-0.000551,1.076667,52.500000,0.000000,0.000000,0.000000,55.000000,0.197122,1.890014,2.464925,0.151257,,1.076667
213.215322,yaw_left,1.880000,-0.000551,1.076667,53.416667,0.000000,0.000000,0.000000,55.000000,0.201345,1.867330,2.517740,0.149441,,1.076667
213.266343,yaw_left,1.880000,-0.000551,1.076667,56.166667,0.000000,0.000000,0.000000,55.000000,0.215525,1.805128,2.695057,0.144463,,1.076667
213.321375,yaw_left,1.880000,-0.000551,1.076667,57.083333,0.000000,0.000000,0.000000,55.000000,0.220824,1.786203,2.761317,0.142949,,1.076667
213.372433,yaw_left,1.880000,-0.000551,1.076667,59.833333,0.000000,0.000000,0.000000,55.000000,0.238798,1.734334,2.986070,0.138798,,1.076667
213.426721,yaw_left,1.880000,-0.000551,1.076667,60.750000,0.000000,0.000000,0.000000,55.000000,0.245589,1.718574,3.070990,0.137536,,1.076667
213.477538,yaw_left,1.880000,-0.000551,1.076667,63.500000,0.000000,0.000000,0.000000,55.000000,0.268939,1.675485,3.362973,0.134088,,1.076667
213.533090,yaw_left,1.880000,-0.000551,1.076667,64.416667,0.000000,0.000000,0.000000,55.000000,0.277891,1.662437,3.474919,0.133044,,1.076667
213.584115,yaw_left,1.880000,-0.000551,1.076667,67.166667,0.000000,0.000000,0.000000,55.000000,0.309237,1.626940,3.866883,0.130203,,1.076667
213.645549,yaw_left,1.880000,-0.000551,1.076667,68.083333,0.000000,0.000000,0.000000,55.000000,0.321494,1.616260,,0.129348,,1.076667
213.696719,yaw_left,1.880000,-0.000551,1.076667,70.833333,0.000000,0.000000,0.000000,55.000000,0.365500,1.587445,,0.127042,,1.076667
213.758862,yaw_left,1.880000,-0.000551,1.076667,71.750000,0.000000,0.000000,0.000000,55.000000,0.383186,1.578867,,0.126356,,1.076667
213.809812,yaw_left,1.880000,-0.000551,1.076667,74.500000,0.000000,0.000000,0.000000,55.000000,0.449037,1.556041,,0.124529,,1.076667
213.871231,yaw_left,1.880000,-0.000551,1.076667,75.416667,0.000000,0.000000,0.000000,55.000000,0.476592,1.549366,,0.123995,,1.076667
213.922402,yaw_left,1.880000,-0.000551,1.076667,78.166667,0.000000,0.000000,0.000000,55.000000,0.585179,1.532007,3.964247,0.122606,,1.076667
213.987161,yaw_left,1.880000,-0.000551,1.076667,79.083333,0.000000,0.000000,0.000000,55.000000,0.633643,1.527083,3.951508,0.122212,,1.076667
214.038017,yaw_left,1.880000,-0.000551,1.076667,81.833333,0.000000,0.000000,0.000000,55.000000,0.844755,1.514810,3.919750,0.121229,,1.076667
214.104692,yaw_left,1.880000,-0.000551,1.076667,82.750000,0.000000,0.000000,0.000000,55.000000,0.950879,1.511534,3.911271,0.120967,,1.076667
214.207256,yaw_left,1.880000,-0.000551,1.076667,85.500000,0.000000,0.000000,0.000000,55.000000,1.505191,1.504085,3.891998,0.120371,,1.076667
214.313605,yaw_left,1.880000,-0.000551,1.076667,88.250000,0.000000,0.000000,0.000000,55.000000,1.501251,1.500149,3.881811,0.120056,,1.076667
214.418211,yaw_left,1.880000,-0.000551,1.076667,91.000000,0.000000,0.000000,0.000000,55.000000,1.500780,1.499677,3.880591,0.120018,,1.076667
214.522552,yaw_left,1.880000,-0.000551,1.076667,93.750000,0.000000,0.000000,0.000000,55.000000,1.503771,1.502666,3.888325,0.120257,,1.076667
214.630103,yaw_left,1.880000,-0.000551,1.076667,96.500000,0.000000,0.000000,0.000000,55.000000,1.510259,1.060041,3.905103,0.120776,,1.076667
214.737777,forward,1.879155,0.005221,1.076667,98.333333,0.350000,0.000000,0.000000,0.000000,1.510730,0.833809,3.920549,0.122135,,1.076667
214.844945,forward,1.876618,0.022536,1.076667,98.333333,0.350000,0.000000,0.000000,0.000000,1.493230,0.851309,3.917986,0.124698,,1.076667
214.959903,forward,1.874082,0.039851,1.076667,98.333333,0.350000,0.000000,0.000000,0.000000,1.475730,0.868809,3.915422,0.127262,,1.076667
215.082317,hover,1.874082,0.039851,1.076667,98.333333,0.000000,0.000000,0.000000,0.000000,1.475730,0.868809,3.915422,0.127262,,1.076667
215.185833,left,1.869959,0.039247,1.076667,98.333333,0.000000,0.250000,0.000000,0.000000,1.476341,0.897254,3.911256,0.131428,,1.076667
215.282480,left,1.861714,0.038039,1.076667,98.333333,0.000000,0.250000,0.000000,0.000000,1.477561,0.954145,3.902922,0.139762,,1.076667
215.405495,hover,1.861714,0.038039,1.076667,98.333333,0.000000,0.000000,0.000000,0.000000,1.477561,0.954145,3.902922,0.139762,,1.076667
215.504219,hover,1.861714,0.038039,1.076667,98.333333,0.000000,0.000000,0.000000,0.000000,1.477561,0.954145,3.902922,0.139762,,1.076667
215.619885,hover,1.861714,0.038039,1.076667,98.333333,0.000000,0.000000,0.000000,0.000000,1.477561,0.954145,3.902922,0.139762,,1.076667
215.731624,hover,1.861714,0.038039,1.076667,98.333333,0.000000,0.000000,0.000000,0.000000,1.477561,0.954145,3.902922,0.139762,,1.076667
215.841776,up,1.861714,0.038039,1.083333,98.333333,0.000000,0.000000,0.200000,0.000000,1.477561,0.954145,3.902922,0.139762,,1.083333
215.953037,up,1.861714,0.038039,1.093333,98.333333,0.000000,0.000000,0.200000,0.000000,1.477561,0.954145,3.902922,0.139762,,1.093333
216.070013,hover,1.861714,0.038039,1.100000,98.333333,0.000000,0.000000,0.000000,0.000000,1.477561,0.954145,3.902922,0.139762,,1.100000
216.180819,hover,1.861714,0.038039,1.100000,98.333333,0.000000,0.000000,0.000000,0.000000,1.477561,0.954145,3.902922,0.139762,,1.100000
216.290873,hover,1.861714,0.038039,1.100000,98.333333,0.000000,0.000000,0.000000,0.000000,1.477561,0.954145,3.902922,0.139762,,1.100000
216.404387,hover,1.861714,0.038039,1.100000,98.333333,0.000000,0.000000,0.000000,0.000000,1.477561,0.954145,3.902922,0.139762,,1.100000
216.515826,hover,1.861714,0.038039,1.100000,98.333333,0.000000,0.000000,0.000000,0.000000,1.477561,0.954145,3.902922,0.139762,,1.100000
216.631673,hover,1.861714,0.038039,1.100000,98.333333,0.000000,0.000000,0.000000,0.000000,1.477561,0.954145,3.902922,0.139762,,1.100000
216.747471,hover,1.861714,0.038039,1.100000,98.333333,0.000000,0.000000,0.000000,0.000000,1.477561,0.954145,3.902922,0.139762,,1.100000
216.859151,hover,1.861714,0.038039,1.100000,98.333333,0.000000,0.000000,0.000000,0.000000,1.477561,0.954145,3.902922,0.139762,,1.100000
216.971823,hover,1.861714,0.038039,1.100000,98.333333,0.000000,0.000000,0.000000,0.000000,1.477561,0.954145,3.902922,0.139762,,1.100000
217.081978,hover,1.861714,0.038039,1.100000,98.333333,0.000000,0.000000,0.000000,0.000000,1.477561,0.954145,3.902922,0.139762,,1.100000
217.198598,hover,1.861714,0.038039,1.100000,98.333333,0.000000,0.000000,0.000000,0.000000,1.477561,0.954145,3.902922,0.139762,,1.100000
217.310329,hover,1.861714,0.038039,1.100000,98.333333,0.000000,0.000000,0.000000,0.000000,1.477561,0.954145,3.902922,0.139762,,1.100000
217.425791,hover,1.861714,0.038039,1.100000,98.333333,0.000000,0.000000,0.000000,0.000000,1.477561,0.954145,3.902922,0.139762,,1.100000
217.541629,hover,1.861714,0.038039,1.100000,98.333333,0.000000,0.000000,0.000000,0.000000,1.477561,0.954145,3.902922,0.139762,,1.100000
217.659014,hover,1.861714,0.038039,1.100000,98.333333,0.000000,0.000000,0.000000,0.000000,1.477561,0.954145,3.902922,0.139762,,1.100000
217.756393,hover,1.861714,0.038039,1.100000,98.333333,0.000000,0.000000,0.000000,0.000000,1.477561,0.954145,3.902922,0.139762,,1.100000
217.872669,hover,1.861714,0.038039,1.100000,98.333333,0.000000,0.000000,0.000000,0.000000,1.477561,0.954145,3.902922,0.139762,,1.100000
217.984720,hover,1.861714,0.038039,1.100000,98.333333,0.000000,0.000000,0.000000,0.000000,1.477561,0.954145,3.902922,0.139762,,1.100000
218.098835,hover,1.861714,0.038039,1.100000,98.333333,0.000000,0.000000,0.000000,0.000000,1.477561,0.954145,3.902922,0.139762,,1.100000
218.212114,hover,1.861714,0.038039,1.100000,98.333333,0.000000,0.000000,0.000000,0.000000,1.477561,0.954145,3.902922,0.139762,,1.100000
218.324487,hover,1.861714,0.038039,1.100000,98.333333,0.000000,0.000000,0.000000,0.000000,1.477561,0.954145,3.902922,0.139762,,1.100000
218.440545,hover,1.861714,0.038039,1.100000,98.333333,0.000000,0.000000,0.000000,0.000000,1.477561,0.954145,3.902922,0.139762,,1.100000
218.554884,hover,1.861714,0.038039,1.100000,98.333333,0.000000,0.000000,0.000000,0.000000,1.477561,0.954145,3.902922,0.139762,,1.100000
218.680491,hover,1.861714,0.038039,1.100000,98.333333,0.000000,0.000000,0.000000,0.000000,1.477561,0.954145,3.902922,0.139762,,1.100000
218.779937,hover,1.861714,0.038039,1.100000,98.333333,0.000000,0.000000,0.000000,0.000000,1.477561,0.954145,3.902922,0.139762,,1.100000
218.895075,hover,1.861714,0.038039,1.100000,98.333333,0.000000,0.000000,0.000000,0.000000,1.477561,0.954145,3.902922,0.139762,,1.100000
219.014225,hover,1.861714,0.038039,1.100000,98.333333,0.000000,0.000000,0.000000,0.000000,1.477561,0.954145,3.902922,0.139762,,1.100000
219.111365,hover,1.861714,0.038039,1.100000,98.333333,0.000000,0.000000,0.000000,0.000000,1.477561,0.954145,3.902922,0.139762,,1.100000
219.237435,hover,1.861714,0.038039,1.100000,98.333333,0.000000,0.000000,0.000000,0.000000,1.477561,0.954145,3.902922,0.139762,,1.100000
219.336494,hover,1.861714,0.038039,1.100000,98.333333,0.000000,0.000000,0.000000,0.000000,1.477561,0.954145,3.902922,0.139762,,1.100000
219.454414,hover,1.861714,0.038039,1.100000,98.333333,0.000000,0.000000,0.000000,0.000000,1.477561,0.954145,3.902922,0.139762,,1.100000
219.552195,hover,1.861714,0.038039,1.100000,98.333333,0.000000,0.000000,0.000000,0.000000,1.477561,0.954145,3.902922,0.139762,,1.100000
219.671139,hover,1.861714,0.038039,1.100000,98.333333,0.000000,0.000000,0.000000,0.000000,1.477561,0.954145,3.902922,0.139762,,1.100000
219.769412,hover,1.861714,0.038039,1.100000,98.333333,0.000000,0.000000,0.000000,0.000000,1.477561,0.954145,3.902922,0.139762,,1.100000
219.886480,hover,1.861714,0.038039,1.100000,98.333333,0.000000,0.000000,0.000000,0.000000,1.477561,0.954145,3.902922,0.139762,,1.100000
219.987141,hover,1.861714,0.038039,1.100000,98.333333,0.000000,0.000000,0.000000,0.000000,1.477561,0.954145,3.902922,0.139762,,1.100000
220.088654,hover,1.861714,0.038039,1.100000,98.333333,0.000000,0.000000,0.000000,0.000000,1.477561,0.954145,3.902922,0.139762,,1.100000
220.187868,hover,1.861714,0.038039,1.100000,98.333333,0.000000,0.000000,0.000000,0.000000,1.477561,0.954145,3.902922,0.139762,,1.100000
220.302757,hover,1.861714,0.038039,1.100000,98.333333,0.000000,0.000000,0.000000,0.000000,1.477561,0.954145,3.902922,0.139762,,1.100000
220.418253,hover,1.861714,0.038039,1.100000,98.333333,0.000000,0.000000,0.000000,0.000000,1.477561,0.954145,3.902922,0.139762,,1.100000
220.529566,hover,1.861714,0.038039,1.100000,98.333333,0.000000,0.000000,0.000000,0.000000,1.477561,0.954145,3.902922,0.139762,,1.100000
220.648872,hover,1.861714,0.038039,1.100000,98.333333,0.000000,0.000000,0.000000,0.000000,1.477561,0.954145,3.902922,0.139762,,1.100000
220.744530,hover,1.861714,0.038039,1.100000,98.333333,0.000000,0.000000,0.000000,0.000000,1.477561,0.954145,3.902922,0.139762,,1.100000
220.860088,hover,1.861714,0.038039,1.100000,98.333333,0.000000,0.000000,0.000000,0.000000,1.477561,0.954145,3.902922,0.139762,,1.100000
220.978418,hover,1.861714,0.038039,1.100000,98.333333,0.000000,0.000000,0.000000,0.000000,1.477561,0.954145,3.902922,0.139762,,1.100000
221.078892,hover,1.861714,0.038039,1.100000,98.333333,0.000000,0.000000,0.000000,0.000000,1.477561,0.954145,3.902922,0.139762,,1.100000
221.178238,hover,1.861714,0.038039,1.100000,98.333333,0.000000,0.000000,0.000000,0.000000,1.477561,0.954145,3.902922,0.139762,,1.100000
221.289846,hover,1.861714,0.038039,1.100000,98.333333,0.000000,0.000000,0.000000,0.000000,1.477561,0.954145,3.902922,0.139762,,1.100000
221.400201,hover,1.861714,0.038039,1.100000,98.333333,0.000000,0.000000,0.000000,0.000000,1.477561,0.954145,3.902922,0.139762,,1.100000
221.511229,hover,1.861714,0.038039,1.100000,98.333333,0.000000,0.000000,0.000000,0.000000,1.477561,0.954145,3.902922,0.139762,,1.100000
221.620198,hover,1.861714,0.038039,1.100000,98.333333,0.000000,0.000000,0.000000,0.000000,1.477561,0.954145,3.902922,0.139762,,1.100000
221.732112,hover,1.861714,0.038039,1.100000,98.333333,0.000000,0.000000,0.000000,0.000000,1.477561,0.954145,3.902922,0.139762,,1.100000
221.846025,hover,1.861714,0.038039,1.100000,98.333333,0.000000,0.000000,0.000000,0.000000,1.477561,0.954145,3.902922,0.139762,,1.100000
221.955851,hover,1.861714,0.038039,1.100000,98.333333,0.000000,0.000000,0.000000,0.000000,1.477561,0.954145,3.902922,0.139762,,1.100000
222.066239,hover,1.861714,0.038039,1.100000,98.333333,0.000000,0.000000,0.000000,0.000000,1.477561,0.954145,3.902922,0.139762,,1.100000
222.177321,hover,1.861714,0.038039,1.100000,98.333333,0.000000,0.000000,0.000000,0.000000,1.477561,0.954145,3.902922,0.139762,,1.100000
222.286902,hover,1.861714,0.038039,1.100000,98.333333,0.000000,0.000000,0.000000,0.000000,1.477561,0.954145,3.902922,0.139762,,1.100000
222.396340,hover,1.861714,0.038039,1.100000,98.333333,0.000000,0.000000,0.000000,0.000000,1.477561,0.954145,3.902922,0.139762,,1.100000
222.507022,hover,1.861714,0.038039,1.100000,98.333333,0.000000,0.000000,0.000000,0.000000,1.477561,0.954145,3.902922,0.139762,,1.100000
222.618639,hover,1.861714,0.038039,1.100000,98.333333,0.000000,0.000000,0.000000,0.000000,1.477561,0.954145,3.902922,0.139762,,1.100000
222.727048,hover,1.861714,0.038039,1.100000,98.333333,0.000000,0.000000,0.000000,0.000000,1.477561,0.954145,3.902922,0.139762,,1.100000
222.841903,hover,1.861714,0.038039,1.100000,98.333333,0.000000,0.000000,0.000000,0.000000,1.477561,0.954145,3.902922,0.139762,,1.100000
222.951228,hover,1.861714,0.038039,1.100000,98.333333,0.000000,0.000000,0.000000,0.000000,1.477561,0.954145,3.902922,0.139762,,1.100000
223.064587,hover,1.861714,0.038039,1.100000,98.333333,0.000000,0.000000,0.000000,0.000000,1.477561,0.954145,3.902922,0.139762,,1.100000
223.175475,hover,1.861714,0.038039,1.100000,98.333333,0.000000,0.000000,0.000000,0.000000,1.477561,0.954145,3.902922,0.139762,,1.100000
223.286753,hover,1.861714,0.038039,1.100000,98.333333,0.000000,0.000000,0.000000,0.000000,1.477561,0.954145,3.902922,0.139762,,1.100000
223.396040,hover,1.861714,0.038039,1.100000,98.333333,0.000000,0.000000,0.000000,0.000000,1.477561,0.954145,3.902922,0.139762,,1.100000
223.509492,hover,1.861714,0.038039,1.100000,98.333333,0.000000,0.000000,0.000000,0.000000,1.477561,0.954145,3.902922,0.139762,,1.100000
223.622716,hover,1.861714,0.038039,1.100000,98.333333,0.000000,0.000000,0.000000,0.000000,1.477561,0.954145,3.902922,0.139762,,1.100000
223.732886,hover,1.861714,0.038039,1.100000,98.333333,0.000000,0.000000,0.000000,0.000000,1.477561,0.954145,3.902922,0.139762,,1.100000
223.841052,hover,1.861714,0.038039,1.100000,98.333333,0.000000,0.000000,0.000000,0.000000,1.477561,0.954145,3.902922,0.139762,,1.100000
223.949593,hover,1.861714,0.038039,1.100000,98.333333,0.000000,0.000000,0.000000,0.000000,1.477561,0.954145,3.902922,0.139762,,1.100000
224.057716,hover,1.861714,0.038039,1.100000,98.333333,0.000000,0.000000,0.000000,0.000000,1.477561,0.954145,3.902922,0.139762,,1.100000
224.165756,hover,1.861714,0.038039,1.100000,98.333333,0.000000,0.000000,0.000000,0.000000,1.477561,0.954145,3.902922,0.139762,,1.100000
224.274237,hover,1.861714,0.038039,1.100000,98.333333,0.000000,0.000000,0.000000,0.000000,1.477561,0.954145,3.902922,0.139762,,1.100000
224.384285,hover,1.861714,0.038039,1.100000,98.333333,0.000000,0.000000,0.000000,0.000000,1.477561,0.954145,3.902922,0.139762,,1.100000
224.492584,hover,1.861714,0.038039,1.100000,98.333333,0.000000,0.000000,0.000000,0.000000,1.477561,0.954145,3.902922,0.139762,,1.100000
224.610926,hover,1.861714,0.038039,1.100000,98.333333,0.000000,0.000000,0.000000,0.000000,1.477561,0.954145,3.902922,0.139762,,1.100000
224.705446,hover,1.861714,0.038039,1.100000,98.333333,0.000000,0.000000,0.000000,0.000000,1.477561,0.954145,3.902922,0.139762,,1.100000
224.819355,hover,1.861714,0.038039,1.100000,98.333333,0.000000,0.000000,0.000000,0.000000,1.477561,0.954145,3.902922,0.139762,,1.100000
224.926163,hover,1.861714,0.038039,1.100000,98.333333,0.000000,0.000000,0.000000,0.000000,1.477561,0.954145,3.902922,0.139762,,1.100000
225.034516,hover,1.861714,0.038039,1.100000,98.333333,0.000000,0.000000,0.000000,0.000000,1.477561,0.954145,3.902922,0.139762,,1.100000
225.145426,hover,1.861714,0.038039,1.100000,98.333333,0.000000,0.000000,0.000000,0.000000,1.477561,0.954145,3.902922,0.139762,,1.100000
225.254470,hover,1.861714,0.038039,1.100000,98.333333,0.000000,0.000000,0.000000,0.000000,1.477561,0.954145,3.902922,0.139762,,1.100000
225.361919,hover,1.861714,0.038039,1.100000,98.333333,0.000000,0.000000,0.000000,0.000000,1.477561,0.954145,3.902922,0.139762,,1.100000
225.474076,hover,1.861714,0.038039,1.100000,98.333333,0.000000,0.000000,0.000000,0.000000,1.477561,0.954145,3.902922,0.139762,,1.100000
225.581226,hover,1.861714,0.038039,1.100000,98.333333,0.000000,0.000000,0.000000,0.000000,1.477561,0.954145,3.902922,0.139762,,1.100000
225.693379,hover,1.861714,0.038039,1.100000,98.333333,0.000000,0.000000,0.000000,0.000000,1.477561,0.954145,3.902922,0.139762,,1.100000
225.802662,hover,1.861714,0.038039,1.100000,98.333333,0.000000,0.000000,0.000000,0.000000,1.477561,0.954145,3.902922,0.139762,,1.100000
225.913955,hover,1.861714,0.038039,1.100000,98.333333,0.000000,0.000000,0.000000,0.000000,1.477561,0.954145,3.902922,0.139762,,1.100000
226.022341,hover,1.861714,0.038039,1.100000,98.333333,0.000000,0.000000,0.000000,0.000000,1.477561,0.954145,3.902922,0.139762,,1.100000
226.133328,hover,1.861714,0.038039,1.100000,98.333333,0.000000,0.000000,0.000000,0.000000,1.477561,0.954145,3.902922,0.139762,,1.100000
226.242083,hover,1.861714,0.038039,1.100000,98.333333,0.000000,0.000000,0.000000,0.000000,1.477561,0.954145,3.902922,0.139762,,1.100000
226.350749,hover,1.861714,0.038039,1.100000,98.333333,0.000000,0.000000,0.000000,0.000000,1.477561,0.954145,3.902922,0.139762,,1.100000
226.460859,hover,1.861714,0.038039,1.100000,98.333333,0.000000,0.000000,0.000000,0.000000,1.477561,0.954145,3.902922,0.139762,,1.100000
226.570140,hover,1.861714,0.038039,1.100000,98.333333,0.000000,0.000000,0.000000,0.000000,1.477561,0.954145,3.902922,0.139762,,1.100000
226.678486,hover,1.861714,0.038039,1.100000,98.333333,0.000000,0.000000,0.000000,0.000000,1.477561,0.954145,3.902922,0.139762,,1.100000
226.788849,hover,1.861714,0.038039,1.100000,98.333333,0.000000,0.000000,0.000000,0.000000,1.477561,0.954145,3.902922,0.139762,,1.100000
226.896680,hover,1.861714,0.038039,1.100000,98.333333,0.000000,0.000000,0.000000,0.000000,1.477561,0.954145,3.902922,0.139762,,1.100000
227.006991,hover,1.861714,0.038039,1.100000,98.333333,0.000000,0.000000,0.000000,0.000000,1.477561,0.954145,3.902922,0.139762,,1.100000
227.114850,hover,1.861714,0.038039,1.100000,98.333333,0.000000,0.000000,0.000000,0.000000,1.477561,0.954145,3.902922,0.139762,,1.100000
227.223450,hover,1.861714,0.038039,1.100000,98.333333,0.000000,0.000000,0.000000,0.000000,1.477561,0.954145,3.902922,0.139762,,1.100000
227.332513,hover,1.861714,0.038039,1.100000,98.333333,0.000000,0.000000,0.000000,0.000000,1.477561,0.954145,3.902922,0.139762,,1.100000
227.442319,hover,1.861714,0.038039,1.100000,98.333333,0.000000,0.000000,0.000000,0.000000,1.477561,0.954145,3.902922,0.139762,,1.100000
227.548716,hover,1.861714,0.038039,1.100000,98.333333,0.000000,0.000000,0.000000,0.000000,1.477561,0.954145,3.902922,0.139762,,1.100000
227.662645,hover,1.861714,0.038039,1.100000,98.333333,0.000000,0.000000,0.000000,0.000000,1.477561,0.954145,3.902922,0.139762,,1.100000
227.770207,hover,1.861714,0.038039,1.100000,98.333333,0.000000,0.000000,0.000000,0.000000,1.477561,0.954145,3.902922,0.139762,,1.100000
227.882675,hover,1.861714,0.038039,1.100000,98.333333,0.000000,0.000000,0.000000,0.000000,1.477561,0.954145,3.902922,0.139762,,1.100000
227.992307,hover,1.861714,0.038039,1.100000,98.333333,0.000000,0.000000,0.000000,0.000000,1.477561,0.954145,3.902922,0.139762,,1.100000
228.102099,hover,1.861714,0.038039,1.100000,98.333333,0.000000,0.000000,0.000000,0.000000,1.477561,0.954145,3.902922,0.139762,,1.100000
228.210105,hover,1.861714,0.038039,1.100000,98.333333,0.000000,0.000000,0.000000,0.000000,1.477561,0.954145,3.902922,0.139762,,1.100000
228.319331,hover,1.861714,0.038039,1.100000,98.333333,0.000000,0.000000,0.000000,0.000000,1.477561,0.954145,3.902922,0.139762,,1.100000
228.427295,hover,1.861714,0.038039,1.100000,98.333333,0.000000,0.000000,0.000000,0.000000,1.477561,0.954145,3.902922,0.139762,,1.100000
228.534786,hover,1.861714,0.038039,1.100000,98.333333,0.000000,0.000000,0.000000,0.000000,1.477561,0.954145,3.902922,0.139762,,1.100000
228.644595,hover,1.861714,0.038039,1.100000,98.333333,0.000000,0.000000,0.000000,0.000000,1.477561,0.954145,3.902922,0.139762,,1.100000
228.761951,hover,1.861714,0.038039,1.100000,98.333333,0.000000,0.000000,0.000000,0.000000,1.477561,0.954145,3.902922,0.139762,,1.100000
228.854838,hover,1.861714,0.038039,1.100000,98.333333,0.000000,0.000000,0.000000,0.000000,1.477561,0.954145,3.902922,0.139762,,1.100000
228.959780,hover,1.861714,0.038039,1.100000,98.333333,0.000000,0.000000,0.000000,0.000000,1.477561,0.954145,3.902922,0.139762,,1.100000
229.070095,hover,1.861714,0.038039,1.100000,98.333333,0.000000,0.000000,0.000000,0.000000,1.477561,0.954145,3.902922,0.139762,,1.100000
229.178627,hover,1.861714,0.038039,1.100000,98.333333,0.000000,0.000000,0.000000,0.000000,1.477561,0.954145,3.902922,0.139762,,1.100000
229.286693,hover,1.861714,0.038039,1.100000,98.333333,0.000000,0.000000,0.000000,0.000000,1.477561,0.954145,3.902922,0.139762,,1.100000
229.397854,hover,1.861714,0.038039,1.100000,98.333333,0.000000,0.000000,0.000000,0.000000,1.477561,0.954145,3.902922,0.139762,,1.100000
229.507404,hover,1.861714,0.038039,1.100000,98.333333,0.000000,0.000000,0.000000,0.000000,1.477561,0.954145,3.902922,0.139762,,1.100000
229.620087,hover,1.861714,0.038039,1.100000,98.333333,0.000000,0.000000,0.000000,0.000000,1.477561,0.954145,3.902922,0.139762,,1.100000
229.729685,hover,1.861714,0.038039,1.100000,98.333333,0.000000,0.000000,0.000000,0.000000,1.477561,0.954145,3.902922,0.139762,,1.100000
229.839197,hover,1.861714,0.038039,1.100000,98.333333,0.000000,0.000000,0.000000,0.000000,1.477561,0.954145,3.902922,0.139762,,1.100000
229.949080,hover,1.861714,0.038039,1.100000,98.333333,0.000000,0.000000,0.000000,0.000000,1.477561,0.954145,3.902922,0.139762,,1.100000
230.061849,hover,1.861714,0.038039,1.100000,98.333333,0.000000,0.000000,0.000000,0.000000,1.477561,0.954145,3.902922,0.139762,,1.100000
230.170694,hover,1.861714,0.038039,1.100000,98.333333,0.000000,0.000000,0.000000,0.000000,1.477561,0.954145,3.902922,0.139762,,1.100000
230.278678,hover,1.861714,0.038039,1.100000,98.333333,0.000000,0.000000,0.000000,0.000000,1.477561,0.954145,3.902922,0.139762,,1.100000
230.387701,hover,1.861714,0.038039,1.100000,98.333333,0.000000,0.000000,0.000000,0.000000,1.477561,0.954145,3.902922,0.139762,,1.100000
230.495658,hover,1.861714,0.038039,1.100000,98.333333,0.000000,0.000000,0.000000,0.000000,1.477561,0.954145,3.902922,0.139762,,1.100000
230.605355,hover,1.861714,0.038039,1.100000,98.333333,0.000000,0.000000,0.000000,0.000000,1.477561,0.954145,3.902922,0.139762,,1.100000
230.724042,hover,1.861714,0.038039,1.100000,98.333333,0.000000,0.000000,0.000000,0.000000,1.477561,0.954145,3.902922,0.139762,,1.100000
230.817375,hover,1.861714,0.038039,1.100000,98.333333,0.000000,0.000000,0.000000,0.000000,1.477561,0.954145,3.902922,0.139762,,1.100000
230.929863,hover,1.861714,0.038039,1.100000,98.333333,0.000000,0.000000,0.000000,0.000000,1.477561,0.954145,3.902922,0.139762,,1.100000
231.040898,hover,1.861714,0.038039,1.100000,98.333333,0.000000,0.000000,0.000000,0.000000,1.477561,0.954145,3.902922,0.139762,,1.100000
231.149155,hover,1.861714,0.038039,1.100000,98.333333,0.000000,0.000000,0.000000,0.000000,1.477561,0.954145,3.902922,0.139762,,1.100000
231.258867,hover,1.861714,0.038039,1.100000,98.333333,0.000000,0.000000,0.000000,0.000000,1.477561,0.954145,3.902922,0.139762,,1.100000
231.370708,hover,1.861714,0.038039,1.100000,98.333333,0.000000,0.000000,0.000000,0.000000,1.477561,0.954145,3.902922,0.139762,,1.100000
231.482116,hover,1.861714,0.038039,1.100000,98.333333,0.000000,0.000000,0.000000,0.000000,1.477561,0.954145,3.902922,0.139762,,1.100000
231.596238,hover,1.861714,0.038039,1.100000,98.333333,0.000000,0.000000,0.000000,0.000000,1.477561,0.954145,3.902922,0.139762,,1.100000
231.708881,hover,1.861714,0.038039,1.100000,98.333333,0.000000,0.000000,0.000000,0.000000,1.477561,0.954145,3.902922,0.139762,,1.100000
231.817459,hover,1.861714,0.038039,1.100000,98.333333,0.000000,0.000000,0.000000,0.000000,1.477561,0.954145,3.902922,0.139762,,1.100000
231.930136,hover,1.861714,0.038039,1.100000,98.333333,0.000000,0.000000,0.000000,0.000000,1.477561,0.954145,3.902922,0.139762,,1.100000
232.040210,hover,1.861714,0.038039,1.100000,98.333333,0.000000,0.000000,0.000000,0.000000,1.477561,0.954145,3.902922,0.139762,,1.100000
232.149198,hover,1.861714,0.038039,1.100000,98.333333,0.000000,0.000000,0.000000,0.000000,1.477561,0.954145,3.902922,0.139762,,1.100000
232.259068,hover,1.861714,0.038039,1.100000,98.333333,0.000000,0.000000,0.000000,0.000000,1.477561,0.954145,3.902922,0.139762,,1.100000
232.370837,hover,1.861714,0.038039,1.100000,98.333333,0.000000,0.000000,0.000000,0.000000,1.477561,0.954145,3.902922,0.139762,,1.100000
232.482107,hover,1.861714,0.038039,1.100000,98.333333,0.000000,0.000000,0.000000,0.000000,1.477561,0.954145,3.902922,0.139762,,1.100000
232.590209,hover,1.861714,0.038039,1.100000,98.333333,0.000000,0.000000,0.000000,0.000000,1.477561,0.954145,3.902922,0.139762,,1.100000
232.700988,hover,1.861714,0.038039,1.100000,98.333333,0.000000,0.000000,0.000000,0.000000,1.477561,0.954145,3.902922,0.139762,,1.100000
232.808196,hover,1.861714,0.038039,1.100000,98.333333,0.000000,0.000000,0.000000,0.000000,1.477561,0.954145,3.902922,0.139762,,1.100000
232.916855,hover,1.861714,0.038039,1.100000,98.333333,0.000000,0.000000,0.000000,0.000000,1.477561,0.954145,3.902922,0.139762,,1.100000
233.025231,hover,1.861714,0.038039,1.100000,98.333333,0.000000,0.000000,0.000000,0.000000,1.477561,0.954145,3.902922,0.139762,,1.100000
233.133905,hover,1.861714,0.038039,1.100000,98.333333,0.000000,0.000000,0.000000,0.000000,1.477561,0.954145,3.902922,0.139762,,1.100000
233.244167,hover,1.861714,0.038039,1.100000,98.333333,0.000000,0.000000,0.000000,0.000000,1.477561,0.954145,3.902922,0.139762,,1.100000
233.354741,hover,1.861714,0.038039,1.100000,98.333333,0.000000,0.000000,0.000000,0.000000,1.477561,0.954145,3.902922,0.139762,,1.100000
233.467945,hover,1.861714,0.038039,1.100000,98.333333,0.000000,0.000000,0.000000,0.000000,1.477561,0.954145,3.902922,0.139762,,1.100000
233.577633,hover,1.861714,0.038039,1.100000,98.333333,0.000000,0.000000,0.000000,0.000000,1.477561,0.954145,3.902922,0.139762,,1.100000
233.689146,hover,1.861714,0.038039,1.100000,98.333333,0.000000,0.000000,0.000000,0.000000,1.477561,0.954145,3.902922,0.139762,,1.100000
233.798730,hover,1.861714,0.038039,1.100000,98.333333,0.000000,0.000000,0.000000,0.000000,1.477561,0.954145,3.902922,0.139762,,1.100000
233.906375,hover,1.861714,0.038039,1.100000,98.333333,0.000000,0.000000,0.000000,0.000000,1.477561,0.954145,3.902922,0.139762,,1.100000
234.023895,hover,1.861714,0.038039,1.100000,98.333333,0.000000,0.000000,0.000000,0.000000,1.477561,0.954145,3.902922,0.139762,,1.100000
234.120876,hover,1.861714,0.038039,1.100000,98.333333,0.000000,0.000000,0.000000,0.000000,1.477561,0.954145,3.902922,0.139762,,1.100000
234.238194,hover,1.861714,0.038039,1.100000,98.333333,0.000000,0.000000,0.000000,0.000000,1.477561,0.954145,3.902922,0.139762,,1.100000
234.339602,hover,1.861714,0.038039,1.100000,98.333333,0.000000,0.000000,0.000000,0.000000,1.477561,0.954145,3.902922,0.139762,,1.100000
234.438020,hover,1.861714,0.038039,1.100000,98.333333,0.000000,0.000000,0.000000,0.000000,1.477561,0.954145,3.902922,0.139762,,1.100000
234.561017,hover,1.861714,0.038039,1.100000,98.333333,0.000000,0.000000,0.000000,0.000000,1.477561,0.954145,3.902922,0.139762,,1.100000
234.665060,hover,1.861714,0.038039,1.100000,98.333333,0.000000,0.000000,0.000000,0.000000,1.477561,0.954145,3.902922,0.139762,,1.100000
234.767709,hover,1.861714,0.038039,1.100000,98.333333,0.000000,0.000000,0.000000,0.000000,1.477561,0.954145,3.902922,0.139762,,1.100000
234.868002,hover,1.861714,0.038039,1.100000,98.333333,0.000000,0.000000,0.000000,0.000000,1.477561,0.954145,3.902922,0.139762,,1.100000
234.968882,hover,1.861714,0.038039,1.100000,98.333333,0.000000,0.000000,0.000000,0.000000,1.477561,0.954145,3.902922,0.139762,,1.100000
235.076697,hover,1.861714,0.038039,1.100000,98.333333,0.000000,0.000000,0.000000,0.000000,1.477561,0.954145,3.902922,0.139762,,1.100000
235.142243,hover,1.861714,0.038039,1.100000,98.333333,0.000000,0.000000,0.000000,0.000000,1.477561,0.954145,3.902922,0.139762,,1.100000
